2026-04-25 16:37:06.339 [warning] Using default string since no string found in i18n bundle that has the key: Remote branch at {0}
2026-04-25 16:37:06.340 [warning] Using default string since no string found in i18n bundle that has the key: remote branches
2026-04-25 16:37:06.340 [warning] Using default string since no string found in i18n bundle that has the key: Remote branch at {0}
2026-04-25 16:37:06.340 [warning] Using default string since no string found in i18n bundle that has the key: remote branches
2026-04-25 16:37:06.340 [warning] Using default string since no string found in i18n bundle that has the key: Remote branch at {0}
2026-04-25 16:37:06.340 [warning] Using default string since no string found in i18n bundle that has the key: remote branches
2026-04-25 16:37:06.340 [warning] Using default string since no string found in i18n bundle that has the key: Remote branch at {0}
2026-04-25 16:37:06.340 [warning] Using default string since no string found in i18n bundle that has the key: remote branches
2026-04-25 16:37:06.340 [warning] Using default string since no string found in i18n bundle that has the key: Remote branch at {0}
2026-04-25 16:37:06.340 [warning] Using default string since no string found in i18n bundle that has the key: remote branches
2026-04-25 16:37:06.340 [warning] Using default string since no string found in i18n bundle that has the key: Remote branch at {0}
2026-04-25 16:37:06.340 [warning] Using default string since no string found in i18n bundle that has the key: remote branches
2026-04-25 16:37:06.340 [warning] Using default string since no string found in i18n bundle that has the key: Remote branch at {0}
2026-04-25 16:37:06.340 [warning] Using default string since no string found in i18n bundle that has the key: remote branches
2026-04-25 16:37:06.340 [warning] Using default string since no string found in i18n bundle that has the key: Remote branch at {0}
2026-04-25 16:37:06.340 [warning] Using default string since no string found in i18n bundle that has the key: remote branches
2026-04-25 16:37:06.340 [warning] Using default string since no string found in i18n bundle that has the key: Remote branch at {0}
2026-04-25 16:37:06.340 [warning] Using default string since no string found in i18n bundle that has the key: remote branches
2026-04-25 16:37:06.340 [warning] Using default string since no string found in i18n bundle that has the key: Remote branch at {0}
2026-04-25 16:37:06.340 [warning] Using default string since no string found in i18n bundle that has the key: remote branches
2026-04-25 16:37:06.340 [warning] Using default string since no string found in i18n bundle that has the key: Tag at {0}
2026-04-25 16:37:06.340 [warning] Using default string since no string found in i18n bundle that has the key: tags
2026-04-25 16:37:06.340 [warning] Using default string since no string found in i18n bundle that has the key: Tag at {0}
2026-04-25 16:37:06.340 [warning] Using default string since no string found in i18n bundle that has the key: tags
2026-04-25 16:37:06.340 [warning] Using default string since no string found in i18n bundle that has the key: Remote branch at {0}
2026-04-25 16:37:06.340 [warning] Using default string since no string found in i18n bundle that has the key: remote branches
2026-04-25 16:37:06.340 [warning] Using default string since no string found in i18n bundle that has the key: Remote branch at {0}
2026-04-25 16:37:06.340 [warning] Using default string since no string found in i18n bundle that has the key: remote branches
2026-04-25 16:37:06.340 [warning] Using default string since no string found in i18n bundle that has the key: Remote branch at {0}
2026-04-25 16:37:06.340 [warning] Using default string since no string found in i18n bundle that has the key: remote branches
2026-04-25 16:37:06.340 [warning] Using default string since no string found in i18n bundle that has the key: Remote branch at {0}
2026-04-25 16:37:06.340 [warning] Using default string since no string found in i18n bundle that has the key: remote branches
2026-04-25 16:37:06.340 [warning] Using default string since no string found in i18n bundle that has the key: Remote branch at {0}
2026-04-25 16:37:06.340 [warning] Using default string since no string found in i18n bundle that has the key: remote branches
2026-04-25 16:37:06.340 [warning] Using default string since no string found in i18n bundle that has the key: Remote branch at {0}
2026-04-25 16:37:06.340 [warning] Using default string since no string found in i18n bundle that has the key: remote branches
2026-04-25 16:37:06.340 [warning] Using default string since no string found in i18n bundle that has the key: Tag at {0}
2026-04-25 16:37:06.340 [warning] Using default string since no string found in i18n bundle that has the key: tags
2026-04-25 16:37:06.340 [warning] Using default string since no string found in i18n bundle that has the key: Remote branch at {0}
2026-04-25 16:37:06.340 [warning] Using default string since no string found in i18n bundle that has the key: remote branches
2026-04-25 16:37:06.340 [warning] Using default string since no string found in i18n bundle that has the key: Remote branch at {0}
2026-04-25 16:37:06.340 [warning] Using default string since no string found in i18n bundle that has the key: remote branches
2026-04-25 16:37:06.340 [warning] Using default string since no string found in i18n bundle that has the key: Remote branch at {0}
2026-04-25 16:37:06.340 [warning] Using default string since no string found in i18n bundle that has the key: remote branches
2026-04-25 16:37:06.340 [warning] Using default string since no string found in i18n bundle that has the key: Remote branch at {0}
2026-04-25 16:37:06.340 [warning] Using default string since no string found in i18n bundle that has the key: remote branches
2026-04-25 16:37:06.340 [warning] Using default string since no string found in i18n bundle that has the key: Remote branch at {0}
2026-04-25 16:37:06.340 [warning] Using default string since no string found in i18n bundle that has the key: remote branches
2026-04-25 16:37:06.340 [warning] Using default string since no string found in i18n bundle that has the key: Remote branch at {0}
2026-04-25 16:37:06.340 [warning] Using default string since no string found in i18n bundle that has the key: remote branches
2026-04-25 16:37:06.340 [warning] Using default string since no string found in i18n bundle that has the key: Remote branch at {0}
2026-04-25 16:37:06.340 [warning] Using default string since no string found in i18n bundle that has the key: remote branches
2026-04-25 16:37:06.340 [warning] Using default string since no string found in i18n bundle that has the key: Remote branch at {0}
2026-04-25 16:37:06.340 [warning] Using default string since no string found in i18n bundle that has the key: remote branches
2026-04-25 16:37:06.340 [warning] Using default string since no string found in i18n bundle that has the key: Remote branch at {0}
2026-04-25 16:37:06.340 [warning] Using default string since no string found in i18n bundle that has the key: remote branches
2026-04-25 16:37:06.340 [warning] Using default string since no string found in i18n bundle that has the key: Remote branch at {0}
2026-04-25 16:37:06.340 [warning] Using default string since no string found in i18n bundle that has the key: remote branches
2026-04-25 16:37:06.340 [warning] Using default string since no string found in i18n bundle that has the key: Remote branch at {0}
2026-04-25 16:37:06.340 [warning] Using default string since no string found in i18n bundle that has the key: remote branches
2026-04-25 16:37:06.340 [warning] Using default string since no string found in i18n bundle that has the key: Tag at {0}
2026-04-25 16:37:06.340 [warning] Using default string since no string found in i18n bundle that has the key: tags
2026-04-25 16:37:06.340 [warning] Using default string since no string found in i18n bundle that has the key: Remote branch at {0}
2026-04-25 16:37:06.340 [warning] Using default string since no string found in i18n bundle that has the key: remote branches
2026-04-25 16:37:06.340 [warning] Using default string since no string found in i18n bundle that has the key: Remote branch at {0}
2026-04-25 16:37:06.340 [warning] Using default string since no string found in i18n bundle that has the key: remote branches
2026-04-25 16:37:06.340 [warning] Using default string since no string found in i18n bundle that has the key: Remote branch at {0}
2026-04-25 16:37:06.340 [warning] Using default string since no string found in i18n bundle that has the key: remote branches
2026-04-25 16:37:06.340 [warning] Using default string since no string found in i18n bundle that has the key: Remote branch at {0}
2026-04-25 16:37:06.340 [warning] Using default string since no string found in i18n bundle that has the key: remote branches
2026-04-25 16:37:06.340 [warning] Using default string since no string found in i18n bundle that has the key: Remote branch at {0}
2026-04-25 16:37:06.340 [warning] Using default string since no string found in i18n bundle that has the key: remote branches
2026-04-25 16:37:06.340 [warning] Using default string since no string found in i18n bundle that has the key: Remote branch at {0}
2026-04-25 16:37:06.340 [warning] Using default string since no string found in i18n bundle that has the key: remote branches
2026-04-25 16:37:06.340 [warning] Using default string since no string found in i18n bundle that has the key: Remote branch at {0}
2026-04-25 16:37:06.340 [warning] Using default string since no string found in i18n bundle that has the key: remote branches
2026-04-25 16:37:06.340 [warning] Using default string since no string found in i18n bundle that has the key: Remote branch at {0}
2026-04-25 16:37:06.340 [warning] Using default string since no string found in i18n bundle that has the key: remote branches
2026-04-25 16:37:06.340 [warning] Using default string since no string found in i18n bundle that has the key: Remote branch at {0}
2026-04-25 16:37:06.340 [warning] Using default string since no string found in i18n bundle that has the key: remote branches
2026-04-25 16:37:06.340 [warning] Using default string since no string found in i18n bundle that has the key: Tag at {0}
2026-04-25 16:37:06.340 [warning] Using default string since no string found in i18n bundle that has the key: tags
2026-04-25 16:37:06.340 [warning] Using default string since no string found in i18n bundle that has the key: Remote branch at {0}
2026-04-25 16:37:06.340 [warning] Using default string since no string found in i18n bundle that has the key: remote branches
2026-04-25 16:37:06.340 [warning] Using default string since no string found in i18n bundle that has the key: Remote branch at {0}
2026-04-25 16:37:06.340 [warning] Using default string since no string found in i18n bundle that has the key: remote branches
2026-04-25 16:37:06.340 [warning] Using default string since no string found in i18n bundle that has the key: Tag at {0}
2026-04-25 16:37:06.340 [warning] Using default string since no string found in i18n bundle that has the key: tags
2026-04-25 16:37:06.340 [warning] Using default string since no string found in i18n bundle that has the key: Remote branch at {0}
2026-04-25 16:37:06.340 [warning] Using default string since no string found in i18n bundle that has the key: remote branches
2026-04-25 16:37:06.340 [warning] Using default string since no string found in i18n bundle that has the key: Remote branch at {0}
2026-04-25 16:37:06.340 [warning] Using default string since no string found in i18n bundle that has the key: remote branches
2026-04-25 16:37:06.340 [warning] Using default string since no string found in i18n bundle that has the key: Remote branch at {0}
2026-04-25 16:37:06.340 [warning] Using default string since no string found in i18n bundle that has the key: remote branches
2026-04-25 16:37:06.340 [warning] Using default string since no string found in i18n bundle that has the key: Remote branch at {0}
2026-04-25 16:37:06.340 [warning] Using default string since no string found in i18n bundle that has the key: remote branches
2026-04-25 16:37:06.340 [warning] Using default string since no string found in i18n bundle that has the key: Remote branch at {0}
2026-04-25 16:37:06.340 [warning] Using default string since no string found in i18n bundle that has the key: remote branches
2026-04-25 16:37:06.340 [warning] Using default string since no string found in i18n bundle that has the key: Remote branch at {0}
2026-04-25 16:37:06.340 [warning] Using default string since no string found in i18n bundle that has the key: remote branches
2026-04-25 16:37:06.340 [warning] Using default string since no string found in i18n bundle that has the key: Tag at {0}
2026-04-25 16:37:06.340 [warning] Using default string since no string found in i18n bundle that has the key: tags
2026-04-25 16:37:06.340 [warning] Using default string since no string found in i18n bundle that has the key: Remote branch at {0}
2026-04-25 16:37:06.340 [warning] Using default string since no string found in i18n bundle that has the key: remote branches
2026-04-25 16:37:06.340 [warning] Using default string since no string found in i18n bundle that has the key: Remote branch at {0}
2026-04-25 16:37:06.340 [warning] Using default string since no string found in i18n bundle that has the key: remote branches
2026-04-25 16:37:06.340 [warning] Using default string since no string found in i18n bundle that has the key: Remote branch at {0}
2026-04-25 16:37:06.340 [warning] Using default string since no string found in i18n bundle that has the key: remote branches
2026-04-25 16:37:06.340 [warning] Using default string since no string found in i18n bundle that has the key: Remote branch at {0}
2026-04-25 16:37:06.340 [warning] Using default string since no string found in i18n bundle that has the key: remote branches
2026-04-25 16:37:06.340 [warning] Using default string since no string found in i18n bundle that has the key: Remote branch at {0}
2026-04-25 16:37:06.340 [warning] Using default string since no string found in i18n bundle that has the key: remote branches
2026-04-25 16:37:06.340 [warning] Using default string since no string found in i18n bundle that has the key: Remote branch at {0}
2026-04-25 16:37:06.340 [warning] Using default string since no string found in i18n bundle that has the key: remote branches
2026-04-25 16:37:06.340 [warning] Using default string since no string found in i18n bundle that has the key: Remote branch at {0}
2026-04-25 16:37:06.340 [warning] Using default string since no string found in i18n bundle that has the key: remote branches
2026-04-25 16:37:06.340 [warning] Using default string since no string found in i18n bundle that has the key: Tag at {0}
2026-04-25 16:37:06.340 [warning] Using default string since no string found in i18n bundle that has the key: tags
2026-04-25 16:37:06.340 [warning] Using default string since no string found in i18n bundle that has the key: Remote branch at {0}
2026-04-25 16:37:06.340 [warning] Using default string since no string found in i18n bundle that has the key: remote branches
2026-04-25 16:37:06.340 [warning] Using default string since no string found in i18n bundle that has the key: Tag at {0}
2026-04-25 16:37:06.340 [warning] Using default string since no string found in i18n bundle that has the key: tags
2026-04-25 16:37:06.340 [warning] Using default string since no string found in i18n bundle that has the key: Remote branch at {0}
2026-04-25 16:37:06.340 [warning] Using default string since no string found in i18n bundle that has the key: remote branches
2026-04-25 16:37:06.340 [warning] Using default string since no string found in i18n bundle that has the key: Remote branch at {0}
2026-04-25 16:37:06.340 [warning] Using default string since no string found in i18n bundle that has the key: remote branches
2026-04-25 16:37:06.340 [warning] Using default string since no string found in i18n bundle that has the key: Remote branch at {0}
2026-04-25 16:37:06.340 [warning] Using default string since no string found in i18n bundle that has the key: remote branches
2026-04-25 16:37:06.340 [warning] Using default string since no string found in i18n bundle that has the key: Remote branch at {0}
2026-04-25 16:37:06.340 [warning] Using default string since no string found in i18n bundle that has the key: remote branches
2026-04-25 16:37:06.340 [warning] Using default string since no string found in i18n bundle that has the key: Remote branch at {0}
2026-04-25 16:37:06.340 [warning] Using default string since no string found in i18n bundle that has the key: remote branches
2026-04-25 16:37:06.340 [warning] Using default string since no string found in i18n bundle that has the key: Remote branch at {0}
2026-04-25 16:37:06.340 [warning] Using default string since no string found in i18n bundle that has the key: remote branches
2026-04-25 16:37:06.340 [warning] Using default string since no string found in i18n bundle that has the key: Remote branch at {0}
2026-04-25 16:37:06.340 [warning] Using default string since no string found in i18n bundle that has the key: remote branches
2026-04-25 16:37:06.340 [warning] Using default string since no string found in i18n bundle that has the key: Remote branch at {0}
2026-04-25 16:37:06.340 [warning] Using default string since no string found in i18n bundle that has the key: remote branches
2026-04-25 16:37:06.340 [warning] Using default string since no string found in i18n bundle that has the key: Remote branch at {0}
2026-04-25 16:37:06.340 [warning] Using default string since no string found in i18n bundle that has the key: remote branches
2026-04-25 16:37:06.340 [warning] Using default string since no string found in i18n bundle that has the key: Remote branch at {0}
2026-04-25 16:37:06.340 [warning] Using default string since no string found in i18n bundle that has the key: remote branches
2026-04-25 16:37:06.340 [warning] Using default string since no string found in i18n bundle that has the key: Remote branch at {0}
2026-04-25 16:37:06.340 [warning] Using default string since no string found in i18n bundle that has the key: remote branches
2026-04-25 16:37:06.340 [warning] Using default string since no string found in i18n bundle that has the key: Remote branch at {0}
2026-04-25 16:37:06.340 [warning] Using default string since no string found in i18n bundle that has the key: remote branches
2026-04-25 16:37:06.340 [warning] Using default string since no string found in i18n bundle that has the key: Remote branch at {0}
2026-04-25 16:37:06.340 [warning] Using default string since no string found in i18n bundle that has the key: remote branches
2026-04-25 16:37:06.340 [warning] Using default string since no string found in i18n bundle that has the key: Remote branch at {0}
2026-04-25 16:37:06.340 [warning] Using default string since no string found in i18n bundle that has the key: remote branches
2026-04-25 16:37:06.340 [warning] Using default string since no string found in i18n bundle that has the key: Remote branch at {0}
2026-04-25 16:37:06.340 [warning] Using default string since no string found in i18n bundle that has the key: remote branches
2026-04-25 16:37:06.340 [warning] Using default string since no string found in i18n bundle that has the key: Remote branch at {0}
2026-04-25 16:37:06.340 [warning] Using default string since no string found in i18n bundle that has the key: remote branches
2026-04-25 16:37:06.340 [warning] Using default string since no string found in i18n bundle that has the key: Remote branch at {0}
2026-04-25 16:37:06.340 [warning] Using default string since no string found in i18n bundle that has the key: remote branches
2026-04-25 16:37:06.340 [warning] Using default string since no string found in i18n bundle that has the key: Remote branch at {0}
2026-04-25 16:37:06.340 [warning] Using default string since no string found in i18n bundle that has the key: remote branches
2026-04-25 16:37:06.340 [warning] Using default string since no string found in i18n bundle that has the key: Remote branch at {0}
2026-04-25 16:37:06.340 [warning] Using default string since no string found in i18n bundle that has the key: remote branches
2026-04-25 16:37:06.340 [warning] Using default string since no string found in i18n bundle that has the key: Remote branch at {0}
2026-04-25 16:37:06.340 [warning] Using default string since no string found in i18n bundle that has the key: remote branches
2026-04-25 16:37:06.340 [warning] Using default string since no string found in i18n bundle that has the key: Tag at {0}
2026-04-25 16:37:06.340 [warning] Using default string since no string found in i18n bundle that has the key: tags
2026-04-25 16:37:06.340 [warning] Using default string since no string found in i18n bundle that has the key: Remote branch at {0}
2026-04-25 16:37:06.340 [warning] Using default string since no string found in i18n bundle that has the key: remote branches
2026-04-25 16:37:06.340 [warning] Using default string since no string found in i18n bundle that has the key: Remote branch at {0}
2026-04-25 16:37:06.340 [warning] Using default string since no string found in i18n bundle that has the key: remote branches
2026-04-25 16:37:06.340 [warning] Using default string since no string found in i18n bundle that has the key: Remote branch at {0}
2026-04-25 16:37:06.340 [warning] Using default string since no string found in i18n bundle that has the key: remote branches
2026-04-25 16:37:06.340 [warning] Using default string since no string found in i18n bundle that has the key: Remote branch at {0}
2026-04-25 16:37:06.340 [warning] Using default string since no string found in i18n bundle that has the key: remote branches
2026-04-25 16:37:06.340 [warning] Using default string since no string found in i18n bundle that has the key: Remote branch at {0}
2026-04-25 16:37:06.340 [warning] Using default string since no string found in i18n bundle that has the key: remote branches
2026-04-25 16:37:06.340 [warning] Using default string since no string found in i18n bundle that has the key: Tag at {0}
2026-04-25 16:37:06.340 [warning] Using default string since no string found in i18n bundle that has the key: tags
2026-04-25 16:37:06.340 [warning] Using default string since no string found in i18n bundle that has the key: Remote branch at {0}
2026-04-25 16:37:06.340 [warning] Using default string since no string found in i18n bundle that has the key: remote branches
2026-04-25 16:37:06.340 [warning] Using default string since no string found in i18n bundle that has the key: Tag at {0}
2026-04-25 16:37:06.340 [warning] Using default string since no string found in i18n bundle that has the key: tags
2026-04-25 16:37:06.340 [warning] Using default string since no string found in i18n bundle that has the key: Remote branch at {0}
2026-04-25 16:37:06.340 [warning] Using default string since no string found in i18n bundle that has the key: remote branches
2026-04-25 16:37:06.340 [warning] Using default string since no string found in i18n bundle that has the key: Remote branch at {0}
2026-04-25 16:37:06.340 [warning] Using default string since no string found in i18n bundle that has the key: remote branches
2026-04-25 16:37:06.340 [warning] Using default string since no string found in i18n bundle that has the key: Remote branch at {0}
2026-04-25 16:37:06.340 [warning] Using default string since no string found in i18n bundle that has the key: remote branches
2026-04-25 16:37:06.340 [warning] Using default string since no string found in i18n bundle that has the key: Remote branch at {0}
2026-04-25 16:37:06.340 [warning] Using default string since no string found in i18n bundle that has the key: remote branches
2026-04-25 16:37:06.340 [warning] Using default string since no string found in i18n bundle that has the key: Remote branch at {0}
2026-04-25 16:37:06.340 [warning] Using default string since no string found in i18n bundle that has the key: remote branches
2026-04-25 16:37:06.340 [warning] Using default string since no string found in i18n bundle that has the key: Remote branch at {0}
2026-04-25 16:37:06.340 [warning] Using default string since no string found in i18n bundle that has the key: remote branches
2026-04-25 16:37:06.340 [warning] Using default string since no string found in i18n bundle that has the key: Tag at {0}
2026-04-25 16:37:06.340 [warning] Using default string since no string found in i18n bundle that has the key: tags
2026-04-25 16:37:06.340 [warning] Using default string since no string found in i18n bundle that has the key: Remote branch at {0}
2026-04-25 16:37:06.340 [warning] Using default string since no string found in i18n bundle that has the key: remote branches
2026-04-25 16:37:06.340 [warning] Using default string since no string found in i18n bundle that has the key: Remote branch at {0}
2026-04-25 16:37:06.340 [warning] Using default string since no string found in i18n bundle that has the key: remote branches
2026-04-25 16:37:06.340 [warning] Using default string since no string found in i18n bundle that has the key: Remote branch at {0}
2026-04-25 16:37:06.340 [warning] Using default string since no string found in i18n bundle that has the key: remote branches
2026-04-25 16:37:06.340 [warning] Using default string since no string found in i18n bundle that has the key: Remote branch at {0}
2026-04-25 16:37:06.340 [warning] Using default string since no string found in i18n bundle that has the key: remote branches
2026-04-25 16:37:06.340 [warning] Using default string since no string found in i18n bundle that has the key: Remote branch at {0}
2026-04-25 16:37:06.340 [warning] Using default string since no string found in i18n bundle that has the key: remote branches
2026-04-25 16:37:06.340 [warning] Using default string since no string found in i18n bundle that has the key: Remote branch at {0}
2026-04-25 16:37:06.340 [warning] Using default string since no string found in i18n bundle that has the key: remote branches
2026-04-25 16:37:06.340 [warning] Using default string since no string found in i18n bundle that has the key: Remote branch at {0}
2026-04-25 16:37:06.340 [warning] Using default string since no string found in i18n bundle that has the key: remote branches
2026-04-25 16:37:06.340 [warning] Using default string since no string found in i18n bundle that has the key: Tag at {0}
2026-04-25 16:37:06.340 [warning] Using default string since no string found in i18n bundle that has the key: tags
2026-04-25 16:37:06.340 [warning] Using default string since no string found in i18n bundle that has the key: Remote branch at {0}
2026-04-25 16:37:06.340 [warning] Using default string since no string found in i18n bundle that has the key: remote branches
2026-04-25 16:37:06.340 [warning] Using default string since no string found in i18n bundle that has the key: Remote branch at {0}
2026-04-25 16:37:06.340 [warning] Using default string since no string found in i18n bundle that has the key: remote branches
2026-04-25 16:37:06.340 [warning] Using default string since no string found in i18n bundle that has the key: Remote branch at {0}
2026-04-25 16:37:06.340 [warning] Using default string since no string found in i18n bundle that has the key: remote branches
2026-04-25 16:37:06.340 [warning] Using default string since no string found in i18n bundle that has the key: Remote branch at {0}
2026-04-25 16:37:06.340 [warning] Using default string since no string found in i18n bundle that has the key: remote branches
2026-04-25 16:37:06.340 [warning] Using default string since no string found in i18n bundle that has the key: Remote branch at {0}
2026-04-25 16:37:06.340 [warning] Using default string since no string found in i18n bundle that has the key: remote branches
2026-04-25 16:37:06.340 [warning] Using default string since no string found in i18n bundle that has the key: Remote branch at {0}
2026-04-25 16:37:06.340 [warning] Using default string since no string found in i18n bundle that has the key: remote branches
2026-04-25 16:37:06.340 [warning] Using default string since no string found in i18n bundle that has the key: Remote branch at {0}
2026-04-25 16:37:06.340 [warning] Using default string since no string found in i18n bundle that has the key: remote branches
2026-04-25 16:37:06.340 [warning] Using default string since no string found in i18n bundle that has the key: Remote branch at {0}
2026-04-25 16:37:06.340 [warning] Using default string since no string found in i18n bundle that has the key: remote branches
2026-04-25 16:37:06.340 [warning] Using default string since no string found in i18n bundle that has the key: Remote branch at {0}
2026-04-25 16:37:06.340 [warning] Using default string since no string found in i18n bundle that has the key: remote branches
2026-04-25 16:37:06.340 [warning] Using default string since no string found in i18n bundle that has the key: Remote branch at {0}
2026-04-25 16:37:06.340 [warning] Using default string since no string found in i18n bundle that has the key: remote branches
2026-04-25 16:37:06.340 [warning] Using default string since no string found in i18n bundle that has the key: Tag at {0}
2026-04-25 16:37:06.340 [warning] Using default string since no string found in i18n bundle that has the key: tags
2026-04-25 16:37:06.340 [warning] Using default string since no string found in i18n bundle that has the key: Tag at {0}
2026-04-25 16:37:06.340 [warning] Using default string since no string found in i18n bundle that has the key: tags
2026-04-25 16:37:06.340 [warning] Using default string since no string found in i18n bundle that has the key: Tag at {0}
2026-04-25 16:37:06.340 [warning] Using default string since no string found in i18n bundle that has the key: tags
2026-04-25 16:37:06.340 [warning] Using default string since no string found in i18n bundle that has the key: Remote branch at {0}
2026-04-25 16:37:06.340 [warning] Using default string since no string found in i18n bundle that has the key: remote branches
2026-04-25 16:37:06.340 [warning] Using default string since no string found in i18n bundle that has the key: Remote branch at {0}
2026-04-25 16:37:06.340 [warning] Using default string since no string found in i18n bundle that has the key: remote branches
2026-04-25 16:37:06.340 [warning] Using default string since no string found in i18n bundle that has the key: Remote branch at {0}
2026-04-25 16:37:06.340 [warning] Using default string since no string found in i18n bundle that has the key: remote branches
2026-04-25 16:37:06.340 [warning] Using default string since no string found in i18n bundle that has the key: Remote branch at {0}
2026-04-25 16:37:06.340 [warning] Using default string since no string found in i18n bundle that has the key: remote branches
2026-04-25 16:37:06.340 [warning] Using default string since no string found in i18n bundle that has the key: Remote branch at {0}
2026-04-25 16:37:06.340 [warning] Using default string since no string found in i18n bundle that has the key: remote branches
2026-04-25 16:37:06.340 [warning] Using default string since no string found in i18n bundle that has the key: Remote branch at {0}
2026-04-25 16:37:06.340 [warning] Using default string since no string found in i18n bundle that has the key: remote branches
2026-04-25 16:37:06.340 [warning] Using default string since no string found in i18n bundle that has the key: Remote branch at {0}
2026-04-25 16:37:06.341 [warning] Using default string since no string found in i18n bundle that has the key: remote branches
2026-04-25 16:37:06.341 [warning] Using default string since no string found in i18n bundle that has the key: Remote branch at {0}
2026-04-25 16:37:06.341 [warning] Using default string since no string found in i18n bundle that has the key: remote branches
2026-04-25 16:37:06.341 [warning] Using default string since no string found in i18n bundle that has the key: Remote branch at {0}
2026-04-25 16:37:06.341 [warning] Using default string since no string found in i18n bundle that has the key: remote branches
2026-04-25 16:37:06.341 [warning] Using default string since no string found in i18n bundle that has the key: Remote branch at {0}
2026-04-25 16:37:06.341 [warning] Using default string since no string found in i18n bundle that has the key: remote branches
2026-04-25 16:37:06.341 [warning] Using default string since no string found in i18n bundle that has the key: Remote branch at {0}
2026-04-25 16:37:06.341 [warning] Using default string since no string found in i18n bundle that has the key: remote branches
2026-04-25 16:37:06.341 [warning] Using default string since no string found in i18n bundle that has the key: Remote branch at {0}
2026-04-25 16:37:06.341 [warning] Using default string since no string found in i18n bundle that has the key: remote branches
2026-04-25 16:37:06.341 [warning] Using default string since no string found in i18n bundle that has the key: Remote branch at {0}
2026-04-25 16:37:06.341 [warning] Using default string since no string found in i18n bundle that has the key: remote branches
2026-04-25 16:37:06.341 [warning] Using default string since no string found in i18n bundle that has the key: Remote branch at {0}
2026-04-25 16:37:06.341 [warning] Using default string since no string found in i18n bundle that has the key: remote branches
2026-04-25 16:37:06.341 [warning] Using default string since no string found in i18n bundle that has the key: Remote branch at {0}
2026-04-25 16:37:06.341 [warning] Using default string since no string found in i18n bundle that has the key: remote branches
2026-04-25 16:37:06.341 [warning] Using default string since no string found in i18n bundle that has the key: Remote branch at {0}
2026-04-25 16:37:06.341 [warning] Using default string since no string found in i18n bundle that has the key: remote branches
2026-04-25 16:37:06.341 [warning] Using default string since no string found in i18n bundle that has the key: Remote branch at {0}
2026-04-25 16:37:06.341 [warning] Using default string since no string found in i18n bundle that has the key: remote branches
2026-04-25 16:37:06.341 [warning] Using default string since no string found in i18n bundle that has the key: Remote branch at {0}
2026-04-25 16:37:06.341 [warning] Using default string since no string found in i18n bundle that has the key: remote branches
2026-04-25 16:37:06.341 [warning] Using default string since no string found in i18n bundle that has the key: Remote branch at {0}
2026-04-25 16:37:06.341 [warning] Using default string since no string found in i18n bundle that has the key: remote branches
2026-04-25 16:37:06.341 [warning] Using default string since no string found in i18n bundle that has the key: Remote branch at {0}
2026-04-25 16:37:06.341 [warning] Using default string since no string found in i18n bundle that has the key: remote branches
2026-04-25 16:37:06.341 [warning] Using default string since no string found in i18n bundle that has the key: Remote branch at {0}
2026-04-25 16:37:06.341 [warning] Using default string since no string found in i18n bundle that has the key: remote branches
2026-04-25 16:37:06.341 [warning] Using default string since no string found in i18n bundle that has the key: Remote branch at {0}
2026-04-25 16:37:06.341 [warning] Using default string since no string found in i18n bundle that has the key: remote branches
2026-04-25 16:37:06.341 [warning] Using default string since no string found in i18n bundle that has the key: Remote branch at {0}
2026-04-25 16:37:06.341 [warning] Using default string since no string found in i18n bundle that has the key: remote branches
2026-04-25 16:37:06.341 [warning] Using default string since no string found in i18n bundle that has the key: Remote branch at {0}
2026-04-25 16:37:06.341 [warning] Using default string since no string found in i18n bundle that has the key: remote branches
2026-04-25 16:37:06.341 [warning] Using default string since no string found in i18n bundle that has the key: Tag at {0}
2026-04-25 16:37:06.341 [warning] Using default string since no string found in i18n bundle that has the key: tags
2026-04-25 16:37:06.341 [warning] Using default string since no string found in i18n bundle that has the key: Remote branch at {0}
2026-04-25 16:37:06.341 [warning] Using default string since no string found in i18n bundle that has the key: remote branches
2026-04-25 16:37:06.341 [warning] Using default string since no string found in i18n bundle that has the key: Remote branch at {0}
2026-04-25 16:37:06.341 [warning] Using default string since no string found in i18n bundle that has the key: remote branches
2026-04-25 16:37:06.341 [warning] Using default string since no string found in i18n bundle that has the key: Tag at {0}
2026-04-25 16:37:06.341 [warning] Using default string since no string found in i18n bundle that has the key: tags
2026-04-25 16:37:06.341 [warning] Using default string since no string found in i18n bundle that has the key: Tag at {0}
2026-04-25 16:37:06.341 [warning] Using default string since no string found in i18n bundle that has the key: tags
2026-04-25 16:37:06.341 [warning] Using default string since no string found in i18n bundle that has the key: Remote branch at {0}
2026-04-25 16:37:06.341 [warning] Using default string since no string found in i18n bundle that has the key: remote branches
2026-04-25 16:37:06.341 [warning] Using default string since no string found in i18n bundle that has the key: Remote branch at {0}
2026-04-25 16:37:06.341 [warning] Using default string since no string found in i18n bundle that has the key: remote branches
2026-04-25 16:37:06.341 [warning] Using default string since no string found in i18n bundle that has the key: Remote branch at {0}
2026-04-25 16:37:06.341 [warning] Using default string since no string found in i18n bundle that has the key: remote branches
2026-04-25 16:37:06.341 [warning] Using default string since no string found in i18n bundle that has the key: Remote branch at {0}
2026-04-25 16:37:06.341 [warning] Using default string since no string found in i18n bundle that has the key: remote branches
2026-04-25 16:37:06.341 [warning] Using default string since no string found in i18n bundle that has the key: Remote branch at {0}
2026-04-25 16:37:06.341 [warning] Using default string since no string found in i18n bundle that has the key: remote branches
2026-04-25 16:37:06.341 [warning] Using default string since no string found in i18n bundle that has the key: Remote branch at {0}
2026-04-25 16:37:06.341 [warning] Using default string since no string found in i18n bundle that has the key: remote branches
2026-04-25 16:37:06.341 [warning] Using default string since no string found in i18n bundle that has the key: Remote branch at {0}
2026-04-25 16:37:06.341 [warning] Using default string since no string found in i18n bundle that has the key: remote branches
2026-04-25 16:37:06.341 [warning] Using default string since no string found in i18n bundle that has the key: Remote branch at {0}
2026-04-25 16:37:06.341 [warning] Using default string since no string found in i18n bundle that has the key: remote branches
2026-04-25 16:37:06.341 [warning] Using default string since no string found in i18n bundle that has the key: Remote branch at {0}
2026-04-25 16:37:06.341 [warning] Using default string since no string found in i18n bundle that has the key: remote branches
2026-04-25 16:37:06.341 [warning] Using default string since no string found in i18n bundle that has the key: Remote branch at {0}
2026-04-25 16:37:06.341 [warning] Using default string since no string found in i18n bundle that has the key: remote branches
2026-04-25 16:37:06.341 [warning] Using default string since no string found in i18n bundle that has the key: Remote branch at {0}
2026-04-25 16:37:06.341 [warning] Using default string since no string found in i18n bundle that has the key: remote branches
2026-04-25 16:37:06.341 [warning] Using default string since no string found in i18n bundle that has the key: Remote branch at {0}
2026-04-25 16:37:06.341 [warning] Using default string since no string found in i18n bundle that has the key: remote branches
2026-04-25 16:37:06.341 [warning] Using default string since no string found in i18n bundle that has the key: Remote branch at {0}
2026-04-25 16:37:06.341 [warning] Using default string since no string found in i18n bundle that has the key: remote branches
2026-04-25 16:37:06.341 [warning] Using default string since no string found in i18n bundle that has the key: Remote branch at {0}
2026-04-25 16:37:06.341 [warning] Using default string since no string found in i18n bundle that has the key: remote branches
2026-04-25 16:37:06.341 [warning] Using default string since no string found in i18n bundle that has the key: Remote branch at {0}
2026-04-25 16:37:06.341 [warning] Using default string since no string found in i18n bundle that has the key: remote branches
2026-04-25 16:37:06.341 [warning] Using default string since no string found in i18n bundle that has the key: Remote branch at {0}
2026-04-25 16:37:06.341 [warning] Using default string since no string found in i18n bundle that has the key: remote branches
2026-04-25 16:37:06.341 [warning] Using default string since no string found in i18n bundle that has the key: Remote branch at {0}
2026-04-25 16:37:06.341 [warning] Using default string since no string found in i18n bundle that has the key: remote branches
2026-04-25 16:37:06.341 [warning] Using default string since no string found in i18n bundle that has the key: Remote branch at {0}
2026-04-25 16:37:06.341 [warning] Using default string since no string found in i18n bundle that has the key: remote branches
2026-04-25 16:37:06.341 [warning] Using default string since no string found in i18n bundle that has the key: Remote branch at {0}
2026-04-25 16:37:06.341 [warning] Using default string since no string found in i18n bundle that has the key: remote branches
2026-04-25 16:37:06.341 [warning] Using default string since no string found in i18n bundle that has the key: Remote branch at {0}
2026-04-25 16:37:06.341 [warning] Using default string since no string found in i18n bundle that has the key: remote branches
2026-04-25 16:37:06.341 [warning] Using default string since no string found in i18n bundle that has the key: Remote branch at {0}
2026-04-25 16:37:06.341 [warning] Using default string since no string found in i18n bundle that has the key: remote branches
2026-04-25 16:37:06.341 [warning] Using default string since no string found in i18n bundle that has the key: Remote branch at {0}
2026-04-25 16:37:06.341 [warning] Using default string since no string found in i18n bundle that has the key: remote branches
2026-04-25 16:37:06.341 [warning] Using default string since no string found in i18n bundle that has the key: Remote branch at {0}
2026-04-25 16:37:06.341 [warning] Using default string since no string found in i18n bundle that has the key: remote branches
2026-04-25 16:37:06.341 [warning] Using default string since no string found in i18n bundle that has the key: Remote branch at {0}
2026-04-25 16:37:06.341 [warning] Using default string since no string found in i18n bundle that has the key: remote branches
2026-04-25 16:37:06.341 [warning] Using default string since no string found in i18n bundle that has the key: Remote branch at {0}
2026-04-25 16:37:06.341 [warning] Using default string since no string found in i18n bundle that has the key: remote branches
2026-04-25 16:37:06.341 [warning] Using default string since no string found in i18n bundle that has the key: Remote branch at {0}
2026-04-25 16:37:06.341 [warning] Using default string since no string found in i18n bundle that has the key: remote branches
2026-04-25 16:37:06.341 [warning] Using default string since no string found in i18n bundle that has the key: Remote branch at {0}
2026-04-25 16:37:06.341 [warning] Using default string since no string found in i18n bundle that has the key: remote branches
2026-04-25 16:37:06.341 [warning] Using default string since no string found in i18n bundle that has the key: Remote branch at {0}
2026-04-25 16:37:06.341 [warning] Using default string since no string found in i18n bundle that has the key: remote branches
2026-04-25 16:37:06.341 [warning] Using default string since no string found in i18n bundle that has the key: Tag at {0}
2026-04-25 16:37:06.341 [warning] Using default string since no string found in i18n bundle that has the key: tags
2026-04-25 16:37:06.341 [warning] Using default string since no string found in i18n bundle that has the key: Remote branch at {0}
2026-04-25 16:37:06.341 [warning] Using default string since no string found in i18n bundle that has the key: remote branches
2026-04-25 16:37:06.341 [warning] Using default string since no string found in i18n bundle that has the key: Remote branch at {0}
2026-04-25 16:37:06.341 [warning] Using default string since no string found in i18n bundle that has the key: remote branches
2026-04-25 16:37:06.341 [warning] Using default string since no string found in i18n bundle that has the key: Remote branch at {0}
2026-04-25 16:37:06.341 [warning] Using default string since no string found in i18n bundle that has the key: remote branches
2026-04-25 16:37:06.341 [warning] Using default string since no string found in i18n bundle that has the key: Remote branch at {0}
2026-04-25 16:37:06.341 [warning] Using default string since no string found in i18n bundle that has the key: remote branches
2026-04-25 16:37:06.341 [warning] Using default string since no string found in i18n bundle that has the key: Remote branch at {0}
2026-04-25 16:37:06.341 [warning] Using default string since no string found in i18n bundle that has the key: remote branches
2026-04-25 16:37:06.341 [warning] Using default string since no string found in i18n bundle that has the key: Remote branch at {0}
2026-04-25 16:37:06.341 [warning] Using default string since no string found in i18n bundle that has the key: remote branches
2026-04-25 16:37:06.341 [warning] Using default string since no string found in i18n bundle that has the key: Remote branch at {0}
2026-04-25 16:37:06.341 [warning] Using default string since no string found in i18n bundle that has the key: remote branches
2026-04-25 16:37:06.341 [warning] Using default string since no string found in i18n bundle that has the key: Remote branch at {0}
2026-04-25 16:37:06.341 [warning] Using default string since no string found in i18n bundle that has the key: remote branches
2026-04-25 16:37:06.341 [warning] Using default string since no string found in i18n bundle that has the key: Remote branch at {0}
2026-04-25 16:37:06.341 [warning] Using default string since no string found in i18n bundle that has the key: remote branches
2026-04-25 16:37:06.341 [warning] Using default string since no string found in i18n bundle that has the key: Remote branch at {0}
2026-04-25 16:37:06.341 [warning] Using default string since no string found in i18n bundle that has the key: remote branches
2026-04-25 16:37:06.341 [warning] Using default string since no string found in i18n bundle that has the key: Remote branch at {0}
2026-04-25 16:37:06.341 [warning] Using default string since no string found in i18n bundle that has the key: remote branches
2026-04-25 16:37:06.341 [warning] Using default string since no string found in i18n bundle that has the key: Remote branch at {0}
2026-04-25 16:37:06.341 [warning] Using default string since no string found in i18n bundle that has the key: remote branches
2026-04-25 16:37:06.341 [warning] Using default string since no string found in i18n bundle that has the key: Remote branch at {0}
2026-04-25 16:37:06.341 [warning] Using default string since no string found in i18n bundle that has the key: remote branches
2026-04-25 16:37:06.341 [warning] Using default string since no string found in i18n bundle that has the key: Remote branch at {0}
2026-04-25 16:37:06.341 [warning] Using default string since no string found in i18n bundle that has the key: remote branches
2026-04-25 16:37:06.341 [warning] Using default string since no string found in i18n bundle that has the key: Tag at {0}
2026-04-25 16:37:06.341 [warning] Using default string since no string found in i18n bundle that has the key: tags
2026-04-25 16:37:06.341 [warning] Using default string since no string found in i18n bundle that has the key: Remote branch at {0}
2026-04-25 16:37:06.341 [warning] Using default string since no string found in i18n bundle that has the key: remote branches
2026-04-25 16:37:06.341 [warning] Using default string since no string found in i18n bundle that has the key: Remote branch at {0}
2026-04-25 16:37:06.341 [warning] Using default string since no string found in i18n bundle that has the key: remote branches
2026-04-25 16:37:06.341 [warning] Using default string since no string found in i18n bundle that has the key: Remote branch at {0}
2026-04-25 16:37:06.341 [warning] Using default string since no string found in i18n bundle that has the key: remote branches
2026-04-25 16:37:06.341 [warning] Using default string since no string found in i18n bundle that has the key: Remote branch at {0}
2026-04-25 16:37:06.341 [warning] Using default string since no string found in i18n bundle that has the key: remote branches
2026-04-25 16:37:06.341 [warning] Using default string since no string found in i18n bundle that has the key: Tag at {0}
2026-04-25 16:37:06.341 [warning] Using default string since no string found in i18n bundle that has the key: tags
2026-04-25 16:37:06.341 [warning] Using default string since no string found in i18n bundle that has the key: Remote branch at {0}
2026-04-25 16:37:06.341 [warning] Using default string since no string found in i18n bundle that has the key: remote branches
2026-04-25 16:37:06.341 [warning] Using default string since no string found in i18n bundle that has the key: Remote branch at {0}
2026-04-25 16:37:06.341 [warning] Using default string since no string found in i18n bundle that has the key: remote branches
2026-04-25 16:37:06.341 [warning] Using default string since no string found in i18n bundle that has the key: Remote branch at {0}
2026-04-25 16:37:06.341 [warning] Using default string since no string found in i18n bundle that has the key: remote branches
2026-04-25 16:37:06.341 [warning] Using default string since no string found in i18n bundle that has the key: Remote branch at {0}
2026-04-25 16:37:06.341 [warning] Using default string since no string found in i18n bundle that has the key: remote branches
2026-04-25 16:37:06.341 [warning] Using default string since no string found in i18n bundle that has the key: Remote branch at {0}
2026-04-25 16:37:06.341 [warning] Using default string since no string found in i18n bundle that has the key: remote branches
2026-04-25 16:37:06.341 [warning] Using default string since no string found in i18n bundle that has the key: Tag at {0}
2026-04-25 16:37:06.341 [warning] Using default string since no string found in i18n bundle that has the key: tags
2026-04-25 16:37:06.341 [warning] Using default string since no string found in i18n bundle that has the key: Remote branch at {0}
2026-04-25 16:37:06.341 [warning] Using default string since no string found in i18n bundle that has the key: remote branches
2026-04-25 16:37:06.341 [warning] Using default string since no string found in i18n bundle that has the key: Remote branch at {0}
2026-04-25 16:37:06.341 [warning] Using default string since no string found in i18n bundle that has the key: remote branches
2026-04-25 16:37:06.341 [warning] Using default string since no string found in i18n bundle that has the key: Remote branch at {0}
2026-04-25 16:37:06.341 [warning] Using default string since no string found in i18n bundle that has the key: remote branches
2026-04-25 16:37:06.341 [warning] Using default string since no string found in i18n bundle that has the key: Remote branch at {0}
2026-04-25 16:37:06.341 [warning] Using default string since no string found in i18n bundle that has the key: remote branches
2026-04-25 16:37:06.341 [warning] Using default string since no string found in i18n bundle that has the key: Remote branch at {0}
2026-04-25 16:37:06.341 [warning] Using default string since no string found in i18n bundle that has the key: remote branches
2026-04-25 16:37:06.341 [warning] Using default string since no string found in i18n bundle that has the key: Remote branch at {0}
2026-04-25 16:37:06.341 [warning] Using default string since no string found in i18n bundle that has the key: remote branches
2026-04-25 16:37:06.341 [warning] Using default string since no string found in i18n bundle that has the key: Remote branch at {0}
2026-04-25 16:37:06.341 [warning] Using default string since no string found in i18n bundle that has the key: remote branches
2026-04-25 16:37:06.341 [warning] Using default string since no string found in i18n bundle that has the key: Remote branch at {0}
2026-04-25 16:37:06.341 [warning] Using default string since no string found in i18n bundle that has the key: remote branches
2026-04-25 16:37:06.341 [warning] Using default string since no string found in i18n bundle that has the key: Remote branch at {0}
2026-04-25 16:37:06.341 [warning] Using default string since no string found in i18n bundle that has the key: remote branches
2026-04-25 16:37:06.341 [warning] Using default string since no string found in i18n bundle that has the key: Remote branch at {0}
2026-04-25 16:37:06.341 [warning] Using default string since no string found in i18n bundle that has the key: remote branches
2026-04-25 16:37:06.341 [warning] Using default string since no string found in i18n bundle that has the key: Tag at {0}
2026-04-25 16:37:06.341 [warning] Using default string since no string found in i18n bundle that has the key: tags
2026-04-25 16:37:06.341 [warning] Using default string since no string found in i18n bundle that has the key: Remote branch at {0}
2026-04-25 16:37:06.341 [warning] Using default string since no string found in i18n bundle that has the key: remote branches
2026-04-25 16:37:06.341 [warning] Using default string since no string found in i18n bundle that has the key: Remote branch at {0}
2026-04-25 16:37:06.341 [warning] Using default string since no string found in i18n bundle that has the key: remote branches
2026-04-25 16:37:06.341 [warning] Using default string since no string found in i18n bundle that has the key: Remote branch at {0}
2026-04-25 16:37:06.341 [warning] Using default string since no string found in i18n bundle that has the key: remote branches
2026-04-25 16:37:06.341 [warning] Using default string since no string found in i18n bundle that has the key: Remote branch at {0}
2026-04-25 16:37:06.341 [warning] Using default string since no string found in i18n bundle that has the key: remote branches
2026-04-25 16:37:06.341 [warning] Using default string since no string found in i18n bundle that has the key: Remote branch at {0}
2026-04-25 16:37:06.341 [warning] Using default string since no string found in i18n bundle that has the key: remote branches
2026-04-25 16:37:06.341 [warning] Using default string since no string found in i18n bundle that has the key: Remote branch at {0}
2026-04-25 16:37:06.341 [warning] Using default string since no string found in i18n bundle that has the key: remote branches
2026-04-25 16:37:06.341 [warning] Using default string since no string found in i18n bundle that has the key: Remote branch at {0}
2026-04-25 16:37:06.341 [warning] Using default string since no string found in i18n bundle that has the key: remote branches
2026-04-25 16:37:06.341 [warning] Using default string since no string found in i18n bundle that has the key: Tag at {0}
2026-04-25 16:37:06.341 [warning] Using default string since no string found in i18n bundle that has the key: tags
2026-04-25 16:37:06.341 [warning] Using default string since no string found in i18n bundle that has the key: Remote branch at {0}
2026-04-25 16:37:06.341 [warning] Using default string since no string found in i18n bundle that has the key: remote branches
2026-04-25 16:37:06.341 [warning] Using default string since no string found in i18n bundle that has the key: Remote branch at {0}
2026-04-25 16:37:06.341 [warning] Using default string since no string found in i18n bundle that has the key: remote branches
2026-04-25 16:37:06.341 [warning] Using default string since no string found in i18n bundle that has the key: Remote branch at {0}
2026-04-25 16:37:06.341 [warning] Using default string since no string found in i18n bundle that has the key: remote branches
2026-04-25 16:37:06.341 [warning] Using default string since no string found in i18n bundle that has the key: Remote branch at {0}
2026-04-25 16:37:06.341 [warning] Using default string since no string found in i18n bundle that has the key: remote branches
2026-04-25 16:37:06.341 [warning] Using default string since no string found in i18n bundle that has the key: Remote branch at {0}
2026-04-25 16:37:06.341 [warning] Using default string since no string found in i18n bundle that has the key: remote branches
2026-04-25 16:37:06.341 [warning] Using default string since no string found in i18n bundle that has the key: Remote branch at {0}
2026-04-25 16:37:06.341 [warning] Using default string since no string found in i18n bundle that has the key: remote branches
2026-04-25 16:37:06.341 [warning] Using default string since no string found in i18n bundle that has the key: Remote branch at {0}
2026-04-25 16:37:06.341 [warning] Using default string since no string found in i18n bundle that has the key: remote branches
2026-04-25 16:37:06.341 [warning] Using default string since no string found in i18n bundle that has the key: Remote branch at {0}
2026-04-25 16:37:06.341 [warning] Using default string since no string found in i18n bundle that has the key: remote branches
2026-04-25 16:37:06.341 [warning] Using default string since no string found in i18n bundle that has the key: Remote branch at {0}
2026-04-25 16:37:06.341 [warning] Using default string since no string found in i18n bundle that has the key: remote branches
2026-04-25 16:37:06.341 [warning] Using default string since no string found in i18n bundle that has the key: Remote branch at {0}
2026-04-25 16:37:06.341 [warning] Using default string since no string found in i18n bundle that has the key: remote branches
2026-04-25 16:37:06.341 [warning] Using default string since no string found in i18n bundle that has the key: Remote branch at {0}
2026-04-25 16:37:06.341 [warning] Using default string since no string found in i18n bundle that has the key: remote branches
2026-04-25 16:37:06.341 [warning] Using default string since no string found in i18n bundle that has the key: Remote branch at {0}
2026-04-25 16:37:06.341 [warning] Using default string since no string found in i18n bundle that has the key: remote branches
2026-04-25 16:37:06.341 [warning] Using default string since no string found in i18n bundle that has the key: Remote branch at {0}
2026-04-25 16:37:06.341 [warning] Using default string since no string found in i18n bundle that has the key: remote branches
2026-04-25 16:37:06.341 [warning] Using default string since no string found in i18n bundle that has the key: Remote branch at {0}
2026-04-25 16:37:06.341 [warning] Using default string since no string found in i18n bundle that has the key: remote branches
2026-04-25 16:37:06.341 [warning] Using default string since no string found in i18n bundle that has the key: Remote branch at {0}
2026-04-25 16:37:06.341 [warning] Using default string since no string found in i18n bundle that has the key: remote branches
2026-04-25 16:37:06.341 [warning] Using default string since no string found in i18n bundle that has the key: Remote branch at {0}
2026-04-25 16:37:06.341 [warning] Using default string since no string found in i18n bundle that has the key: remote branches
2026-04-25 16:37:06.341 [warning] Using default string since no string found in i18n bundle that has the key: Remote branch at {0}
2026-04-25 16:37:06.341 [warning] Using default string since no string found in i18n bundle that has the key: remote branches
2026-04-25 16:37:06.341 [warning] Using default string since no string found in i18n bundle that has the key: Remote branch at {0}
2026-04-25 16:37:06.341 [warning] Using default string since no string found in i18n bundle that has the key: remote branches
2026-04-25 16:37:06.341 [warning] Using default string since no string found in i18n bundle that has the key: Remote branch at {0}
2026-04-25 16:37:06.341 [warning] Using default string since no string found in i18n bundle that has the key: remote branches
2026-04-25 16:37:06.341 [warning] Using default string since no string found in i18n bundle that has the key: Remote branch at {0}
2026-04-25 16:37:06.341 [warning] Using default string since no string found in i18n bundle that has the key: remote branches
2026-04-25 16:37:06.341 [warning] Using default string since no string found in i18n bundle that has the key: Remote branch at {0}
2026-04-25 16:37:06.341 [warning] Using default string since no string found in i18n bundle that has the key: remote branches
2026-04-25 16:37:06.341 [warning] Using default string since no string found in i18n bundle that has the key: Remote branch at {0}
2026-04-25 16:37:06.341 [warning] Using default string since no string found in i18n bundle that has the key: remote branches
2026-04-25 16:37:06.341 [warning] Using default string since no string found in i18n bundle that has the key: Remote branch at {0}
2026-04-25 16:37:06.341 [warning] Using default string since no string found in i18n bundle that has the key: remote branches
2026-04-25 16:37:06.341 [warning] Using default string since no string found in i18n bundle that has the key: Remote branch at {0}
2026-04-25 16:37:06.341 [warning] Using default string since no string found in i18n bundle that has the key: remote branches
2026-04-25 16:37:06.341 [warning] Using default string since no string found in i18n bundle that has the key: Remote branch at {0}
2026-04-25 16:37:06.341 [warning] Using default string since no string found in i18n bundle that has the key: remote branches
2026-04-25 16:37:06.341 [warning] Using default string since no string found in i18n bundle that has the key: Remote branch at {0}
2026-04-25 16:37:06.341 [warning] Using default string since no string found in i18n bundle that has the key: remote branches
2026-04-25 16:37:06.341 [warning] Using default string since no string found in i18n bundle that has the key: Remote branch at {0}
2026-04-25 16:37:06.341 [warning] Using default string since no string found in i18n bundle that has the key: remote branches
2026-04-25 16:37:06.341 [warning] Using default string since no string found in i18n bundle that has the key: Tag at {0}
2026-04-25 16:37:06.341 [warning] Using default string since no string found in i18n bundle that has the key: tags
2026-04-25 16:37:06.341 [warning] Using default string since no string found in i18n bundle that has the key: Remote branch at {0}
2026-04-25 16:37:06.341 [warning] Using default string since no string found in i18n bundle that has the key: remote branches
2026-04-25 16:37:06.342 [warning] Using default string since no string found in i18n bundle that has the key: Remote branch at {0}
2026-04-25 16:37:06.342 [warning] Using default string since no string found in i18n bundle that has the key: remote branches
2026-04-25 16:37:06.342 [warning] Using default string since no string found in i18n bundle that has the key: Remote branch at {0}
2026-04-25 16:37:06.342 [warning] Using default string since no string found in i18n bundle that has the key: remote branches
2026-04-25 16:37:06.342 [warning] Using default string since no string found in i18n bundle that has the key: Remote branch at {0}
2026-04-25 16:37:06.342 [warning] Using default string since no string found in i18n bundle that has the key: remote branches
2026-04-25 16:37:06.342 [warning] Using default string since no string found in i18n bundle that has the key: Remote branch at {0}
2026-04-25 16:37:06.342 [warning] Using default string since no string found in i18n bundle that has the key: remote branches
2026-04-25 16:37:06.342 [warning] Using default string since no string found in i18n bundle that has the key: Remote branch at {0}
2026-04-25 16:37:06.342 [warning] Using default string since no string found in i18n bundle that has the key: remote branches
2026-04-25 16:37:06.342 [warning] Using default string since no string found in i18n bundle that has the key: Remote branch at {0}
2026-04-25 16:37:06.342 [warning] Using default string since no string found in i18n bundle that has the key: remote branches
2026-04-25 16:37:06.342 [warning] Using default string since no string found in i18n bundle that has the key: Remote branch at {0}
2026-04-25 16:37:06.342 [warning] Using default string since no string found in i18n bundle that has the key: remote branches
2026-04-25 16:37:06.342 [warning] Using default string since no string found in i18n bundle that has the key: Remote branch at {0}
2026-04-25 16:37:06.342 [warning] Using default string since no string found in i18n bundle that has the key: remote branches
2026-04-25 16:37:06.342 [warning] Using default string since no string found in i18n bundle that has the key: Tag at {0}
2026-04-25 16:37:06.342 [warning] Using default string since no string found in i18n bundle that has the key: tags
2026-04-25 16:37:06.342 [warning] Using default string since no string found in i18n bundle that has the key: Remote branch at {0}
2026-04-25 16:37:06.342 [warning] Using default string since no string found in i18n bundle that has the key: remote branches
2026-04-25 16:37:06.342 [warning] Using default string since no string found in i18n bundle that has the key: Remote branch at {0}
2026-04-25 16:37:06.342 [warning] Using default string since no string found in i18n bundle that has the key: remote branches
2026-04-25 16:37:06.342 [warning] Using default string since no string found in i18n bundle that has the key: Remote branch at {0}
2026-04-25 16:37:06.342 [warning] Using default string since no string found in i18n bundle that has the key: remote branches
2026-04-25 16:37:06.342 [warning] Using default string since no string found in i18n bundle that has the key: Remote branch at {0}
2026-04-25 16:37:06.342 [warning] Using default string since no string found in i18n bundle that has the key: remote branches
2026-04-25 16:37:06.342 [warning] Using default string since no string found in i18n bundle that has the key: Remote branch at {0}
2026-04-25 16:37:06.342 [warning] Using default string since no string found in i18n bundle that has the key: remote branches
2026-04-25 16:37:06.342 [warning] Using default string since no string found in i18n bundle that has the key: Tag at {0}
2026-04-25 16:37:06.342 [warning] Using default string since no string found in i18n bundle that has the key: tags
2026-04-25 16:37:06.342 [warning] Using default string since no string found in i18n bundle that has the key: Remote branch at {0}
2026-04-25 16:37:06.342 [warning] Using default string since no string found in i18n bundle that has the key: remote branches
2026-04-25 16:37:06.342 [warning] Using default string since no string found in i18n bundle that has the key: Remote branch at {0}
2026-04-25 16:37:06.342 [warning] Using default string since no string found in i18n bundle that has the key: remote branches
2026-04-25 16:37:06.342 [warning] Using default string since no string found in i18n bundle that has the key: Remote branch at {0}
2026-04-25 16:37:06.342 [warning] Using default string since no string found in i18n bundle that has the key: remote branches
2026-04-25 16:37:06.342 [warning] Using default string since no string found in i18n bundle that has the key: Remote branch at {0}
2026-04-25 16:37:06.342 [warning] Using default string since no string found in i18n bundle that has the key: remote branches
2026-04-25 16:37:06.342 [warning] Using default string since no string found in i18n bundle that has the key: Remote branch at {0}
2026-04-25 16:37:06.342 [warning] Using default string since no string found in i18n bundle that has the key: remote branches
2026-04-25 16:37:06.342 [warning] Using default string since no string found in i18n bundle that has the key: Remote branch at {0}
2026-04-25 16:37:06.342 [warning] Using default string since no string found in i18n bundle that has the key: remote branches
2026-04-25 16:37:06.342 [warning] Using default string since no string found in i18n bundle that has the key: Remote branch at {0}
2026-04-25 16:37:06.342 [warning] Using default string since no string found in i18n bundle that has the key: remote branches
2026-04-25 16:37:06.342 [warning] Using default string since no string found in i18n bundle that has the key: Remote branch at {0}
2026-04-25 16:37:06.342 [warning] Using default string since no string found in i18n bundle that has the key: remote branches
2026-04-25 16:37:06.342 [warning] Using default string since no string found in i18n bundle that has the key: Remote branch at {0}
2026-04-25 16:37:06.342 [warning] Using default string since no string found in i18n bundle that has the key: remote branches
2026-04-25 16:37:06.342 [warning] Using default string since no string found in i18n bundle that has the key: Remote branch at {0}
2026-04-25 16:37:06.342 [warning] Using default string since no string found in i18n bundle that has the key: remote branches
2026-04-25 16:37:06.342 [warning] Using default string since no string found in i18n bundle that has the key: Remote branch at {0}
2026-04-25 16:37:06.342 [warning] Using default string since no string found in i18n bundle that has the key: remote branches
2026-04-25 16:37:06.342 [warning] Using default string since no string found in i18n bundle that has the key: Remote branch at {0}
2026-04-25 16:37:06.342 [warning] Using default string since no string found in i18n bundle that has the key: remote branches
2026-04-25 16:37:06.342 [warning] Using default string since no string found in i18n bundle that has the key: Remote branch at {0}
2026-04-25 16:37:06.342 [warning] Using default string since no string found in i18n bundle that has the key: remote branches
2026-04-25 16:37:06.342 [warning] Using default string since no string found in i18n bundle that has the key: Remote branch at {0}
2026-04-25 16:37:06.342 [warning] Using default string since no string found in i18n bundle that has the key: remote branches
2026-04-25 16:37:06.342 [warning] Using default string since no string found in i18n bundle that has the key: Remote branch at {0}
2026-04-25 16:37:06.342 [warning] Using default string since no string found in i18n bundle that has the key: remote branches
2026-04-25 16:37:06.342 [warning] Using default string since no string found in i18n bundle that has the key: Remote branch at {0}
2026-04-25 16:37:06.342 [warning] Using default string since no string found in i18n bundle that has the key: remote branches
2026-04-25 16:37:06.342 [warning] Using default string since no string found in i18n bundle that has the key: Remote branch at {0}
2026-04-25 16:37:06.342 [warning] Using default string since no string found in i18n bundle that has the key: remote branches
2026-04-25 16:37:06.342 [warning] Using default string since no string found in i18n bundle that has the key: Remote branch at {0}
2026-04-25 16:37:06.342 [warning] Using default string since no string found in i18n bundle that has the key: remote branches
2026-04-25 16:37:06.342 [warning] Using default string since no string found in i18n bundle that has the key: Remote branch at {0}
2026-04-25 16:37:06.342 [warning] Using default string since no string found in i18n bundle that has the key: remote branches
2026-04-25 16:37:06.342 [warning] Using default string since no string found in i18n bundle that has the key: Remote branch at {0}
2026-04-25 16:37:06.342 [warning] Using default string since no string found in i18n bundle that has the key: remote branches
2026-04-25 16:37:06.342 [warning] Using default string since no string found in i18n bundle that has the key: Remote branch at {0}
2026-04-25 16:37:06.342 [warning] Using default string since no string found in i18n bundle that has the key: remote branches
2026-04-25 16:37:06.342 [warning] Using default string since no string found in i18n bundle that has the key: Remote branch at {0}
2026-04-25 16:37:06.342 [warning] Using default string since no string found in i18n bundle that has the key: remote branches
2026-04-25 16:37:06.342 [warning] Using default string since no string found in i18n bundle that has the key: Remote branch at {0}
2026-04-25 16:37:06.342 [warning] Using default string since no string found in i18n bundle that has the key: remote branches
2026-04-25 16:37:06.342 [warning] Using default string since no string found in i18n bundle that has the key: Remote branch at {0}
2026-04-25 16:37:06.342 [warning] Using default string since no string found in i18n bundle that has the key: remote branches
2026-04-25 16:37:06.342 [warning] Using default string since no string found in i18n bundle that has the key: Remote branch at {0}
2026-04-25 16:37:06.342 [warning] Using default string since no string found in i18n bundle that has the key: remote branches
2026-04-25 16:37:06.342 [warning] Using default string since no string found in i18n bundle that has the key: Remote branch at {0}
2026-04-25 16:37:06.342 [warning] Using default string since no string found in i18n bundle that has the key: remote branches
2026-04-25 16:37:06.342 [warning] Using default string since no string found in i18n bundle that has the key: Remote branch at {0}
2026-04-25 16:37:06.342 [warning] Using default string since no string found in i18n bundle that has the key: remote branches
2026-04-25 16:37:06.342 [warning] Using default string since no string found in i18n bundle that has the key: Remote branch at {0}
2026-04-25 16:37:06.342 [warning] Using default string since no string found in i18n bundle that has the key: remote branches
2026-04-25 16:37:06.342 [warning] Using default string since no string found in i18n bundle that has the key: Remote branch at {0}
2026-04-25 16:37:06.342 [warning] Using default string since no string found in i18n bundle that has the key: remote branches
2026-04-25 16:37:06.342 [warning] Using default string since no string found in i18n bundle that has the key: Remote branch at {0}
2026-04-25 16:37:06.342 [warning] Using default string since no string found in i18n bundle that has the key: remote branches
2026-04-25 16:37:06.342 [warning] Using default string since no string found in i18n bundle that has the key: Remote branch at {0}
2026-04-25 16:37:06.342 [warning] Using default string since no string found in i18n bundle that has the key: remote branches
2026-04-25 16:37:06.342 [warning] Using default string since no string found in i18n bundle that has the key: Remote branch at {0}
2026-04-25 16:37:06.342 [warning] Using default string since no string found in i18n bundle that has the key: remote branches
2026-04-25 16:37:06.342 [warning] Using default string since no string found in i18n bundle that has the key: Remote branch at {0}
2026-04-25 16:37:06.342 [warning] Using default string since no string found in i18n bundle that has the key: remote branches
2026-04-25 16:37:06.342 [warning] Using default string since no string found in i18n bundle that has the key: Remote branch at {0}
2026-04-25 16:37:06.342 [warning] Using default string since no string found in i18n bundle that has the key: remote branches
2026-04-25 16:37:06.342 [warning] Using default string since no string found in i18n bundle that has the key: Remote branch at {0}
2026-04-25 16:37:06.342 [warning] Using default string since no string found in i18n bundle that has the key: remote branches
2026-04-25 16:37:06.342 [warning] Using default string since no string found in i18n bundle that has the key: Remote branch at {0}
2026-04-25 16:37:06.342 [warning] Using default string since no string found in i18n bundle that has the key: remote branches
2026-04-25 16:37:06.342 [warning] Using default string since no string found in i18n bundle that has the key: Remote branch at {0}
2026-04-25 16:37:06.342 [warning] Using default string since no string found in i18n bundle that has the key: remote branches
2026-04-25 16:37:06.342 [warning] Using default string since no string found in i18n bundle that has the key: Remote branch at {0}
2026-04-25 16:37:06.342 [warning] Using default string since no string found in i18n bundle that has the key: remote branches
2026-04-25 16:37:06.342 [warning] Using default string since no string found in i18n bundle that has the key: Remote branch at {0}
2026-04-25 16:37:06.342 [warning] Using default string since no string found in i18n bundle that has the key: remote branches
2026-04-25 16:37:06.342 [warning] Using default string since no string found in i18n bundle that has the key: Remote branch at {0}
2026-04-25 16:37:06.342 [warning] Using default string since no string found in i18n bundle that has the key: remote branches
2026-04-25 16:37:06.342 [warning] Using default string since no string found in i18n bundle that has the key: Remote branch at {0}
2026-04-25 16:37:06.342 [warning] Using default string since no string found in i18n bundle that has the key: remote branches
2026-04-25 16:37:06.342 [warning] Using default string since no string found in i18n bundle that has the key: Remote branch at {0}
2026-04-25 16:37:06.342 [warning] Using default string since no string found in i18n bundle that has the key: remote branches
2026-04-25 16:37:06.342 [warning] Using default string since no string found in i18n bundle that has the key: Remote branch at {0}
2026-04-25 16:37:06.342 [warning] Using default string since no string found in i18n bundle that has the key: remote branches
2026-04-25 16:37:06.342 [warning] Using default string since no string found in i18n bundle that has the key: Remote branch at {0}
2026-04-25 16:37:06.342 [warning] Using default string since no string found in i18n bundle that has the key: remote branches
2026-04-25 16:37:06.342 [warning] Using default string since no string found in i18n bundle that has the key: Remote branch at {0}
2026-04-25 16:37:06.342 [warning] Using default string since no string found in i18n bundle that has the key: remote branches
2026-04-25 16:37:06.342 [warning] Using default string since no string found in i18n bundle that has the key: Tag at {0}
2026-04-25 16:37:06.342 [warning] Using default string since no string found in i18n bundle that has the key: tags
2026-04-25 16:37:06.342 [warning] Using default string since no string found in i18n bundle that has the key: Remote branch at {0}
2026-04-25 16:37:06.342 [warning] Using default string since no string found in i18n bundle that has the key: remote branches
2026-04-25 16:37:06.342 [warning] Using default string since no string found in i18n bundle that has the key: Remote branch at {0}
2026-04-25 16:37:06.342 [warning] Using default string since no string found in i18n bundle that has the key: remote branches
2026-04-25 16:37:06.342 [warning] Using default string since no string found in i18n bundle that has the key: Tag at {0}
2026-04-25 16:37:06.342 [warning] Using default string since no string found in i18n bundle that has the key: tags
2026-04-25 16:37:06.342 [warning] Using default string since no string found in i18n bundle that has the key: Remote branch at {0}
2026-04-25 16:37:06.342 [warning] Using default string since no string found in i18n bundle that has the key: remote branches
2026-04-25 16:37:06.342 [warning] Using default string since no string found in i18n bundle that has the key: Remote branch at {0}
2026-04-25 16:37:06.342 [warning] Using default string since no string found in i18n bundle that has the key: remote branches
2026-04-25 16:37:06.342 [warning] Using default string since no string found in i18n bundle that has the key: Tag at {0}
2026-04-25 16:37:06.342 [warning] Using default string since no string found in i18n bundle that has the key: tags
2026-04-25 16:37:06.342 [warning] Using default string since no string found in i18n bundle that has the key: Remote branch at {0}
2026-04-25 16:37:06.342 [warning] Using default string since no string found in i18n bundle that has the key: remote branches
2026-04-25 16:37:06.342 [warning] Using default string since no string found in i18n bundle that has the key: Remote branch at {0}
2026-04-25 16:37:06.342 [warning] Using default string since no string found in i18n bundle that has the key: remote branches
2026-04-25 16:37:06.342 [warning] Using default string since no string found in i18n bundle that has the key: Remote branch at {0}
2026-04-25 16:37:06.342 [warning] Using default string since no string found in i18n bundle that has the key: remote branches
2026-04-25 16:37:06.342 [warning] Using default string since no string found in i18n bundle that has the key: Remote branch at {0}
2026-04-25 16:37:06.342 [warning] Using default string since no string found in i18n bundle that has the key: remote branches
2026-04-25 16:37:06.342 [warning] Using default string since no string found in i18n bundle that has the key: Remote branch at {0}
2026-04-25 16:37:06.342 [warning] Using default string since no string found in i18n bundle that has the key: remote branches
2026-04-25 16:37:06.342 [warning] Using default string since no string found in i18n bundle that has the key: Remote branch at {0}
2026-04-25 16:37:06.342 [warning] Using default string since no string found in i18n bundle that has the key: remote branches
2026-04-25 16:37:06.342 [warning] Using default string since no string found in i18n bundle that has the key: Remote branch at {0}
2026-04-25 16:37:06.342 [warning] Using default string since no string found in i18n bundle that has the key: remote branches
2026-04-25 16:37:06.342 [warning] Using default string since no string found in i18n bundle that has the key: Remote branch at {0}
2026-04-25 16:37:06.342 [warning] Using default string since no string found in i18n bundle that has the key: remote branches
2026-04-25 16:37:06.342 [warning] Using default string since no string found in i18n bundle that has the key: Remote branch at {0}
2026-04-25 16:37:06.342 [warning] Using default string since no string found in i18n bundle that has the key: remote branches
2026-04-25 16:37:06.342 [warning] Using default string since no string found in i18n bundle that has the key: Remote branch at {0}
2026-04-25 16:37:06.342 [warning] Using default string since no string found in i18n bundle that has the key: remote branches
2026-04-25 16:37:06.342 [warning] Using default string since no string found in i18n bundle that has the key: Remote branch at {0}
2026-04-25 16:37:06.342 [warning] Using default string since no string found in i18n bundle that has the key: remote branches
2026-04-25 16:37:06.342 [warning] Using default string since no string found in i18n bundle that has the key: Remote branch at {0}
2026-04-25 16:37:06.342 [warning] Using default string since no string found in i18n bundle that has the key: remote branches
2026-04-25 16:37:06.342 [warning] Using default string since no string found in i18n bundle that has the key: Remote branch at {0}
2026-04-25 16:37:06.342 [warning] Using default string since no string found in i18n bundle that has the key: remote branches
2026-04-25 16:37:06.342 [warning] Using default string since no string found in i18n bundle that has the key: Remote branch at {0}
2026-04-25 16:37:06.342 [warning] Using default string since no string found in i18n bundle that has the key: remote branches
2026-04-25 16:37:06.342 [warning] Using default string since no string found in i18n bundle that has the key: Remote branch at {0}
2026-04-25 16:37:06.342 [warning] Using default string since no string found in i18n bundle that has the key: remote branches
2026-04-25 16:37:06.342 [warning] Using default string since no string found in i18n bundle that has the key: Remote branch at {0}
2026-04-25 16:37:06.342 [warning] Using default string since no string found in i18n bundle that has the key: remote branches
2026-04-25 16:37:06.342 [warning] Using default string since no string found in i18n bundle that has the key: Remote branch at {0}
2026-04-25 16:37:06.342 [warning] Using default string since no string found in i18n bundle that has the key: remote branches
2026-04-25 16:37:06.342 [warning] Using default string since no string found in i18n bundle that has the key: Tag at {0}
2026-04-25 16:37:06.342 [warning] Using default string since no string found in i18n bundle that has the key: tags
2026-04-25 16:37:06.342 [warning] Using default string since no string found in i18n bundle that has the key: Tag at {0}
2026-04-25 16:37:06.342 [warning] Using default string since no string found in i18n bundle that has the key: tags
2026-04-25 16:37:06.342 [warning] Using default string since no string found in i18n bundle that has the key: Remote branch at {0}
2026-04-25 16:37:06.342 [warning] Using default string since no string found in i18n bundle that has the key: remote branches
2026-04-25 16:37:06.342 [warning] Using default string since no string found in i18n bundle that has the key: Remote branch at {0}
2026-04-25 16:37:06.342 [warning] Using default string since no string found in i18n bundle that has the key: remote branches
2026-04-25 16:37:06.342 [warning] Using default string since no string found in i18n bundle that has the key: Remote branch at {0}
2026-04-25 16:37:06.342 [warning] Using default string since no string found in i18n bundle that has the key: remote branches
2026-04-25 16:37:06.342 [warning] Using default string since no string found in i18n bundle that has the key: Remote branch at {0}
2026-04-25 16:37:06.342 [warning] Using default string since no string found in i18n bundle that has the key: remote branches
2026-04-25 16:37:06.342 [warning] Using default string since no string found in i18n bundle that has the key: Remote branch at {0}
2026-04-25 16:37:06.342 [warning] Using default string since no string found in i18n bundle that has the key: remote branches
2026-04-25 16:37:06.342 [warning] Using default string since no string found in i18n bundle that has the key: Tag at {0}
2026-04-25 16:37:06.342 [warning] Using default string since no string found in i18n bundle that has the key: tags
2026-04-25 16:37:06.342 [warning] Using default string since no string found in i18n bundle that has the key: Remote branch at {0}
2026-04-25 16:37:06.342 [warning] Using default string since no string found in i18n bundle that has the key: remote branches
2026-04-25 16:37:06.342 [warning] Using default string since no string found in i18n bundle that has the key: Remote branch at {0}
2026-04-25 16:37:06.342 [warning] Using default string since no string found in i18n bundle that has the key: remote branches
2026-04-25 16:37:06.342 [warning] Using default string since no string found in i18n bundle that has the key: Remote branch at {0}
2026-04-25 16:37:06.342 [warning] Using default string since no string found in i18n bundle that has the key: remote branches
2026-04-25 16:37:06.342 [warning] Using default string since no string found in i18n bundle that has the key: Remote branch at {0}
2026-04-25 16:37:06.342 [warning] Using default string since no string found in i18n bundle that has the key: remote branches
2026-04-25 16:37:06.342 [warning] Using default string since no string found in i18n bundle that has the key: Remote branch at {0}
2026-04-25 16:37:06.342 [warning] Using default string since no string found in i18n bundle that has the key: remote branches
2026-04-25 16:37:06.342 [warning] Using default string since no string found in i18n bundle that has the key: Remote branch at {0}
2026-04-25 16:37:06.342 [warning] Using default string since no string found in i18n bundle that has the key: remote branches
2026-04-25 16:37:06.342 [warning] Using default string since no string found in i18n bundle that has the key: Tag at {0}
2026-04-25 16:37:06.342 [warning] Using default string since no string found in i18n bundle that has the key: tags
2026-04-25 16:37:06.342 [warning] Using default string since no string found in i18n bundle that has the key: Remote branch at {0}
2026-04-25 16:37:06.342 [warning] Using default string since no string found in i18n bundle that has the key: remote branches
2026-04-25 16:37:06.342 [warning] Using default string since no string found in i18n bundle that has the key: Remote branch at {0}
2026-04-25 16:37:06.342 [warning] Using default string since no string found in i18n bundle that has the key: remote branches
2026-04-25 16:37:06.342 [warning] Using default string since no string found in i18n bundle that has the key: Tag at {0}
2026-04-25 16:37:06.342 [warning] Using default string since no string found in i18n bundle that has the key: tags
2026-04-25 16:37:06.342 [warning] Using default string since no string found in i18n bundle that has the key: Remote branch at {0}
2026-04-25 16:37:06.342 [warning] Using default string since no string found in i18n bundle that has the key: remote branches
2026-04-25 16:37:06.342 [warning] Using default string since no string found in i18n bundle that has the key: Remote branch at {0}
2026-04-25 16:37:06.342 [warning] Using default string since no string found in i18n bundle that has the key: remote branches
2026-04-25 16:37:06.342 [warning] Using default string since no string found in i18n bundle that has the key: Remote branch at {0}
2026-04-25 16:37:06.342 [warning] Using default string since no string found in i18n bundle that has the key: remote branches
2026-04-25 16:37:06.342 [warning] Using default string since no string found in i18n bundle that has the key: Remote branch at {0}
2026-04-25 16:37:06.342 [warning] Using default string since no string found in i18n bundle that has the key: remote branches
2026-04-25 16:37:06.342 [warning] Using default string since no string found in i18n bundle that has the key: Tag at {0}
2026-04-25 16:37:06.342 [warning] Using default string since no string found in i18n bundle that has the key: tags
2026-04-25 16:37:06.342 [warning] Using default string since no string found in i18n bundle that has the key: Remote branch at {0}
2026-04-25 16:37:06.342 [warning] Using default string since no string found in i18n bundle that has the key: remote branches
2026-04-25 16:37:06.342 [warning] Using default string since no string found in i18n bundle that has the key: Remote branch at {0}
2026-04-25 16:37:06.342 [warning] Using default string since no string found in i18n bundle that has the key: remote branches
2026-04-25 16:37:06.342 [warning] Using default string since no string found in i18n bundle that has the key: Remote branch at {0}
2026-04-25 16:37:06.342 [warning] Using default string since no string found in i18n bundle that has the key: remote branches
2026-04-25 16:37:06.342 [warning] Using default string since no string found in i18n bundle that has the key: Remote branch at {0}
2026-04-25 16:37:06.342 [warning] Using default string since no string found in i18n bundle that has the key: remote branches
2026-04-25 16:37:06.342 [warning] Using default string since no string found in i18n bundle that has the key: Remote branch at {0}
2026-04-25 16:37:06.342 [warning] Using default string since no string found in i18n bundle that has the key: remote branches
2026-04-25 16:37:06.342 [warning] Using default string since no string found in i18n bundle that has the key: Remote branch at {0}
2026-04-25 16:37:06.342 [warning] Using default string since no string found in i18n bundle that has the key: remote branches
2026-04-25 16:37:06.342 [warning] Using default string since no string found in i18n bundle that has the key: Remote branch at {0}
2026-04-25 16:37:06.342 [warning] Using default string since no string found in i18n bundle that has the key: remote branches
2026-04-25 16:37:06.342 [warning] Using default string since no string found in i18n bundle that has the key: Tag at {0}
2026-04-25 16:37:06.342 [warning] Using default string since no string found in i18n bundle that has the key: tags
2026-04-25 16:37:06.342 [warning] Using default string since no string found in i18n bundle that has the key: Remote branch at {0}
2026-04-25 16:37:06.342 [warning] Using default string since no string found in i18n bundle that has the key: remote branches
2026-04-25 16:37:06.342 [warning] Using default string since no string found in i18n bundle that has the key: Remote branch at {0}
2026-04-25 16:37:06.342 [warning] Using default string since no string found in i18n bundle that has the key: remote branches
2026-04-25 16:37:06.343 [warning] Using default string since no string found in i18n bundle that has the key: Remote branch at {0}
2026-04-25 16:37:06.343 [warning] Using default string since no string found in i18n bundle that has the key: remote branches
2026-04-25 16:37:06.343 [warning] Using default string since no string found in i18n bundle that has the key: Remote branch at {0}
2026-04-25 16:37:06.343 [warning] Using default string since no string found in i18n bundle that has the key: remote branches
2026-04-25 16:37:06.343 [warning] Using default string since no string found in i18n bundle that has the key: Remote branch at {0}
2026-04-25 16:37:06.343 [warning] Using default string since no string found in i18n bundle that has the key: remote branches
2026-04-25 16:37:06.343 [warning] Using default string since no string found in i18n bundle that has the key: Tag at {0}
2026-04-25 16:37:06.343 [warning] Using default string since no string found in i18n bundle that has the key: tags
2026-04-25 16:37:06.343 [warning] Using default string since no string found in i18n bundle that has the key: Tag at {0}
2026-04-25 16:37:06.343 [warning] Using default string since no string found in i18n bundle that has the key: tags
2026-04-25 16:37:06.343 [warning] Using default string since no string found in i18n bundle that has the key: Remote branch at {0}
2026-04-25 16:37:06.343 [warning] Using default string since no string found in i18n bundle that has the key: remote branches
2026-04-25 16:37:06.343 [warning] Using default string since no string found in i18n bundle that has the key: Remote branch at {0}
2026-04-25 16:37:06.343 [warning] Using default string since no string found in i18n bundle that has the key: remote branches
2026-04-25 16:37:06.343 [warning] Using default string since no string found in i18n bundle that has the key: Remote branch at {0}
2026-04-25 16:37:06.343 [warning] Using default string since no string found in i18n bundle that has the key: remote branches
2026-04-25 16:37:06.343 [warning] Using default string since no string found in i18n bundle that has the key: Remote branch at {0}
2026-04-25 16:37:06.343 [warning] Using default string since no string found in i18n bundle that has the key: remote branches
2026-04-25 16:37:06.343 [warning] Using default string since no string found in i18n bundle that has the key: Remote branch at {0}
2026-04-25 16:37:06.343 [warning] Using default string since no string found in i18n bundle that has the key: remote branches
2026-04-25 16:37:06.343 [warning] Using default string since no string found in i18n bundle that has the key: Remote branch at {0}
2026-04-25 16:37:06.343 [warning] Using default string since no string found in i18n bundle that has the key: remote branches
2026-04-25 16:37:06.343 [warning] Using default string since no string found in i18n bundle that has the key: Remote branch at {0}
2026-04-25 16:37:06.343 [warning] Using default string since no string found in i18n bundle that has the key: remote branches
2026-04-25 16:37:06.343 [warning] Using default string since no string found in i18n bundle that has the key: Remote branch at {0}
2026-04-25 16:37:06.343 [warning] Using default string since no string found in i18n bundle that has the key: remote branches
2026-04-25 16:37:06.343 [warning] Using default string since no string found in i18n bundle that has the key: Tag at {0}
2026-04-25 16:37:06.343 [warning] Using default string since no string found in i18n bundle that has the key: tags
2026-04-25 16:37:06.343 [warning] Using default string since no string found in i18n bundle that has the key: Remote branch at {0}
2026-04-25 16:37:06.343 [warning] Using default string since no string found in i18n bundle that has the key: remote branches
2026-04-25 16:37:06.343 [warning] Using default string since no string found in i18n bundle that has the key: Remote branch at {0}
2026-04-25 16:37:06.343 [warning] Using default string since no string found in i18n bundle that has the key: remote branches
2026-04-25 16:37:06.343 [warning] Using default string since no string found in i18n bundle that has the key: Remote branch at {0}
2026-04-25 16:37:06.343 [warning] Using default string since no string found in i18n bundle that has the key: remote branches
2026-04-25 16:37:06.343 [warning] Using default string since no string found in i18n bundle that has the key: Remote branch at {0}
2026-04-25 16:37:06.343 [warning] Using default string since no string found in i18n bundle that has the key: remote branches
2026-04-25 16:37:06.343 [warning] Using default string since no string found in i18n bundle that has the key: Remote branch at {0}
2026-04-25 16:37:06.343 [warning] Using default string since no string found in i18n bundle that has the key: remote branches
2026-04-25 16:37:06.343 [warning] Using default string since no string found in i18n bundle that has the key: Tag at {0}
2026-04-25 16:37:06.343 [warning] Using default string since no string found in i18n bundle that has the key: tags
2026-04-25 16:37:06.343 [warning] Using default string since no string found in i18n bundle that has the key: Remote branch at {0}
2026-04-25 16:37:06.343 [warning] Using default string since no string found in i18n bundle that has the key: remote branches
2026-04-25 16:37:06.343 [warning] Using default string since no string found in i18n bundle that has the key: Remote branch at {0}
2026-04-25 16:37:06.343 [warning] Using default string since no string found in i18n bundle that has the key: remote branches
2026-04-25 16:37:06.343 [warning] Using default string since no string found in i18n bundle that has the key: Remote branch at {0}
2026-04-25 16:37:06.343 [warning] Using default string since no string found in i18n bundle that has the key: remote branches
2026-04-25 16:37:06.343 [warning] Using default string since no string found in i18n bundle that has the key: Remote branch at {0}
2026-04-25 16:37:06.343 [warning] Using default string since no string found in i18n bundle that has the key: remote branches
2026-04-25 16:37:06.343 [warning] Using default string since no string found in i18n bundle that has the key: Remote branch at {0}
2026-04-25 16:37:06.343 [warning] Using default string since no string found in i18n bundle that has the key: remote branches
2026-04-25 16:37:06.343 [warning] Using default string since no string found in i18n bundle that has the key: Remote branch at {0}
2026-04-25 16:37:06.343 [warning] Using default string since no string found in i18n bundle that has the key: remote branches
2026-04-25 16:37:06.343 [warning] Using default string since no string found in i18n bundle that has the key: Tag at {0}
2026-04-25 16:37:06.343 [warning] Using default string since no string found in i18n bundle that has the key: tags
2026-04-25 16:37:06.343 [warning] Using default string since no string found in i18n bundle that has the key: Remote branch at {0}
2026-04-25 16:37:06.343 [warning] Using default string since no string found in i18n bundle that has the key: remote branches
2026-04-25 16:37:06.343 [warning] Using default string since no string found in i18n bundle that has the key: Remote branch at {0}
2026-04-25 16:37:06.343 [warning] Using default string since no string found in i18n bundle that has the key: remote branches
2026-04-25 16:37:06.343 [warning] Using default string since no string found in i18n bundle that has the key: Remote branch at {0}
2026-04-25 16:37:06.343 [warning] Using default string since no string found in i18n bundle that has the key: remote branches
2026-04-25 16:37:06.343 [warning] Using default string since no string found in i18n bundle that has the key: Remote branch at {0}
2026-04-25 16:37:06.343 [warning] Using default string since no string found in i18n bundle that has the key: remote branches
2026-04-25 16:37:06.343 [warning] Using default string since no string found in i18n bundle that has the key: Remote branch at {0}
2026-04-25 16:37:06.343 [warning] Using default string since no string found in i18n bundle that has the key: remote branches
2026-04-25 16:37:06.343 [warning] Using default string since no string found in i18n bundle that has the key: Tag at {0}
2026-04-25 16:37:06.343 [warning] Using default string since no string found in i18n bundle that has the key: tags
2026-04-25 16:37:06.343 [warning] Using default string since no string found in i18n bundle that has the key: Remote branch at {0}
2026-04-25 16:37:06.343 [warning] Using default string since no string found in i18n bundle that has the key: remote branches
2026-04-25 16:37:06.343 [warning] Using default string since no string found in i18n bundle that has the key: Tag at {0}
2026-04-25 16:37:06.343 [warning] Using default string since no string found in i18n bundle that has the key: tags
2026-04-25 16:37:06.343 [warning] Using default string since no string found in i18n bundle that has the key: Remote branch at {0}
2026-04-25 16:37:06.343 [warning] Using default string since no string found in i18n bundle that has the key: remote branches
2026-04-25 16:37:06.343 [warning] Using default string since no string found in i18n bundle that has the key: Remote branch at {0}
2026-04-25 16:37:06.343 [warning] Using default string since no string found in i18n bundle that has the key: remote branches
2026-04-25 16:37:06.343 [warning] Using default string since no string found in i18n bundle that has the key: Remote branch at {0}
2026-04-25 16:37:06.343 [warning] Using default string since no string found in i18n bundle that has the key: remote branches
2026-04-25 16:37:06.343 [warning] Using default string since no string found in i18n bundle that has the key: Remote branch at {0}
2026-04-25 16:37:06.343 [warning] Using default string since no string found in i18n bundle that has the key: remote branches
2026-04-25 16:37:06.343 [warning] Using default string since no string found in i18n bundle that has the key: Tag at {0}
2026-04-25 16:37:06.343 [warning] Using default string since no string found in i18n bundle that has the key: tags
2026-04-25 16:37:06.343 [warning] Using default string since no string found in i18n bundle that has the key: Remote branch at {0}
2026-04-25 16:37:06.343 [warning] Using default string since no string found in i18n bundle that has the key: remote branches
2026-04-25 16:37:06.343 [warning] Using default string since no string found in i18n bundle that has the key: Remote branch at {0}
2026-04-25 16:37:06.343 [warning] Using default string since no string found in i18n bundle that has the key: remote branches
2026-04-25 16:37:06.343 [warning] Using default string since no string found in i18n bundle that has the key: Remote branch at {0}
2026-04-25 16:37:06.343 [warning] Using default string since no string found in i18n bundle that has the key: remote branches
2026-04-25 16:37:06.343 [warning] Using default string since no string found in i18n bundle that has the key: Tag at {0}
2026-04-25 16:37:06.343 [warning] Using default string since no string found in i18n bundle that has the key: tags
2026-04-25 16:37:06.343 [warning] Using default string since no string found in i18n bundle that has the key: Remote branch at {0}
2026-04-25 16:37:06.343 [warning] Using default string since no string found in i18n bundle that has the key: remote branches
2026-04-25 16:37:06.343 [warning] Using default string since no string found in i18n bundle that has the key: Remote branch at {0}
2026-04-25 16:37:06.343 [warning] Using default string since no string found in i18n bundle that has the key: remote branches
2026-04-25 16:37:06.343 [warning] Using default string since no string found in i18n bundle that has the key: Remote branch at {0}
2026-04-25 16:37:06.343 [warning] Using default string since no string found in i18n bundle that has the key: remote branches
2026-04-25 16:37:06.343 [warning] Using default string since no string found in i18n bundle that has the key: Remote branch at {0}
2026-04-25 16:37:06.343 [warning] Using default string since no string found in i18n bundle that has the key: remote branches
2026-04-25 16:37:06.343 [warning] Using default string since no string found in i18n bundle that has the key: Remote branch at {0}
2026-04-25 16:37:06.343 [warning] Using default string since no string found in i18n bundle that has the key: remote branches
2026-04-25 16:37:06.343 [warning] Using default string since no string found in i18n bundle that has the key: Remote branch at {0}
2026-04-25 16:37:06.343 [warning] Using default string since no string found in i18n bundle that has the key: remote branches
2026-04-25 16:37:06.343 [warning] Using default string since no string found in i18n bundle that has the key: Remote branch at {0}
2026-04-25 16:37:06.343 [warning] Using default string since no string found in i18n bundle that has the key: remote branches
2026-04-25 16:37:06.343 [warning] Using default string since no string found in i18n bundle that has the key: Tag at {0}
2026-04-25 16:37:06.343 [warning] Using default string since no string found in i18n bundle that has the key: tags
2026-04-25 16:37:06.343 [warning] Using default string since no string found in i18n bundle that has the key: Remote branch at {0}
2026-04-25 16:37:06.343 [warning] Using default string since no string found in i18n bundle that has the key: remote branches
2026-04-25 16:37:06.343 [warning] Using default string since no string found in i18n bundle that has the key: Remote branch at {0}
2026-04-25 16:37:06.343 [warning] Using default string since no string found in i18n bundle that has the key: remote branches
2026-04-25 16:37:06.343 [warning] Using default string since no string found in i18n bundle that has the key: Remote branch at {0}
2026-04-25 16:37:06.343 [warning] Using default string since no string found in i18n bundle that has the key: remote branches
2026-04-25 16:37:06.343 [warning] Using default string since no string found in i18n bundle that has the key: Tag at {0}
2026-04-25 16:37:06.343 [warning] Using default string since no string found in i18n bundle that has the key: tags
2026-04-25 16:37:06.343 [warning] Using default string since no string found in i18n bundle that has the key: Remote branch at {0}
2026-04-25 16:37:06.343 [warning] Using default string since no string found in i18n bundle that has the key: remote branches
2026-04-25 16:37:06.343 [warning] Using default string since no string found in i18n bundle that has the key: Tag at {0}
2026-04-25 16:37:06.343 [warning] Using default string since no string found in i18n bundle that has the key: tags
2026-04-25 16:37:06.343 [warning] Using default string since no string found in i18n bundle that has the key: Remote branch at {0}
2026-04-25 16:37:06.343 [warning] Using default string since no string found in i18n bundle that has the key: remote branches
2026-04-25 16:37:06.343 [warning] Using default string since no string found in i18n bundle that has the key: Remote branch at {0}
2026-04-25 16:37:06.343 [warning] Using default string since no string found in i18n bundle that has the key: remote branches
2026-04-25 16:37:06.343 [warning] Using default string since no string found in i18n bundle that has the key: Remote branch at {0}
2026-04-25 16:37:06.343 [warning] Using default string since no string found in i18n bundle that has the key: remote branches
2026-04-25 16:37:06.343 [warning] Using default string since no string found in i18n bundle that has the key: Remote branch at {0}
2026-04-25 16:37:06.343 [warning] Using default string since no string found in i18n bundle that has the key: remote branches
2026-04-25 16:37:06.343 [warning] Using default string since no string found in i18n bundle that has the key: Remote branch at {0}
2026-04-25 16:37:06.343 [warning] Using default string since no string found in i18n bundle that has the key: remote branches
2026-04-25 16:37:06.343 [warning] Using default string since no string found in i18n bundle that has the key: Remote branch at {0}
2026-04-25 16:37:06.343 [warning] Using default string since no string found in i18n bundle that has the key: remote branches
2026-04-25 16:37:06.343 [warning] Using default string since no string found in i18n bundle that has the key: Tag at {0}
2026-04-25 16:37:06.343 [warning] Using default string since no string found in i18n bundle that has the key: tags
2026-04-25 16:37:06.343 [warning] Using default string since no string found in i18n bundle that has the key: Tag at {0}
2026-04-25 16:37:06.343 [warning] Using default string since no string found in i18n bundle that has the key: tags
2026-04-25 16:37:06.343 [warning] Using default string since no string found in i18n bundle that has the key: Remote branch at {0}
2026-04-25 16:37:06.343 [warning] Using default string since no string found in i18n bundle that has the key: remote branches
2026-04-25 16:37:06.343 [warning] Using default string since no string found in i18n bundle that has the key: Remote branch at {0}
2026-04-25 16:37:06.343 [warning] Using default string since no string found in i18n bundle that has the key: remote branches
2026-04-25 16:37:06.343 [warning] Using default string since no string found in i18n bundle that has the key: Tag at {0}
2026-04-25 16:37:06.343 [warning] Using default string since no string found in i18n bundle that has the key: tags
2026-04-25 16:37:06.343 [warning] Using default string since no string found in i18n bundle that has the key: Remote branch at {0}
2026-04-25 16:37:06.343 [warning] Using default string since no string found in i18n bundle that has the key: remote branches
2026-04-25 16:37:06.343 [warning] Using default string since no string found in i18n bundle that has the key: Remote branch at {0}
2026-04-25 16:37:06.343 [warning] Using default string since no string found in i18n bundle that has the key: remote branches
2026-04-25 16:37:06.343 [warning] Using default string since no string found in i18n bundle that has the key: Remote branch at {0}
2026-04-25 16:37:06.343 [warning] Using default string since no string found in i18n bundle that has the key: remote branches
2026-04-25 16:37:06.343 [warning] Using default string since no string found in i18n bundle that has the key: Remote branch at {0}
2026-04-25 16:37:06.343 [warning] Using default string since no string found in i18n bundle that has the key: remote branches
2026-04-25 16:37:06.343 [warning] Using default string since no string found in i18n bundle that has the key: Remote branch at {0}
2026-04-25 16:37:06.343 [warning] Using default string since no string found in i18n bundle that has the key: remote branches
2026-04-25 16:37:06.343 [warning] Using default string since no string found in i18n bundle that has the key: Remote branch at {0}
2026-04-25 16:37:06.343 [warning] Using default string since no string found in i18n bundle that has the key: remote branches
2026-04-25 16:37:06.343 [warning] Using default string since no string found in i18n bundle that has the key: Remote branch at {0}
2026-04-25 16:37:06.343 [warning] Using default string since no string found in i18n bundle that has the key: remote branches
2026-04-25 16:37:06.343 [warning] Using default string since no string found in i18n bundle that has the key: Remote branch at {0}
2026-04-25 16:37:06.343 [warning] Using default string since no string found in i18n bundle that has the key: remote branches
2026-04-25 16:37:06.343 [warning] Using default string since no string found in i18n bundle that has the key: Remote branch at {0}
2026-04-25 16:37:06.343 [warning] Using default string since no string found in i18n bundle that has the key: remote branches
2026-04-25 16:37:06.343 [warning] Using default string since no string found in i18n bundle that has the key: Tag at {0}
2026-04-25 16:37:06.343 [warning] Using default string since no string found in i18n bundle that has the key: tags
2026-04-25 16:37:06.343 [warning] Using default string since no string found in i18n bundle that has the key: Remote branch at {0}
2026-04-25 16:37:06.343 [warning] Using default string since no string found in i18n bundle that has the key: remote branches
2026-04-25 16:37:06.343 [warning] Using default string since no string found in i18n bundle that has the key: Tag at {0}
2026-04-25 16:37:06.343 [warning] Using default string since no string found in i18n bundle that has the key: tags
2026-04-25 16:37:06.343 [warning] Using default string since no string found in i18n bundle that has the key: Remote branch at {0}
2026-04-25 16:37:06.343 [warning] Using default string since no string found in i18n bundle that has the key: remote branches
2026-04-25 16:37:06.343 [warning] Using default string since no string found in i18n bundle that has the key: Remote branch at {0}
2026-04-25 16:37:06.343 [warning] Using default string since no string found in i18n bundle that has the key: remote branches
2026-04-25 16:37:06.343 [warning] Using default string since no string found in i18n bundle that has the key: Remote branch at {0}
2026-04-25 16:37:06.343 [warning] Using default string since no string found in i18n bundle that has the key: remote branches
2026-04-25 16:37:06.343 [warning] Using default string since no string found in i18n bundle that has the key: Remote branch at {0}
2026-04-25 16:37:06.343 [warning] Using default string since no string found in i18n bundle that has the key: remote branches
2026-04-25 16:37:06.343 [warning] Using default string since no string found in i18n bundle that has the key: Remote branch at {0}
2026-04-25 16:37:06.343 [warning] Using default string since no string found in i18n bundle that has the key: remote branches
2026-04-25 16:37:06.343 [warning] Using default string since no string found in i18n bundle that has the key: Remote branch at {0}
2026-04-25 16:37:06.343 [warning] Using default string since no string found in i18n bundle that has the key: remote branches
2026-04-25 16:37:06.343 [warning] Using default string since no string found in i18n bundle that has the key: Remote branch at {0}
2026-04-25 16:37:06.343 [warning] Using default string since no string found in i18n bundle that has the key: remote branches
2026-04-25 16:37:06.343 [warning] Using default string since no string found in i18n bundle that has the key: Remote branch at {0}
2026-04-25 16:37:06.343 [warning] Using default string since no string found in i18n bundle that has the key: remote branches
2026-04-25 16:37:06.343 [warning] Using default string since no string found in i18n bundle that has the key: Remote branch at {0}
2026-04-25 16:37:06.343 [warning] Using default string since no string found in i18n bundle that has the key: remote branches
2026-04-25 16:37:06.343 [warning] Using default string since no string found in i18n bundle that has the key: Remote branch at {0}
2026-04-25 16:37:06.343 [warning] Using default string since no string found in i18n bundle that has the key: remote branches
2026-04-25 16:37:06.343 [warning] Using default string since no string found in i18n bundle that has the key: Remote branch at {0}
2026-04-25 16:37:06.343 [warning] Using default string since no string found in i18n bundle that has the key: remote branches
2026-04-25 16:37:06.343 [warning] Using default string since no string found in i18n bundle that has the key: Tag at {0}
2026-04-25 16:37:06.343 [warning] Using default string since no string found in i18n bundle that has the key: tags
2026-04-25 16:37:06.343 [warning] Using default string since no string found in i18n bundle that has the key: Remote branch at {0}
2026-04-25 16:37:06.343 [warning] Using default string since no string found in i18n bundle that has the key: remote branches
2026-04-25 16:37:06.343 [warning] Using default string since no string found in i18n bundle that has the key: Remote branch at {0}
2026-04-25 16:37:06.343 [warning] Using default string since no string found in i18n bundle that has the key: remote branches
2026-04-25 16:37:06.343 [warning] Using default string since no string found in i18n bundle that has the key: Remote branch at {0}
2026-04-25 16:37:06.343 [warning] Using default string since no string found in i18n bundle that has the key: remote branches
2026-04-25 16:37:06.343 [warning] Using default string since no string found in i18n bundle that has the key: Remote branch at {0}
2026-04-25 16:37:06.343 [warning] Using default string since no string found in i18n bundle that has the key: remote branches
2026-04-25 16:37:06.343 [warning] Using default string since no string found in i18n bundle that has the key: Remote branch at {0}
2026-04-25 16:37:06.343 [warning] Using default string since no string found in i18n bundle that has the key: remote branches
2026-04-25 16:37:06.343 [warning] Using default string since no string found in i18n bundle that has the key: Remote branch at {0}
2026-04-25 16:37:06.343 [warning] Using default string since no string found in i18n bundle that has the key: remote branches
2026-04-25 16:37:06.343 [warning] Using default string since no string found in i18n bundle that has the key: Remote branch at {0}
2026-04-25 16:37:06.343 [warning] Using default string since no string found in i18n bundle that has the key: remote branches
2026-04-25 16:37:06.343 [warning] Using default string since no string found in i18n bundle that has the key: Remote branch at {0}
2026-04-25 16:37:06.343 [warning] Using default string since no string found in i18n bundle that has the key: remote branches
2026-04-25 16:37:06.343 [warning] Using default string since no string found in i18n bundle that has the key: Remote branch at {0}
2026-04-25 16:37:06.343 [warning] Using default string since no string found in i18n bundle that has the key: remote branches
2026-04-25 16:37:06.343 [warning] Using default string since no string found in i18n bundle that has the key: Remote branch at {0}
2026-04-25 16:37:06.343 [warning] Using default string since no string found in i18n bundle that has the key: remote branches
2026-04-25 16:37:06.343 [warning] Using default string since no string found in i18n bundle that has the key: Remote branch at {0}
2026-04-25 16:37:06.343 [warning] Using default string since no string found in i18n bundle that has the key: remote branches
2026-04-25 16:37:06.343 [warning] Using default string since no string found in i18n bundle that has the key: Remote branch at {0}
2026-04-25 16:37:06.343 [warning] Using default string since no string found in i18n bundle that has the key: remote branches
2026-04-25 16:37:06.343 [warning] Using default string since no string found in i18n bundle that has the key: Remote branch at {0}
2026-04-25 16:37:06.343 [warning] Using default string since no string found in i18n bundle that has the key: remote branches
2026-04-25 16:37:06.343 [warning] Using default string since no string found in i18n bundle that has the key: Remote branch at {0}
2026-04-25 16:37:06.343 [warning] Using default string since no string found in i18n bundle that has the key: remote branches
2026-04-25 16:37:06.343 [warning] Using default string since no string found in i18n bundle that has the key: Remote branch at {0}
2026-04-25 16:37:06.343 [warning] Using default string since no string found in i18n bundle that has the key: remote branches
2026-04-25 16:37:06.343 [warning] Using default string since no string found in i18n bundle that has the key: Remote branch at {0}
2026-04-25 16:37:06.343 [warning] Using default string since no string found in i18n bundle that has the key: remote branches
2026-04-25 16:37:06.343 [warning] Using default string since no string found in i18n bundle that has the key: Remote branch at {0}
2026-04-25 16:37:06.343 [warning] Using default string since no string found in i18n bundle that has the key: remote branches
2026-04-25 16:37:06.343 [warning] Using default string since no string found in i18n bundle that has the key: Remote branch at {0}
2026-04-25 16:37:06.343 [warning] Using default string since no string found in i18n bundle that has the key: remote branches
2026-04-25 16:37:06.343 [warning] Using default string since no string found in i18n bundle that has the key: Remote branch at {0}
2026-04-25 16:37:06.343 [warning] Using default string since no string found in i18n bundle that has the key: remote branches
2026-04-25 16:37:06.343 [warning] Using default string since no string found in i18n bundle that has the key: Remote branch at {0}
2026-04-25 16:37:06.343 [warning] Using default string since no string found in i18n bundle that has the key: remote branches
2026-04-25 16:37:06.343 [warning] Using default string since no string found in i18n bundle that has the key: Tag at {0}
2026-04-25 16:37:06.343 [warning] Using default string since no string found in i18n bundle that has the key: tags
2026-04-25 16:37:06.343 [warning] Using default string since no string found in i18n bundle that has the key: Remote branch at {0}
2026-04-25 16:37:06.343 [warning] Using default string since no string found in i18n bundle that has the key: remote branches
2026-04-25 16:37:06.343 [warning] Using default string since no string found in i18n bundle that has the key: Remote branch at {0}
2026-04-25 16:37:06.343 [warning] Using default string since no string found in i18n bundle that has the key: remote branches
2026-04-25 16:37:06.343 [warning] Using default string since no string found in i18n bundle that has the key: Remote branch at {0}
2026-04-25 16:37:06.343 [warning] Using default string since no string found in i18n bundle that has the key: remote branches
2026-04-25 16:37:06.343 [warning] Using default string since no string found in i18n bundle that has the key: Remote branch at {0}
2026-04-25 16:37:06.343 [warning] Using default string since no string found in i18n bundle that has the key: remote branches
2026-04-25 16:37:06.343 [warning] Using default string since no string found in i18n bundle that has the key: Remote branch at {0}
2026-04-25 16:37:06.343 [warning] Using default string since no string found in i18n bundle that has the key: remote branches
2026-04-25 16:37:06.343 [warning] Using default string since no string found in i18n bundle that has the key: Remote branch at {0}
2026-04-25 16:37:06.343 [warning] Using default string since no string found in i18n bundle that has the key: remote branches
2026-04-25 16:37:06.343 [warning] Using default string since no string found in i18n bundle that has the key: Remote branch at {0}
2026-04-25 16:37:06.343 [warning] Using default string since no string found in i18n bundle that has the key: remote branches
2026-04-25 16:37:06.343 [warning] Using default string since no string found in i18n bundle that has the key: Tag at {0}
2026-04-25 16:37:06.343 [warning] Using default string since no string found in i18n bundle that has the key: tags
2026-04-25 16:37:06.343 [warning] Using default string since no string found in i18n bundle that has the key: Remote branch at {0}
2026-04-25 16:37:06.343 [warning] Using default string since no string found in i18n bundle that has the key: remote branches
2026-04-25 16:37:06.343 [warning] Using default string since no string found in i18n bundle that has the key: Remote branch at {0}
2026-04-25 16:37:06.343 [warning] Using default string since no string found in i18n bundle that has the key: remote branches
2026-04-25 16:37:06.343 [warning] Using default string since no string found in i18n bundle that has the key: Remote branch at {0}
2026-04-25 16:37:06.343 [warning] Using default string since no string found in i18n bundle that has the key: remote branches
2026-04-25 16:37:06.343 [warning] Using default string since no string found in i18n bundle that has the key: Tag at {0}
2026-04-25 16:37:06.343 [warning] Using default string since no string found in i18n bundle that has the key: tags
2026-04-25 16:37:06.343 [warning] Using default string since no string found in i18n bundle that has the key: Remote branch at {0}
2026-04-25 16:37:06.343 [warning] Using default string since no string found in i18n bundle that has the key: remote branches
2026-04-25 16:37:06.343 [warning] Using default string since no string found in i18n bundle that has the key: Remote branch at {0}
2026-04-25 16:37:06.344 [warning] Using default string since no string found in i18n bundle that has the key: remote branches
2026-04-25 16:37:06.344 [warning] Using default string since no string found in i18n bundle that has the key: Remote branch at {0}
2026-04-25 16:37:06.344 [warning] Using default string since no string found in i18n bundle that has the key: remote branches
2026-04-25 16:37:06.344 [warning] Using default string since no string found in i18n bundle that has the key: Tag at {0}
2026-04-25 16:37:06.344 [warning] Using default string since no string found in i18n bundle that has the key: tags
2026-04-25 16:37:06.344 [warning] Using default string since no string found in i18n bundle that has the key: Remote branch at {0}
2026-04-25 16:37:06.344 [warning] Using default string since no string found in i18n bundle that has the key: remote branches
2026-04-25 16:37:06.344 [warning] Using default string since no string found in i18n bundle that has the key: Remote branch at {0}
2026-04-25 16:37:06.344 [warning] Using default string since no string found in i18n bundle that has the key: remote branches
2026-04-25 16:37:06.344 [warning] Using default string since no string found in i18n bundle that has the key: Remote branch at {0}
2026-04-25 16:37:06.344 [warning] Using default string since no string found in i18n bundle that has the key: remote branches
2026-04-25 16:37:06.344 [warning] Using default string since no string found in i18n bundle that has the key: Remote branch at {0}
2026-04-25 16:37:06.344 [warning] Using default string since no string found in i18n bundle that has the key: remote branches
2026-04-25 16:37:06.344 [warning] Using default string since no string found in i18n bundle that has the key: Remote branch at {0}
2026-04-25 16:37:06.344 [warning] Using default string since no string found in i18n bundle that has the key: remote branches
2026-04-25 16:37:06.344 [warning] Using default string since no string found in i18n bundle that has the key: Remote branch at {0}
2026-04-25 16:37:06.344 [warning] Using default string since no string found in i18n bundle that has the key: remote branches
2026-04-25 16:37:06.344 [warning] Using default string since no string found in i18n bundle that has the key: Remote branch at {0}
2026-04-25 16:37:06.344 [warning] Using default string since no string found in i18n bundle that has the key: remote branches
2026-04-25 16:37:06.344 [warning] Using default string since no string found in i18n bundle that has the key: Remote branch at {0}
2026-04-25 16:37:06.344 [warning] Using default string since no string found in i18n bundle that has the key: remote branches
2026-04-25 16:37:06.344 [warning] Using default string since no string found in i18n bundle that has the key: Remote branch at {0}
2026-04-25 16:37:06.344 [warning] Using default string since no string found in i18n bundle that has the key: remote branches
2026-04-25 16:37:06.344 [warning] Using default string since no string found in i18n bundle that has the key: Tag at {0}
2026-04-25 16:37:06.344 [warning] Using default string since no string found in i18n bundle that has the key: tags
2026-04-25 16:37:06.344 [warning] Using default string since no string found in i18n bundle that has the key: Remote branch at {0}
2026-04-25 16:37:06.344 [warning] Using default string since no string found in i18n bundle that has the key: remote branches
2026-04-25 16:37:06.344 [warning] Using default string since no string found in i18n bundle that has the key: Remote branch at {0}
2026-04-25 16:37:06.344 [warning] Using default string since no string found in i18n bundle that has the key: remote branches
2026-04-25 16:37:06.344 [warning] Using default string since no string found in i18n bundle that has the key: Remote branch at {0}
2026-04-25 16:37:06.344 [warning] Using default string since no string found in i18n bundle that has the key: remote branches
2026-04-25 16:37:06.344 [warning] Using default string since no string found in i18n bundle that has the key: Remote branch at {0}
2026-04-25 16:37:06.344 [warning] Using default string since no string found in i18n bundle that has the key: remote branches
2026-04-25 16:37:06.344 [warning] Using default string since no string found in i18n bundle that has the key: Tag at {0}
2026-04-25 16:37:06.344 [warning] Using default string since no string found in i18n bundle that has the key: tags
2026-04-25 16:37:06.344 [warning] Using default string since no string found in i18n bundle that has the key: Remote branch at {0}
2026-04-25 16:37:06.344 [warning] Using default string since no string found in i18n bundle that has the key: remote branches
2026-04-25 16:37:06.344 [warning] Using default string since no string found in i18n bundle that has the key: Tag at {0}
2026-04-25 16:37:06.344 [warning] Using default string since no string found in i18n bundle that has the key: tags
2026-04-25 16:37:06.344 [warning] Using default string since no string found in i18n bundle that has the key: Remote branch at {0}
2026-04-25 16:37:06.344 [warning] Using default string since no string found in i18n bundle that has the key: remote branches
2026-04-25 16:37:06.344 [warning] Using default string since no string found in i18n bundle that has the key: Remote branch at {0}
2026-04-25 16:37:06.344 [warning] Using default string since no string found in i18n bundle that has the key: remote branches
2026-04-25 16:37:06.344 [warning] Using default string since no string found in i18n bundle that has the key: Remote branch at {0}
2026-04-25 16:37:06.344 [warning] Using default string since no string found in i18n bundle that has the key: remote branches
2026-04-25 16:37:06.344 [warning] Using default string since no string found in i18n bundle that has the key: Tag at {0}
2026-04-25 16:37:06.344 [warning] Using default string since no string found in i18n bundle that has the key: tags
2026-04-25 16:37:06.344 [warning] Using default string since no string found in i18n bundle that has the key: Remote branch at {0}
2026-04-25 16:37:06.344 [warning] Using default string since no string found in i18n bundle that has the key: remote branches
2026-04-25 16:37:06.344 [warning] Using default string since no string found in i18n bundle that has the key: Remote branch at {0}
2026-04-25 16:37:06.344 [warning] Using default string since no string found in i18n bundle that has the key: remote branches
2026-04-25 16:37:06.344 [warning] Using default string since no string found in i18n bundle that has the key: Remote branch at {0}
2026-04-25 16:37:06.344 [warning] Using default string since no string found in i18n bundle that has the key: remote branches
2026-04-25 16:37:06.344 [warning] Using default string since no string found in i18n bundle that has the key: Remote branch at {0}
2026-04-25 16:37:06.344 [warning] Using default string since no string found in i18n bundle that has the key: remote branches
2026-04-25 16:37:06.344 [warning] Using default string since no string found in i18n bundle that has the key: Remote branch at {0}
2026-04-25 16:37:06.344 [warning] Using default string since no string found in i18n bundle that has the key: remote branches
2026-04-25 16:37:06.344 [warning] Using default string since no string found in i18n bundle that has the key: Remote branch at {0}
2026-04-25 16:37:06.344 [warning] Using default string since no string found in i18n bundle that has the key: remote branches
2026-04-25 16:37:06.344 [warning] Using default string since no string found in i18n bundle that has the key: Remote branch at {0}
2026-04-25 16:37:06.344 [warning] Using default string since no string found in i18n bundle that has the key: remote branches
2026-04-25 16:37:06.344 [warning] Using default string since no string found in i18n bundle that has the key: Remote branch at {0}
2026-04-25 16:37:06.344 [warning] Using default string since no string found in i18n bundle that has the key: remote branches
2026-04-25 16:37:06.344 [warning] Using default string since no string found in i18n bundle that has the key: Remote branch at {0}
2026-04-25 16:37:06.344 [warning] Using default string since no string found in i18n bundle that has the key: remote branches
2026-04-25 16:37:06.344 [warning] Using default string since no string found in i18n bundle that has the key: Remote branch at {0}
2026-04-25 16:37:06.344 [warning] Using default string since no string found in i18n bundle that has the key: remote branches
2026-04-25 16:37:06.344 [warning] Using default string since no string found in i18n bundle that has the key: Remote branch at {0}
2026-04-25 16:37:06.344 [warning] Using default string since no string found in i18n bundle that has the key: remote branches
2026-04-25 16:37:06.344 [warning] Using default string since no string found in i18n bundle that has the key: Remote branch at {0}
2026-04-25 16:37:06.344 [warning] Using default string since no string found in i18n bundle that has the key: remote branches
2026-04-25 16:37:06.344 [warning] Using default string since no string found in i18n bundle that has the key: Remote branch at {0}
2026-04-25 16:37:06.344 [warning] Using default string since no string found in i18n bundle that has the key: remote branches
2026-04-25 16:37:06.344 [warning] Using default string since no string found in i18n bundle that has the key: Remote branch at {0}
2026-04-25 16:37:06.344 [warning] Using default string since no string found in i18n bundle that has the key: remote branches
2026-04-25 16:37:06.344 [warning] Using default string since no string found in i18n bundle that has the key: Remote branch at {0}
2026-04-25 16:37:06.344 [warning] Using default string since no string found in i18n bundle that has the key: remote branches
2026-04-25 16:37:06.344 [warning] Using default string since no string found in i18n bundle that has the key: Remote branch at {0}
2026-04-25 16:37:06.344 [warning] Using default string since no string found in i18n bundle that has the key: remote branches
2026-04-25 16:37:06.344 [warning] Using default string since no string found in i18n bundle that has the key: Tag at {0}
2026-04-25 16:37:06.344 [warning] Using default string since no string found in i18n bundle that has the key: tags
2026-04-25 16:37:06.344 [warning] Using default string since no string found in i18n bundle that has the key: Remote branch at {0}
2026-04-25 16:37:06.344 [warning] Using default string since no string found in i18n bundle that has the key: remote branches
2026-04-25 16:37:06.344 [warning] Using default string since no string found in i18n bundle that has the key: Remote branch at {0}
2026-04-25 16:37:06.344 [warning] Using default string since no string found in i18n bundle that has the key: remote branches
2026-04-25 16:37:06.344 [warning] Using default string since no string found in i18n bundle that has the key: Remote branch at {0}
2026-04-25 16:37:06.344 [warning] Using default string since no string found in i18n bundle that has the key: remote branches
2026-04-25 16:37:06.344 [warning] Using default string since no string found in i18n bundle that has the key: Remote branch at {0}
2026-04-25 16:37:06.344 [warning] Using default string since no string found in i18n bundle that has the key: remote branches
2026-04-25 16:37:06.344 [warning] Using default string since no string found in i18n bundle that has the key: Remote branch at {0}
2026-04-25 16:37:06.344 [warning] Using default string since no string found in i18n bundle that has the key: remote branches
2026-04-25 16:37:06.344 [warning] Using default string since no string found in i18n bundle that has the key: Remote branch at {0}
2026-04-25 16:37:06.344 [warning] Using default string since no string found in i18n bundle that has the key: remote branches
2026-04-25 16:37:06.344 [warning] Using default string since no string found in i18n bundle that has the key: Tag at {0}
2026-04-25 16:37:06.344 [warning] Using default string since no string found in i18n bundle that has the key: tags
2026-04-25 16:37:06.344 [warning] Using default string since no string found in i18n bundle that has the key: Remote branch at {0}
2026-04-25 16:37:06.344 [warning] Using default string since no string found in i18n bundle that has the key: remote branches
2026-04-25 16:37:06.344 [warning] Using default string since no string found in i18n bundle that has the key: Remote branch at {0}
2026-04-25 16:37:06.344 [warning] Using default string since no string found in i18n bundle that has the key: remote branches
2026-04-25 16:37:06.344 [warning] Using default string since no string found in i18n bundle that has the key: Remote branch at {0}
2026-04-25 16:37:06.344 [warning] Using default string since no string found in i18n bundle that has the key: remote branches
2026-04-25 16:37:06.344 [warning] Using default string since no string found in i18n bundle that has the key: Remote branch at {0}
2026-04-25 16:37:06.344 [warning] Using default string since no string found in i18n bundle that has the key: remote branches
2026-04-25 16:37:06.344 [warning] Using default string since no string found in i18n bundle that has the key: Remote branch at {0}
2026-04-25 16:37:06.344 [warning] Using default string since no string found in i18n bundle that has the key: remote branches
2026-04-25 16:37:06.344 [warning] Using default string since no string found in i18n bundle that has the key: Remote branch at {0}
2026-04-25 16:37:06.344 [warning] Using default string since no string found in i18n bundle that has the key: remote branches
2026-04-25 16:37:06.344 [warning] Using default string since no string found in i18n bundle that has the key: Remote branch at {0}
2026-04-25 16:37:06.344 [warning] Using default string since no string found in i18n bundle that has the key: remote branches
2026-04-25 16:37:06.344 [warning] Using default string since no string found in i18n bundle that has the key: Remote branch at {0}
2026-04-25 16:37:06.344 [warning] Using default string since no string found in i18n bundle that has the key: remote branches
2026-04-25 16:37:06.344 [warning] Using default string since no string found in i18n bundle that has the key: Remote branch at {0}
2026-04-25 16:37:06.344 [warning] Using default string since no string found in i18n bundle that has the key: remote branches
2026-04-25 16:37:06.344 [warning] Using default string since no string found in i18n bundle that has the key: Remote branch at {0}
2026-04-25 16:37:06.344 [warning] Using default string since no string found in i18n bundle that has the key: remote branches
2026-04-25 16:37:06.344 [warning] Using default string since no string found in i18n bundle that has the key: Remote branch at {0}
2026-04-25 16:37:06.344 [warning] Using default string since no string found in i18n bundle that has the key: remote branches
2026-04-25 16:37:06.344 [warning] Using default string since no string found in i18n bundle that has the key: Remote branch at {0}
2026-04-25 16:37:06.344 [warning] Using default string since no string found in i18n bundle that has the key: remote branches
2026-04-25 16:37:06.344 [warning] Using default string since no string found in i18n bundle that has the key: Remote branch at {0}
2026-04-25 16:37:06.344 [warning] Using default string since no string found in i18n bundle that has the key: remote branches
2026-04-25 16:37:06.344 [warning] Using default string since no string found in i18n bundle that has the key: Remote branch at {0}
2026-04-25 16:37:06.344 [warning] Using default string since no string found in i18n bundle that has the key: remote branches
2026-04-25 16:37:06.344 [warning] Using default string since no string found in i18n bundle that has the key: Remote branch at {0}
2026-04-25 16:37:06.344 [warning] Using default string since no string found in i18n bundle that has the key: remote branches
2026-04-25 16:37:06.344 [warning] Using default string since no string found in i18n bundle that has the key: Tag at {0}
2026-04-25 16:37:06.344 [warning] Using default string since no string found in i18n bundle that has the key: tags
2026-04-25 16:37:06.344 [warning] Using default string since no string found in i18n bundle that has the key: Remote branch at {0}
2026-04-25 16:37:06.344 [warning] Using default string since no string found in i18n bundle that has the key: remote branches
2026-04-25 16:37:06.344 [warning] Using default string since no string found in i18n bundle that has the key: Remote branch at {0}
2026-04-25 16:37:06.344 [warning] Using default string since no string found in i18n bundle that has the key: remote branches
2026-04-25 16:37:06.344 [warning] Using default string since no string found in i18n bundle that has the key: Remote branch at {0}
2026-04-25 16:37:06.344 [warning] Using default string since no string found in i18n bundle that has the key: remote branches
2026-04-25 16:37:06.344 [warning] Using default string since no string found in i18n bundle that has the key: Remote branch at {0}
2026-04-25 16:37:06.344 [warning] Using default string since no string found in i18n bundle that has the key: remote branches
2026-04-25 16:37:06.344 [warning] Using default string since no string found in i18n bundle that has the key: Remote branch at {0}
2026-04-25 16:37:06.344 [warning] Using default string since no string found in i18n bundle that has the key: remote branches
2026-04-25 16:37:06.344 [warning] Using default string since no string found in i18n bundle that has the key: Remote branch at {0}
2026-04-25 16:37:06.344 [warning] Using default string since no string found in i18n bundle that has the key: remote branches
2026-04-25 16:37:06.344 [warning] Using default string since no string found in i18n bundle that has the key: Remote branch at {0}
2026-04-25 16:37:06.344 [warning] Using default string since no string found in i18n bundle that has the key: remote branches
2026-04-25 16:37:06.344 [warning] Using default string since no string found in i18n bundle that has the key: Remote branch at {0}
2026-04-25 16:37:06.344 [warning] Using default string since no string found in i18n bundle that has the key: remote branches
2026-04-25 16:37:06.344 [warning] Using default string since no string found in i18n bundle that has the key: Remote branch at {0}
2026-04-25 16:37:06.344 [warning] Using default string since no string found in i18n bundle that has the key: remote branches
2026-04-25 16:37:06.344 [warning] Using default string since no string found in i18n bundle that has the key: Remote branch at {0}
2026-04-25 16:37:06.344 [warning] Using default string since no string found in i18n bundle that has the key: remote branches
2026-04-25 16:37:06.344 [warning] Using default string since no string found in i18n bundle that has the key: Remote branch at {0}
2026-04-25 16:37:06.344 [warning] Using default string since no string found in i18n bundle that has the key: remote branches
2026-04-25 16:37:06.344 [warning] Using default string since no string found in i18n bundle that has the key: Remote branch at {0}
2026-04-25 16:37:06.344 [warning] Using default string since no string found in i18n bundle that has the key: remote branches
2026-04-25 16:37:06.344 [warning] Using default string since no string found in i18n bundle that has the key: Remote branch at {0}
2026-04-25 16:37:06.344 [warning] Using default string since no string found in i18n bundle that has the key: remote branches
2026-04-25 16:37:06.344 [warning] Using default string since no string found in i18n bundle that has the key: Remote branch at {0}
2026-04-25 16:37:06.344 [warning] Using default string since no string found in i18n bundle that has the key: remote branches
2026-04-25 16:37:06.344 [warning] Using default string since no string found in i18n bundle that has the key: Remote branch at {0}
2026-04-25 16:37:06.344 [warning] Using default string since no string found in i18n bundle that has the key: remote branches
2026-04-25 16:37:06.344 [warning] Using default string since no string found in i18n bundle that has the key: Remote branch at {0}
2026-04-25 16:37:06.344 [warning] Using default string since no string found in i18n bundle that has the key: remote branches
2026-04-25 16:37:06.344 [warning] Using default string since no string found in i18n bundle that has the key: Remote branch at {0}
2026-04-25 16:37:06.344 [warning] Using default string since no string found in i18n bundle that has the key: remote branches
2026-04-25 16:37:06.344 [warning] Using default string since no string found in i18n bundle that has the key: Remote branch at {0}
2026-04-25 16:37:06.344 [warning] Using default string since no string found in i18n bundle that has the key: remote branches
2026-04-25 16:37:06.344 [warning] Using default string since no string found in i18n bundle that has the key: Remote branch at {0}
2026-04-25 16:37:06.344 [warning] Using default string since no string found in i18n bundle that has the key: remote branches
2026-04-25 16:37:06.344 [warning] Using default string since no string found in i18n bundle that has the key: Remote branch at {0}
2026-04-25 16:37:06.344 [warning] Using default string since no string found in i18n bundle that has the key: remote branches
2026-04-25 16:37:06.344 [warning] Using default string since no string found in i18n bundle that has the key: Remote branch at {0}
2026-04-25 16:37:06.344 [warning] Using default string since no string found in i18n bundle that has the key: remote branches
2026-04-25 16:37:06.344 [warning] Using default string since no string found in i18n bundle that has the key: Remote branch at {0}
2026-04-25 16:37:06.344 [warning] Using default string since no string found in i18n bundle that has the key: remote branches
2026-04-25 16:37:06.344 [warning] Using default string since no string found in i18n bundle that has the key: Remote branch at {0}
2026-04-25 16:37:06.344 [warning] Using default string since no string found in i18n bundle that has the key: remote branches
2026-04-25 16:37:06.344 [warning] Using default string since no string found in i18n bundle that has the key: Remote branch at {0}
2026-04-25 16:37:06.344 [warning] Using default string since no string found in i18n bundle that has the key: remote branches
2026-04-25 16:37:06.344 [warning] Using default string since no string found in i18n bundle that has the key: Remote branch at {0}
2026-04-25 16:37:06.344 [warning] Using default string since no string found in i18n bundle that has the key: remote branches
2026-04-25 16:37:06.344 [warning] Using default string since no string found in i18n bundle that has the key: Remote branch at {0}
2026-04-25 16:37:06.344 [warning] Using default string since no string found in i18n bundle that has the key: remote branches
2026-04-25 16:37:06.344 [warning] Using default string since no string found in i18n bundle that has the key: Remote branch at {0}
2026-04-25 16:37:06.344 [warning] Using default string since no string found in i18n bundle that has the key: remote branches
2026-04-25 16:37:06.344 [warning] Using default string since no string found in i18n bundle that has the key: Tag at {0}
2026-04-25 16:37:06.344 [warning] Using default string since no string found in i18n bundle that has the key: tags
2026-04-25 16:37:06.344 [warning] Using default string since no string found in i18n bundle that has the key: Remote branch at {0}
2026-04-25 16:37:06.344 [warning] Using default string since no string found in i18n bundle that has the key: remote branches
2026-04-25 16:37:06.344 [warning] Using default string since no string found in i18n bundle that has the key: Tag at {0}
2026-04-25 16:37:06.344 [warning] Using default string since no string found in i18n bundle that has the key: tags
2026-04-25 16:37:06.344 [warning] Using default string since no string found in i18n bundle that has the key: Remote branch at {0}
2026-04-25 16:37:06.344 [warning] Using default string since no string found in i18n bundle that has the key: remote branches
2026-04-25 16:37:06.344 [warning] Using default string since no string found in i18n bundle that has the key: Tag at {0}
2026-04-25 16:37:06.344 [warning] Using default string since no string found in i18n bundle that has the key: tags
2026-04-25 16:37:06.344 [warning] Using default string since no string found in i18n bundle that has the key: Remote branch at {0}
2026-04-25 16:37:06.344 [warning] Using default string since no string found in i18n bundle that has the key: remote branches
2026-04-25 16:37:06.344 [warning] Using default string since no string found in i18n bundle that has the key: Tag at {0}
2026-04-25 16:37:06.344 [warning] Using default string since no string found in i18n bundle that has the key: tags
2026-04-25 16:37:06.344 [warning] Using default string since no string found in i18n bundle that has the key: Remote branch at {0}
2026-04-25 16:37:06.344 [warning] Using default string since no string found in i18n bundle that has the key: remote branches
2026-04-25 16:37:06.344 [warning] Using default string since no string found in i18n bundle that has the key: Remote branch at {0}
2026-04-25 16:37:06.344 [warning] Using default string since no string found in i18n bundle that has the key: remote branches
2026-04-25 16:37:06.344 [warning] Using default string since no string found in i18n bundle that has the key: Remote branch at {0}
2026-04-25 16:37:06.344 [warning] Using default string since no string found in i18n bundle that has the key: remote branches
2026-04-25 16:37:06.344 [warning] Using default string since no string found in i18n bundle that has the key: Remote branch at {0}
2026-04-25 16:37:06.344 [warning] Using default string since no string found in i18n bundle that has the key: remote branches
2026-04-25 16:37:06.344 [warning] Using default string since no string found in i18n bundle that has the key: Tag at {0}
2026-04-25 16:37:06.344 [warning] Using default string since no string found in i18n bundle that has the key: tags
2026-04-25 16:37:06.344 [warning] Using default string since no string found in i18n bundle that has the key: Remote branch at {0}
2026-04-25 16:37:06.344 [warning] Using default string since no string found in i18n bundle that has the key: remote branches
2026-04-25 16:37:06.344 [warning] Using default string since no string found in i18n bundle that has the key: Remote branch at {0}
2026-04-25 16:37:06.344 [warning] Using default string since no string found in i18n bundle that has the key: remote branches
2026-04-25 16:37:06.344 [warning] Using default string since no string found in i18n bundle that has the key: Tag at {0}
2026-04-25 16:37:06.344 [warning] Using default string since no string found in i18n bundle that has the key: tags
2026-04-25 16:37:06.344 [warning] Using default string since no string found in i18n bundle that has the key: Tag at {0}
2026-04-25 16:37:06.344 [warning] Using default string since no string found in i18n bundle that has the key: tags
2026-04-25 16:37:06.344 [warning] Using default string since no string found in i18n bundle that has the key: Remote branch at {0}
2026-04-25 16:37:06.344 [warning] Using default string since no string found in i18n bundle that has the key: remote branches
2026-04-25 16:37:06.344 [warning] Using default string since no string found in i18n bundle that has the key: Remote branch at {0}
2026-04-25 16:37:06.344 [warning] Using default string since no string found in i18n bundle that has the key: remote branches
2026-04-25 16:37:06.344 [warning] Using default string since no string found in i18n bundle that has the key: Remote branch at {0}
2026-04-25 16:37:06.344 [warning] Using default string since no string found in i18n bundle that has the key: remote branches
2026-04-25 16:37:06.344 [warning] Using default string since no string found in i18n bundle that has the key: Remote branch at {0}
2026-04-25 16:37:06.344 [warning] Using default string since no string found in i18n bundle that has the key: remote branches
2026-04-25 16:37:06.344 [warning] Using default string since no string found in i18n bundle that has the key: Remote branch at {0}
2026-04-25 16:37:06.344 [warning] Using default string since no string found in i18n bundle that has the key: remote branches
2026-04-25 16:37:06.344 [warning] Using default string since no string found in i18n bundle that has the key: Remote branch at {0}
2026-04-25 16:37:06.344 [warning] Using default string since no string found in i18n bundle that has the key: remote branches
2026-04-25 16:37:06.344 [warning] Using default string since no string found in i18n bundle that has the key: Remote branch at {0}
2026-04-25 16:37:06.344 [warning] Using default string since no string found in i18n bundle that has the key: remote branches
2026-04-25 16:37:06.344 [warning] Using default string since no string found in i18n bundle that has the key: Remote branch at {0}
2026-04-25 16:37:06.344 [warning] Using default string since no string found in i18n bundle that has the key: remote branches
2026-04-25 16:37:06.344 [warning] Using default string since no string found in i18n bundle that has the key: Remote branch at {0}
2026-04-25 16:37:06.344 [warning] Using default string since no string found in i18n bundle that has the key: remote branches
2026-04-25 16:37:06.344 [warning] Using default string since no string found in i18n bundle that has the key: Remote branch at {0}
2026-04-25 16:37:06.344 [warning] Using default string since no string found in i18n bundle that has the key: remote branches
2026-04-25 16:37:06.344 [warning] Using default string since no string found in i18n bundle that has the key: Remote branch at {0}
2026-04-25 16:37:06.344 [warning] Using default string since no string found in i18n bundle that has the key: remote branches
2026-04-25 16:37:06.344 [warning] Using default string since no string found in i18n bundle that has the key: Remote branch at {0}
2026-04-25 16:37:06.344 [warning] Using default string since no string found in i18n bundle that has the key: remote branches
2026-04-25 16:37:06.344 [warning] Using default string since no string found in i18n bundle that has the key: Remote branch at {0}
2026-04-25 16:37:06.344 [warning] Using default string since no string found in i18n bundle that has the key: remote branches
2026-04-25 16:37:06.344 [warning] Using default string since no string found in i18n bundle that has the key: Remote branch at {0}
2026-04-25 16:37:06.344 [warning] Using default string since no string found in i18n bundle that has the key: remote branches
2026-04-25 16:37:06.344 [warning] Using default string since no string found in i18n bundle that has the key: Tag at {0}
2026-04-25 16:37:06.344 [warning] Using default string since no string found in i18n bundle that has the key: tags
2026-04-25 16:37:06.344 [warning] Using default string since no string found in i18n bundle that has the key: Remote branch at {0}
2026-04-25 16:37:06.344 [warning] Using default string since no string found in i18n bundle that has the key: remote branches
2026-04-25 16:37:06.344 [warning] Using default string since no string found in i18n bundle that has the key: Remote branch at {0}
2026-04-25 16:37:06.344 [warning] Using default string since no string found in i18n bundle that has the key: remote branches
2026-04-25 16:37:06.344 [warning] Using default string since no string found in i18n bundle that has the key: Tag at {0}
2026-04-25 16:37:06.344 [warning] Using default string since no string found in i18n bundle that has the key: tags
2026-04-25 16:37:06.344 [warning] Using default string since no string found in i18n bundle that has the key: Remote branch at {0}
2026-04-25 16:37:06.344 [warning] Using default string since no string found in i18n bundle that has the key: remote branches
2026-04-25 16:37:06.344 [warning] Using default string since no string found in i18n bundle that has the key: Remote branch at {0}
2026-04-25 16:37:06.344 [warning] Using default string since no string found in i18n bundle that has the key: remote branches
2026-04-25 16:37:06.344 [warning] Using default string since no string found in i18n bundle that has the key: Remote branch at {0}
2026-04-25 16:37:06.344 [warning] Using default string since no string found in i18n bundle that has the key: remote branches
2026-04-25 16:37:06.344 [warning] Using default string since no string found in i18n bundle that has the key: Remote branch at {0}
2026-04-25 16:37:06.344 [warning] Using default string since no string found in i18n bundle that has the key: remote branches
2026-04-25 16:37:06.344 [warning] Using default string since no string found in i18n bundle that has the key: Remote branch at {0}
2026-04-25 16:37:06.344 [warning] Using default string since no string found in i18n bundle that has the key: remote branches
2026-04-25 16:37:06.344 [warning] Using default string since no string found in i18n bundle that has the key: Tag at {0}
2026-04-25 16:37:06.344 [warning] Using default string since no string found in i18n bundle that has the key: tags
2026-04-25 16:37:06.344 [warning] Using default string since no string found in i18n bundle that has the key: Tag at {0}
2026-04-25 16:37:06.344 [warning] Using default string since no string found in i18n bundle that has the key: tags
2026-04-25 16:37:06.344 [warning] Using default string since no string found in i18n bundle that has the key: Remote branch at {0}
2026-04-25 16:37:06.344 [warning] Using default string since no string found in i18n bundle that has the key: remote branches
2026-04-25 16:37:06.344 [warning] Using default string since no string found in i18n bundle that has the key: Remote branch at {0}
2026-04-25 16:37:06.344 [warning] Using default string since no string found in i18n bundle that has the key: remote branches
2026-04-25 16:37:06.344 [warning] Using default string since no string found in i18n bundle that has the key: Remote branch at {0}
2026-04-25 16:37:06.344 [warning] Using default string since no string found in i18n bundle that has the key: remote branches
2026-04-25 16:37:06.344 [warning] Using default string since no string found in i18n bundle that has the key: Remote branch at {0}
2026-04-25 16:37:06.344 [warning] Using default string since no string found in i18n bundle that has the key: remote branches
2026-04-25 16:37:06.344 [warning] Using default string since no string found in i18n bundle that has the key: Remote branch at {0}
2026-04-25 16:37:06.345 [warning] Using default string since no string found in i18n bundle that has the key: remote branches
2026-04-25 16:37:06.345 [warning] Using default string since no string found in i18n bundle that has the key: Remote branch at {0}
2026-04-25 16:37:06.345 [warning] Using default string since no string found in i18n bundle that has the key: remote branches
2026-04-25 16:37:06.345 [warning] Using default string since no string found in i18n bundle that has the key: Remote branch at {0}
2026-04-25 16:37:06.345 [warning] Using default string since no string found in i18n bundle that has the key: remote branches
2026-04-25 16:37:06.345 [warning] Using default string since no string found in i18n bundle that has the key: Remote branch at {0}
2026-04-25 16:37:06.345 [warning] Using default string since no string found in i18n bundle that has the key: remote branches
2026-04-25 16:37:06.345 [warning] Using default string since no string found in i18n bundle that has the key: Tag at {0}
2026-04-25 16:37:06.345 [warning] Using default string since no string found in i18n bundle that has the key: tags
2026-04-25 16:37:06.345 [warning] Using default string since no string found in i18n bundle that has the key: Tag at {0}
2026-04-25 16:37:06.345 [warning] Using default string since no string found in i18n bundle that has the key: tags
2026-04-25 16:37:06.345 [warning] Using default string since no string found in i18n bundle that has the key: Remote branch at {0}
2026-04-25 16:37:06.345 [warning] Using default string since no string found in i18n bundle that has the key: remote branches
2026-04-25 16:37:06.345 [warning] Using default string since no string found in i18n bundle that has the key: Remote branch at {0}
2026-04-25 16:37:06.345 [warning] Using default string since no string found in i18n bundle that has the key: remote branches
2026-04-25 16:37:06.345 [warning] Using default string since no string found in i18n bundle that has the key: Tag at {0}
2026-04-25 16:37:06.345 [warning] Using default string since no string found in i18n bundle that has the key: tags
2026-04-25 16:37:06.345 [warning] Using default string since no string found in i18n bundle that has the key: Remote branch at {0}
2026-04-25 16:37:06.345 [warning] Using default string since no string found in i18n bundle that has the key: remote branches
2026-04-25 16:37:06.345 [warning] Using default string since no string found in i18n bundle that has the key: Remote branch at {0}
2026-04-25 16:37:06.345 [warning] Using default string since no string found in i18n bundle that has the key: remote branches
2026-04-25 16:37:06.345 [warning] Using default string since no string found in i18n bundle that has the key: Tag at {0}
2026-04-25 16:37:06.345 [warning] Using default string since no string found in i18n bundle that has the key: tags
2026-04-25 16:37:06.345 [warning] Using default string since no string found in i18n bundle that has the key: Remote branch at {0}
2026-04-25 16:37:06.345 [warning] Using default string since no string found in i18n bundle that has the key: remote branches
2026-04-25 16:37:06.345 [warning] Using default string since no string found in i18n bundle that has the key: Tag at {0}
2026-04-25 16:37:06.345 [warning] Using default string since no string found in i18n bundle that has the key: tags
2026-04-25 16:37:06.345 [warning] Using default string since no string found in i18n bundle that has the key: Tag at {0}
2026-04-25 16:37:06.345 [warning] Using default string since no string found in i18n bundle that has the key: tags
2026-04-25 16:37:06.345 [warning] Using default string since no string found in i18n bundle that has the key: Remote branch at {0}
2026-04-25 16:37:06.345 [warning] Using default string since no string found in i18n bundle that has the key: remote branches
2026-04-25 16:37:06.345 [warning] Using default string since no string found in i18n bundle that has the key: Remote branch at {0}
2026-04-25 16:37:06.345 [warning] Using default string since no string found in i18n bundle that has the key: remote branches
2026-04-25 16:37:06.345 [warning] Using default string since no string found in i18n bundle that has the key: Remote branch at {0}
2026-04-25 16:37:06.345 [warning] Using default string since no string found in i18n bundle that has the key: remote branches
2026-04-25 16:37:06.345 [warning] Using default string since no string found in i18n bundle that has the key: Tag at {0}
2026-04-25 16:37:06.345 [warning] Using default string since no string found in i18n bundle that has the key: tags
2026-04-25 16:37:06.345 [warning] Using default string since no string found in i18n bundle that has the key: Remote branch at {0}
2026-04-25 16:37:06.345 [warning] Using default string since no string found in i18n bundle that has the key: remote branches
2026-04-25 16:37:06.345 [warning] Using default string since no string found in i18n bundle that has the key: Tag at {0}
2026-04-25 16:37:06.345 [warning] Using default string since no string found in i18n bundle that has the key: tags
2026-04-25 16:37:06.345 [warning] Using default string since no string found in i18n bundle that has the key: Remote branch at {0}
2026-04-25 16:37:06.345 [warning] Using default string since no string found in i18n bundle that has the key: remote branches
2026-04-25 16:37:06.345 [warning] Using default string since no string found in i18n bundle that has the key: Remote branch at {0}
2026-04-25 16:37:06.345 [warning] Using default string since no string found in i18n bundle that has the key: remote branches
2026-04-25 16:37:06.345 [warning] Using default string since no string found in i18n bundle that has the key: Tag at {0}
2026-04-25 16:37:06.345 [warning] Using default string since no string found in i18n bundle that has the key: tags
2026-04-25 16:37:06.345 [warning] Using default string since no string found in i18n bundle that has the key: Remote branch at {0}
2026-04-25 16:37:06.345 [warning] Using default string since no string found in i18n bundle that has the key: remote branches
2026-04-25 16:37:06.345 [warning] Using default string since no string found in i18n bundle that has the key: Remote branch at {0}
2026-04-25 16:37:06.345 [warning] Using default string since no string found in i18n bundle that has the key: remote branches
2026-04-25 16:37:06.345 [warning] Using default string since no string found in i18n bundle that has the key: Remote branch at {0}
2026-04-25 16:37:06.345 [warning] Using default string since no string found in i18n bundle that has the key: remote branches
2026-04-25 16:37:06.345 [warning] Using default string since no string found in i18n bundle that has the key: Remote branch at {0}
2026-04-25 16:37:06.345 [warning] Using default string since no string found in i18n bundle that has the key: remote branches
2026-04-25 16:37:06.345 [warning] Using default string since no string found in i18n bundle that has the key: Remote branch at {0}
2026-04-25 16:37:06.345 [warning] Using default string since no string found in i18n bundle that has the key: remote branches
2026-04-25 16:37:06.345 [warning] Using default string since no string found in i18n bundle that has the key: Tag at {0}
2026-04-25 16:37:06.345 [warning] Using default string since no string found in i18n bundle that has the key: tags
2026-04-25 16:37:06.345 [warning] Using default string since no string found in i18n bundle that has the key: Remote branch at {0}
2026-04-25 16:37:06.345 [warning] Using default string since no string found in i18n bundle that has the key: remote branches
2026-04-25 16:37:06.345 [warning] Using default string since no string found in i18n bundle that has the key: Tag at {0}
2026-04-25 16:37:06.345 [warning] Using default string since no string found in i18n bundle that has the key: tags
2026-04-25 16:37:06.345 [warning] Using default string since no string found in i18n bundle that has the key: Remote branch at {0}
2026-04-25 16:37:06.345 [warning] Using default string since no string found in i18n bundle that has the key: remote branches
2026-04-25 16:37:06.345 [warning] Using default string since no string found in i18n bundle that has the key: Tag at {0}
2026-04-25 16:37:06.345 [warning] Using default string since no string found in i18n bundle that has the key: tags
2026-04-25 16:37:06.345 [warning] Using default string since no string found in i18n bundle that has the key: Remote branch at {0}
2026-04-25 16:37:06.345 [warning] Using default string since no string found in i18n bundle that has the key: remote branches
2026-04-25 16:37:06.345 [warning] Using default string since no string found in i18n bundle that has the key: Tag at {0}
2026-04-25 16:37:06.345 [warning] Using default string since no string found in i18n bundle that has the key: tags
2026-04-25 16:37:06.345 [warning] Using default string since no string found in i18n bundle that has the key: Remote branch at {0}
2026-04-25 16:37:06.345 [warning] Using default string since no string found in i18n bundle that has the key: remote branches
2026-04-25 16:37:06.345 [warning] Using default string since no string found in i18n bundle that has the key: Remote branch at {0}
2026-04-25 16:37:06.345 [warning] Using default string since no string found in i18n bundle that has the key: remote branches
2026-04-25 16:37:06.345 [warning] Using default string since no string found in i18n bundle that has the key: Remote branch at {0}
2026-04-25 16:37:06.345 [warning] Using default string since no string found in i18n bundle that has the key: remote branches
2026-04-25 16:37:06.345 [warning] Using default string since no string found in i18n bundle that has the key: Tag at {0}
2026-04-25 16:37:06.345 [warning] Using default string since no string found in i18n bundle that has the key: tags
2026-04-25 16:37:06.345 [warning] Using default string since no string found in i18n bundle that has the key: Tag at {0}
2026-04-25 16:37:06.345 [warning] Using default string since no string found in i18n bundle that has the key: tags
2026-04-25 16:37:06.345 [warning] Using default string since no string found in i18n bundle that has the key: Remote branch at {0}
2026-04-25 16:37:06.345 [warning] Using default string since no string found in i18n bundle that has the key: remote branches
2026-04-25 16:37:06.345 [warning] Using default string since no string found in i18n bundle that has the key: Remote branch at {0}
2026-04-25 16:37:06.345 [warning] Using default string since no string found in i18n bundle that has the key: remote branches
2026-04-25 16:37:06.345 [warning] Using default string since no string found in i18n bundle that has the key: Remote branch at {0}
2026-04-25 16:37:06.345 [warning] Using default string since no string found in i18n bundle that has the key: remote branches
2026-04-25 16:37:06.345 [warning] Using default string since no string found in i18n bundle that has the key: Tag at {0}
2026-04-25 16:37:06.345 [warning] Using default string since no string found in i18n bundle that has the key: tags
2026-04-25 16:37:06.345 [warning] Using default string since no string found in i18n bundle that has the key: Tag at {0}
2026-04-25 16:37:06.345 [warning] Using default string since no string found in i18n bundle that has the key: tags
2026-04-25 16:37:06.345 [warning] Using default string since no string found in i18n bundle that has the key: Remote branch at {0}
2026-04-25 16:37:06.345 [warning] Using default string since no string found in i18n bundle that has the key: remote branches
2026-04-25 16:37:06.345 [warning] Using default string since no string found in i18n bundle that has the key: Remote branch at {0}
2026-04-25 16:37:06.345 [warning] Using default string since no string found in i18n bundle that has the key: remote branches
2026-04-25 16:37:06.345 [warning] Using default string since no string found in i18n bundle that has the key: Remote branch at {0}
2026-04-25 16:37:06.345 [warning] Using default string since no string found in i18n bundle that has the key: remote branches
2026-04-25 16:37:06.345 [warning] Using default string since no string found in i18n bundle that has the key: Tag at {0}
2026-04-25 16:37:06.345 [warning] Using default string since no string found in i18n bundle that has the key: tags
2026-04-25 16:37:06.345 [warning] Using default string since no string found in i18n bundle that has the key: Tag at {0}
2026-04-25 16:37:06.345 [warning] Using default string since no string found in i18n bundle that has the key: tags
2026-04-25 16:37:06.345 [warning] Using default string since no string found in i18n bundle that has the key: Tag at {0}
2026-04-25 16:37:06.345 [warning] Using default string since no string found in i18n bundle that has the key: tags
2026-04-25 16:37:06.345 [warning] Using default string since no string found in i18n bundle that has the key: Remote branch at {0}
2026-04-25 16:37:06.345 [warning] Using default string since no string found in i18n bundle that has the key: remote branches
2026-04-25 16:37:06.345 [warning] Using default string since no string found in i18n bundle that has the key: Remote branch at {0}
2026-04-25 16:37:06.345 [warning] Using default string since no string found in i18n bundle that has the key: remote branches
2026-04-25 16:37:06.345 [warning] Using default string since no string found in i18n bundle that has the key: Remote branch at {0}
2026-04-25 16:37:06.345 [warning] Using default string since no string found in i18n bundle that has the key: remote branches
2026-04-25 16:37:06.345 [warning] Using default string since no string found in i18n bundle that has the key: Tag at {0}
2026-04-25 16:37:06.345 [warning] Using default string since no string found in i18n bundle that has the key: tags
2026-04-25 16:37:06.345 [warning] Using default string since no string found in i18n bundle that has the key: Remote branch at {0}
2026-04-25 16:37:06.345 [warning] Using default string since no string found in i18n bundle that has the key: remote branches
2026-04-25 16:37:06.345 [warning] Using default string since no string found in i18n bundle that has the key: Remote branch at {0}
2026-04-25 16:37:06.345 [warning] Using default string since no string found in i18n bundle that has the key: remote branches
2026-04-25 16:37:06.345 [warning] Using default string since no string found in i18n bundle that has the key: Tag at {0}
2026-04-25 16:37:06.345 [warning] Using default string since no string found in i18n bundle that has the key: tags
2026-04-25 16:37:06.345 [warning] Using default string since no string found in i18n bundle that has the key: Remote branch at {0}
2026-04-25 16:37:06.345 [warning] Using default string since no string found in i18n bundle that has the key: remote branches
2026-04-25 16:37:06.345 [warning] Using default string since no string found in i18n bundle that has the key: Tag at {0}
2026-04-25 16:37:06.345 [warning] Using default string since no string found in i18n bundle that has the key: tags
2026-04-25 16:37:06.345 [warning] Using default string since no string found in i18n bundle that has the key: Remote branch at {0}
2026-04-25 16:37:06.345 [warning] Using default string since no string found in i18n bundle that has the key: remote branches
2026-04-25 16:37:06.345 [warning] Using default string since no string found in i18n bundle that has the key: Remote branch at {0}
2026-04-25 16:37:06.345 [warning] Using default string since no string found in i18n bundle that has the key: remote branches
2026-04-25 16:37:06.345 [warning] Using default string since no string found in i18n bundle that has the key: Remote branch at {0}
2026-04-25 16:37:06.345 [warning] Using default string since no string found in i18n bundle that has the key: remote branches
2026-04-25 16:37:06.345 [warning] Using default string since no string found in i18n bundle that has the key: Remote branch at {0}
2026-04-25 16:37:06.345 [warning] Using default string since no string found in i18n bundle that has the key: remote branches
2026-04-25 16:37:06.345 [warning] Using default string since no string found in i18n bundle that has the key: Tag at {0}
2026-04-25 16:37:06.345 [warning] Using default string since no string found in i18n bundle that has the key: tags
2026-04-25 16:37:06.345 [warning] Using default string since no string found in i18n bundle that has the key: Remote branch at {0}
2026-04-25 16:37:06.345 [warning] Using default string since no string found in i18n bundle that has the key: remote branches
2026-04-25 16:37:06.345 [warning] Using default string since no string found in i18n bundle that has the key: Remote branch at {0}
2026-04-25 16:37:06.345 [warning] Using default string since no string found in i18n bundle that has the key: remote branches
2026-04-25 16:37:06.345 [warning] Using default string since no string found in i18n bundle that has the key: Tag at {0}
2026-04-25 16:37:06.345 [warning] Using default string since no string found in i18n bundle that has the key: tags
2026-04-25 16:37:06.345 [warning] Using default string since no string found in i18n bundle that has the key: Remote branch at {0}
2026-04-25 16:37:06.345 [warning] Using default string since no string found in i18n bundle that has the key: remote branches
2026-04-25 16:37:06.345 [warning] Using default string since no string found in i18n bundle that has the key: Remote branch at {0}
2026-04-25 16:37:06.345 [warning] Using default string since no string found in i18n bundle that has the key: remote branches
2026-04-25 16:37:06.345 [warning] Using default string since no string found in i18n bundle that has the key: Remote branch at {0}
2026-04-25 16:37:06.345 [warning] Using default string since no string found in i18n bundle that has the key: remote branches
2026-04-25 16:37:06.345 [warning] Using default string since no string found in i18n bundle that has the key: Remote branch at {0}
2026-04-25 16:37:06.345 [warning] Using default string since no string found in i18n bundle that has the key: remote branches
2026-04-25 16:37:06.345 [warning] Using default string since no string found in i18n bundle that has the key: Remote branch at {0}
2026-04-25 16:37:06.345 [warning] Using default string since no string found in i18n bundle that has the key: remote branches
2026-04-25 16:37:06.345 [warning] Using default string since no string found in i18n bundle that has the key: Remote branch at {0}
2026-04-25 16:37:06.345 [warning] Using default string since no string found in i18n bundle that has the key: remote branches
2026-04-25 16:37:06.345 [warning] Using default string since no string found in i18n bundle that has the key: Tag at {0}
2026-04-25 16:37:06.345 [warning] Using default string since no string found in i18n bundle that has the key: tags
2026-04-25 16:37:06.345 [warning] Using default string since no string found in i18n bundle that has the key: Remote branch at {0}
2026-04-25 16:37:06.345 [warning] Using default string since no string found in i18n bundle that has the key: remote branches
2026-04-25 16:37:06.345 [warning] Using default string since no string found in i18n bundle that has the key: Tag at {0}
2026-04-25 16:37:06.345 [warning] Using default string since no string found in i18n bundle that has the key: tags
2026-04-25 16:37:06.345 [warning] Using default string since no string found in i18n bundle that has the key: Remote branch at {0}
2026-04-25 16:37:06.345 [warning] Using default string since no string found in i18n bundle that has the key: remote branches
2026-04-25 16:37:06.345 [warning] Using default string since no string found in i18n bundle that has the key: Remote branch at {0}
2026-04-25 16:37:06.345 [warning] Using default string since no string found in i18n bundle that has the key: remote branches
2026-04-25 16:37:06.345 [warning] Using default string since no string found in i18n bundle that has the key: Remote branch at {0}
2026-04-25 16:37:06.345 [warning] Using default string since no string found in i18n bundle that has the key: remote branches
2026-04-25 16:37:06.345 [warning] Using default string since no string found in i18n bundle that has the key: Tag at {0}
2026-04-25 16:37:06.345 [warning] Using default string since no string found in i18n bundle that has the key: tags
2026-04-25 16:37:06.345 [warning] Using default string since no string found in i18n bundle that has the key: Remote branch at {0}
2026-04-25 16:37:06.345 [warning] Using default string since no string found in i18n bundle that has the key: remote branches
2026-04-25 16:37:06.345 [warning] Using default string since no string found in i18n bundle that has the key: Tag at {0}
2026-04-25 16:37:06.345 [warning] Using default string since no string found in i18n bundle that has the key: tags
2026-04-25 16:37:06.345 [warning] Using default string since no string found in i18n bundle that has the key: Remote branch at {0}
2026-04-25 16:37:06.345 [warning] Using default string since no string found in i18n bundle that has the key: remote branches
2026-04-25 16:37:06.345 [warning] Using default string since no string found in i18n bundle that has the key: Remote branch at {0}
2026-04-25 16:37:06.345 [warning] Using default string since no string found in i18n bundle that has the key: remote branches
2026-04-25 16:37:06.345 [warning] Using default string since no string found in i18n bundle that has the key: Tag at {0}
2026-04-25 16:37:06.345 [warning] Using default string since no string found in i18n bundle that has the key: tags
2026-04-25 16:37:06.345 [warning] Using default string since no string found in i18n bundle that has the key: Remote branch at {0}
2026-04-25 16:37:06.345 [warning] Using default string since no string found in i18n bundle that has the key: remote branches
2026-04-25 16:37:06.345 [warning] Using default string since no string found in i18n bundle that has the key: Remote branch at {0}
2026-04-25 16:37:06.345 [warning] Using default string since no string found in i18n bundle that has the key: remote branches
2026-04-25 16:37:06.345 [warning] Using default string since no string found in i18n bundle that has the key: Remote branch at {0}
2026-04-25 16:37:06.345 [warning] Using default string since no string found in i18n bundle that has the key: remote branches
2026-04-25 16:37:06.345 [warning] Using default string since no string found in i18n bundle that has the key: Tag at {0}
2026-04-25 16:37:06.345 [warning] Using default string since no string found in i18n bundle that has the key: tags
2026-04-25 16:37:06.345 [warning] Using default string since no string found in i18n bundle that has the key: Remote branch at {0}
2026-04-25 16:37:06.345 [warning] Using default string since no string found in i18n bundle that has the key: remote branches
2026-04-25 16:37:06.345 [warning] Using default string since no string found in i18n bundle that has the key: Tag at {0}
2026-04-25 16:37:06.345 [warning] Using default string since no string found in i18n bundle that has the key: tags
2026-04-25 16:37:06.345 [warning] Using default string since no string found in i18n bundle that has the key: Remote branch at {0}
2026-04-25 16:37:06.345 [warning] Using default string since no string found in i18n bundle that has the key: remote branches
2026-04-25 16:37:06.345 [warning] Using default string since no string found in i18n bundle that has the key: Tag at {0}
2026-04-25 16:37:06.345 [warning] Using default string since no string found in i18n bundle that has the key: tags
2026-04-25 16:37:06.345 [warning] Using default string since no string found in i18n bundle that has the key: Tag at {0}
2026-04-25 16:37:06.345 [warning] Using default string since no string found in i18n bundle that has the key: tags
2026-04-25 16:37:06.345 [warning] Using default string since no string found in i18n bundle that has the key: Remote branch at {0}
2026-04-25 16:37:06.345 [warning] Using default string since no string found in i18n bundle that has the key: remote branches
2026-04-25 16:37:06.345 [warning] Using default string since no string found in i18n bundle that has the key: Remote branch at {0}
2026-04-25 16:37:06.345 [warning] Using default string since no string found in i18n bundle that has the key: remote branches
2026-04-25 16:37:06.345 [warning] Using default string since no string found in i18n bundle that has the key: Remote branch at {0}
2026-04-25 16:37:06.345 [warning] Using default string since no string found in i18n bundle that has the key: remote branches
2026-04-25 16:37:06.345 [warning] Using default string since no string found in i18n bundle that has the key: Remote branch at {0}
2026-04-25 16:37:06.345 [warning] Using default string since no string found in i18n bundle that has the key: remote branches
2026-04-25 16:37:06.345 [warning] Using default string since no string found in i18n bundle that has the key: Tag at {0}
2026-04-25 16:37:06.345 [warning] Using default string since no string found in i18n bundle that has the key: tags
2026-04-25 16:37:06.345 [warning] Using default string since no string found in i18n bundle that has the key: Tag at {0}
2026-04-25 16:37:06.345 [warning] Using default string since no string found in i18n bundle that has the key: tags
2026-04-25 16:37:06.345 [warning] Using default string since no string found in i18n bundle that has the key: Remote branch at {0}
2026-04-25 16:37:06.345 [warning] Using default string since no string found in i18n bundle that has the key: remote branches
2026-04-25 16:37:06.345 [warning] Using default string since no string found in i18n bundle that has the key: Remote branch at {0}
2026-04-25 16:37:06.345 [warning] Using default string since no string found in i18n bundle that has the key: remote branches
2026-04-25 16:37:06.345 [warning] Using default string since no string found in i18n bundle that has the key: Tag at {0}
2026-04-25 16:37:06.345 [warning] Using default string since no string found in i18n bundle that has the key: tags
2026-04-25 16:37:06.345 [warning] Using default string since no string found in i18n bundle that has the key: Remote branch at {0}
2026-04-25 16:37:06.345 [warning] Using default string since no string found in i18n bundle that has the key: remote branches
2026-04-25 16:37:06.345 [warning] Using default string since no string found in i18n bundle that has the key: Tag at {0}
2026-04-25 16:37:06.345 [warning] Using default string since no string found in i18n bundle that has the key: tags
2026-04-25 16:37:06.345 [warning] Using default string since no string found in i18n bundle that has the key: Remote branch at {0}
2026-04-25 16:37:06.345 [warning] Using default string since no string found in i18n bundle that has the key: remote branches
2026-04-25 16:37:06.345 [warning] Using default string since no string found in i18n bundle that has the key: Tag at {0}
2026-04-25 16:37:06.345 [warning] Using default string since no string found in i18n bundle that has the key: tags
2026-04-25 16:37:06.345 [warning] Using default string since no string found in i18n bundle that has the key: Remote branch at {0}
2026-04-25 16:37:06.345 [warning] Using default string since no string found in i18n bundle that has the key: remote branches
2026-04-25 16:37:06.345 [warning] Using default string since no string found in i18n bundle that has the key: Remote branch at {0}
2026-04-25 16:37:06.345 [warning] Using default string since no string found in i18n bundle that has the key: remote branches
2026-04-25 16:37:06.345 [warning] Using default string since no string found in i18n bundle that has the key: Tag at {0}
2026-04-25 16:37:06.345 [warning] Using default string since no string found in i18n bundle that has the key: tags
2026-04-25 16:37:06.345 [warning] Using default string since no string found in i18n bundle that has the key: Remote branch at {0}
2026-04-25 16:37:06.345 [warning] Using default string since no string found in i18n bundle that has the key: remote branches
2026-04-25 16:37:06.345 [warning] Using default string since no string found in i18n bundle that has the key: Remote branch at {0}
2026-04-25 16:37:06.345 [warning] Using default string since no string found in i18n bundle that has the key: remote branches
2026-04-25 16:37:06.345 [warning] Using default string since no string found in i18n bundle that has the key: Remote branch at {0}
2026-04-25 16:37:06.345 [warning] Using default string since no string found in i18n bundle that has the key: remote branches
2026-04-25 16:37:06.345 [warning] Using default string since no string found in i18n bundle that has the key: Tag at {0}
2026-04-25 16:37:06.345 [warning] Using default string since no string found in i18n bundle that has the key: tags
2026-04-25 16:37:06.345 [warning] Using default string since no string found in i18n bundle that has the key: Remote branch at {0}
2026-04-25 16:37:06.345 [warning] Using default string since no string found in i18n bundle that has the key: remote branches
2026-04-25 16:37:06.345 [warning] Using default string since no string found in i18n bundle that has the key: Remote branch at {0}
2026-04-25 16:37:06.345 [warning] Using default string since no string found in i18n bundle that has the key: remote branches
2026-04-25 16:37:06.345 [warning] Using default string since no string found in i18n bundle that has the key: Remote branch at {0}
2026-04-25 16:37:06.345 [warning] Using default string since no string found in i18n bundle that has the key: remote branches
2026-04-25 16:37:06.345 [warning] Using default string since no string found in i18n bundle that has the key: Tag at {0}
2026-04-25 16:37:06.345 [warning] Using default string since no string found in i18n bundle that has the key: tags
2026-04-25 16:37:06.345 [warning] Using default string since no string found in i18n bundle that has the key: Remote branch at {0}
2026-04-25 16:37:06.345 [warning] Using default string since no string found in i18n bundle that has the key: remote branches
2026-04-25 16:37:06.345 [warning] Using default string since no string found in i18n bundle that has the key: Remote branch at {0}
2026-04-25 16:37:06.345 [warning] Using default string since no string found in i18n bundle that has the key: remote branches
2026-04-25 16:37:06.345 [warning] Using default string since no string found in i18n bundle that has the key: Tag at {0}
2026-04-25 16:37:06.345 [warning] Using default string since no string found in i18n bundle that has the key: tags
2026-04-25 16:37:06.345 [warning] Using default string since no string found in i18n bundle that has the key: Remote branch at {0}
2026-04-25 16:37:06.345 [warning] Using default string since no string found in i18n bundle that has the key: remote branches
2026-04-25 16:37:06.345 [warning] Using default string since no string found in i18n bundle that has the key: Tag at {0}
2026-04-25 16:37:06.345 [warning] Using default string since no string found in i18n bundle that has the key: tags
2026-04-25 16:37:06.345 [warning] Using default string since no string found in i18n bundle that has the key: Remote branch at {0}
2026-04-25 16:37:06.345 [warning] Using default string since no string found in i18n bundle that has the key: remote branches
2026-04-25 16:37:06.345 [warning] Using default string since no string found in i18n bundle that has the key: Remote branch at {0}
2026-04-25 16:37:06.345 [warning] Using default string since no string found in i18n bundle that has the key: remote branches
2026-04-25 16:37:06.345 [warning] Using default string since no string found in i18n bundle that has the key: Remote branch at {0}
2026-04-25 16:37:06.345 [warning] Using default string since no string found in i18n bundle that has the key: remote branches
2026-04-25 16:37:06.345 [warning] Using default string since no string found in i18n bundle that has the key: Tag at {0}
2026-04-25 16:37:06.345 [warning] Using default string since no string found in i18n bundle that has the key: tags
2026-04-25 16:37:06.345 [warning] Using default string since no string found in i18n bundle that has the key: Remote branch at {0}
2026-04-25 16:37:06.345 [warning] Using default string since no string found in i18n bundle that has the key: remote branches
2026-04-25 16:37:06.345 [warning] Using default string since no string found in i18n bundle that has the key: Remote branch at {0}
2026-04-25 16:37:06.345 [warning] Using default string since no string found in i18n bundle that has the key: remote branches
2026-04-25 16:37:06.345 [warning] Using default string since no string found in i18n bundle that has the key: Tag at {0}
2026-04-25 16:37:06.345 [warning] Using default string since no string found in i18n bundle that has the key: tags
2026-04-25 16:37:06.345 [warning] Using default string since no string found in i18n bundle that has the key: Remote branch at {0}
2026-04-25 16:37:06.345 [warning] Using default string since no string found in i18n bundle that has the key: remote branches
2026-04-25 16:37:06.345 [warning] Using default string since no string found in i18n bundle that has the key: Tag at {0}
2026-04-25 16:37:06.345 [warning] Using default string since no string found in i18n bundle that has the key: tags
2026-04-25 16:37:06.345 [warning] Using default string since no string found in i18n bundle that has the key: Remote branch at {0}
2026-04-25 16:37:06.345 [warning] Using default string since no string found in i18n bundle that has the key: remote branches
2026-04-25 16:37:06.346 [warning] Using default string since no string found in i18n bundle that has the key: Tag at {0}
2026-04-25 16:37:06.346 [warning] Using default string since no string found in i18n bundle that has the key: tags
2026-04-25 16:37:06.346 [warning] Using default string since no string found in i18n bundle that has the key: Remote branch at {0}
2026-04-25 16:37:06.346 [warning] Using default string since no string found in i18n bundle that has the key: remote branches
2026-04-25 16:37:06.346 [warning] Using default string since no string found in i18n bundle that has the key: Remote branch at {0}
2026-04-25 16:37:06.346 [warning] Using default string since no string found in i18n bundle that has the key: remote branches
2026-04-25 16:37:06.346 [warning] Using default string since no string found in i18n bundle that has the key: Tag at {0}
2026-04-25 16:37:06.346 [warning] Using default string since no string found in i18n bundle that has the key: tags
2026-04-25 16:37:06.346 [warning] Using default string since no string found in i18n bundle that has the key: Remote branch at {0}
2026-04-25 16:37:06.346 [warning] Using default string since no string found in i18n bundle that has the key: remote branches
2026-04-25 16:37:06.346 [warning] Using default string since no string found in i18n bundle that has the key: Tag at {0}
2026-04-25 16:37:06.346 [warning] Using default string since no string found in i18n bundle that has the key: tags
2026-04-25 16:37:06.346 [warning] Using default string since no string found in i18n bundle that has the key: Remote branch at {0}
2026-04-25 16:37:06.346 [warning] Using default string since no string found in i18n bundle that has the key: remote branches
2026-04-25 16:37:06.346 [warning] Using default string since no string found in i18n bundle that has the key: Remote branch at {0}
2026-04-25 16:37:06.346 [warning] Using default string since no string found in i18n bundle that has the key: remote branches
2026-04-25 16:37:06.346 [warning] Using default string since no string found in i18n bundle that has the key: Tag at {0}
2026-04-25 16:37:06.346 [warning] Using default string since no string found in i18n bundle that has the key: tags
2026-04-25 16:37:06.346 [warning] Using default string since no string found in i18n bundle that has the key: Tag at {0}
2026-04-25 16:37:06.346 [warning] Using default string since no string found in i18n bundle that has the key: tags
2026-04-25 16:37:06.346 [warning] Using default string since no string found in i18n bundle that has the key: Remote branch at {0}
2026-04-25 16:37:06.346 [warning] Using default string since no string found in i18n bundle that has the key: remote branches
2026-04-25 16:37:06.346 [warning] Using default string since no string found in i18n bundle that has the key: Remote branch at {0}
2026-04-25 16:37:06.346 [warning] Using default string since no string found in i18n bundle that has the key: remote branches
2026-04-25 16:37:06.346 [warning] Using default string since no string found in i18n bundle that has the key: Tag at {0}
2026-04-25 16:37:06.346 [warning] Using default string since no string found in i18n bundle that has the key: tags
2026-04-25 16:37:06.346 [warning] Using default string since no string found in i18n bundle that has the key: Remote branch at {0}
2026-04-25 16:37:06.346 [warning] Using default string since no string found in i18n bundle that has the key: remote branches
2026-04-25 16:37:06.346 [warning] Using default string since no string found in i18n bundle that has the key: Tag at {0}
2026-04-25 16:37:06.346 [warning] Using default string since no string found in i18n bundle that has the key: tags
2026-04-25 16:37:06.346 [warning] Using default string since no string found in i18n bundle that has the key: Remote branch at {0}
2026-04-25 16:37:06.346 [warning] Using default string since no string found in i18n bundle that has the key: remote branches
2026-04-25 16:37:06.346 [warning] Using default string since no string found in i18n bundle that has the key: Remote branch at {0}
2026-04-25 16:37:06.346 [warning] Using default string since no string found in i18n bundle that has the key: remote branches
2026-04-25 16:37:06.346 [warning] Using default string since no string found in i18n bundle that has the key: Tag at {0}
2026-04-25 16:37:06.346 [warning] Using default string since no string found in i18n bundle that has the key: tags
2026-04-25 16:37:06.346 [warning] Using default string since no string found in i18n bundle that has the key: Tag at {0}
2026-04-25 16:37:06.346 [warning] Using default string since no string found in i18n bundle that has the key: tags
2026-04-25 16:37:06.346 [warning] Using default string since no string found in i18n bundle that has the key: Remote branch at {0}
2026-04-25 16:37:06.346 [warning] Using default string since no string found in i18n bundle that has the key: remote branches
2026-04-25 16:37:06.346 [warning] Using default string since no string found in i18n bundle that has the key: Remote branch at {0}
2026-04-25 16:37:06.346 [warning] Using default string since no string found in i18n bundle that has the key: remote branches
2026-04-25 16:37:06.346 [warning] Using default string since no string found in i18n bundle that has the key: Remote branch at {0}
2026-04-25 16:37:06.346 [warning] Using default string since no string found in i18n bundle that has the key: remote branches
2026-04-25 16:37:06.346 [warning] Using default string since no string found in i18n bundle that has the key: Remote branch at {0}
2026-04-25 16:37:06.346 [warning] Using default string since no string found in i18n bundle that has the key: remote branches
2026-04-25 16:37:06.346 [warning] Using default string since no string found in i18n bundle that has the key: Tag at {0}
2026-04-25 16:37:06.346 [warning] Using default string since no string found in i18n bundle that has the key: tags
2026-04-25 16:37:06.346 [warning] Using default string since no string found in i18n bundle that has the key: Tag at {0}
2026-04-25 16:37:06.346 [warning] Using default string since no string found in i18n bundle that has the key: tags
2026-04-25 16:37:06.346 [warning] Using default string since no string found in i18n bundle that has the key: Remote branch at {0}
2026-04-25 16:37:06.346 [warning] Using default string since no string found in i18n bundle that has the key: remote branches
2026-04-25 16:37:06.346 [warning] Using default string since no string found in i18n bundle that has the key: Tag at {0}
2026-04-25 16:37:06.346 [warning] Using default string since no string found in i18n bundle that has the key: tags
2026-04-25 16:37:06.346 [warning] Using default string since no string found in i18n bundle that has the key: Remote branch at {0}
2026-04-25 16:37:06.346 [warning] Using default string since no string found in i18n bundle that has the key: remote branches
2026-04-25 16:37:06.346 [warning] Using default string since no string found in i18n bundle that has the key: Remote branch at {0}
2026-04-25 16:37:06.346 [warning] Using default string since no string found in i18n bundle that has the key: remote branches
2026-04-25 16:37:06.346 [warning] Using default string since no string found in i18n bundle that has the key: Remote branch at {0}
2026-04-25 16:37:06.346 [warning] Using default string since no string found in i18n bundle that has the key: remote branches
2026-04-25 16:37:06.346 [warning] Using default string since no string found in i18n bundle that has the key: Remote branch at {0}
2026-04-25 16:37:06.346 [warning] Using default string since no string found in i18n bundle that has the key: remote branches
2026-04-25 16:37:06.346 [warning] Using default string since no string found in i18n bundle that has the key: Tag at {0}
2026-04-25 16:37:06.346 [warning] Using default string since no string found in i18n bundle that has the key: tags
2026-04-25 16:37:06.346 [warning] Using default string since no string found in i18n bundle that has the key: Remote branch at {0}
2026-04-25 16:37:06.346 [warning] Using default string since no string found in i18n bundle that has the key: remote branches
2026-04-25 16:37:06.346 [warning] Using default string since no string found in i18n bundle that has the key: Tag at {0}
2026-04-25 16:37:06.346 [warning] Using default string since no string found in i18n bundle that has the key: tags
2026-04-25 16:37:06.346 [warning] Using default string since no string found in i18n bundle that has the key: Remote branch at {0}
2026-04-25 16:37:06.346 [warning] Using default string since no string found in i18n bundle that has the key: remote branches
2026-04-25 16:37:06.346 [warning] Using default string since no string found in i18n bundle that has the key: Tag at {0}
2026-04-25 16:37:06.346 [warning] Using default string since no string found in i18n bundle that has the key: tags
2026-04-25 16:37:06.346 [warning] Using default string since no string found in i18n bundle that has the key: Remote branch at {0}
2026-04-25 16:37:06.346 [warning] Using default string since no string found in i18n bundle that has the key: remote branches
2026-04-25 16:37:06.346 [warning] Using default string since no string found in i18n bundle that has the key: Remote branch at {0}
2026-04-25 16:37:06.346 [warning] Using default string since no string found in i18n bundle that has the key: remote branches
2026-04-25 16:37:06.346 [warning] Using default string since no string found in i18n bundle that has the key: Remote branch at {0}
2026-04-25 16:37:06.346 [warning] Using default string since no string found in i18n bundle that has the key: remote branches
2026-04-25 16:37:06.346 [warning] Using default string since no string found in i18n bundle that has the key: Tag at {0}
2026-04-25 16:37:06.346 [warning] Using default string since no string found in i18n bundle that has the key: tags
2026-04-25 16:37:06.346 [warning] Using default string since no string found in i18n bundle that has the key: Tag at {0}
2026-04-25 16:37:06.346 [warning] Using default string since no string found in i18n bundle that has the key: tags
2026-04-25 16:37:06.346 [warning] Using default string since no string found in i18n bundle that has the key: Remote branch at {0}
2026-04-25 16:37:06.346 [warning] Using default string since no string found in i18n bundle that has the key: remote branches
2026-04-25 16:37:06.346 [warning] Using default string since no string found in i18n bundle that has the key: Remote branch at {0}
2026-04-25 16:37:06.346 [warning] Using default string since no string found in i18n bundle that has the key: remote branches
2026-04-25 16:37:06.346 [warning] Using default string since no string found in i18n bundle that has the key: Tag at {0}
2026-04-25 16:37:06.346 [warning] Using default string since no string found in i18n bundle that has the key: tags
2026-04-25 16:37:06.346 [warning] Using default string since no string found in i18n bundle that has the key: Tag at {0}
2026-04-25 16:37:06.346 [warning] Using default string since no string found in i18n bundle that has the key: tags
2026-04-25 16:37:06.346 [warning] Using default string since no string found in i18n bundle that has the key: Remote branch at {0}
2026-04-25 16:37:06.346 [warning] Using default string since no string found in i18n bundle that has the key: remote branches
2026-04-25 16:37:06.346 [warning] Using default string since no string found in i18n bundle that has the key: Tag at {0}
2026-04-25 16:37:06.346 [warning] Using default string since no string found in i18n bundle that has the key: tags
2026-04-25 16:37:06.346 [warning] Using default string since no string found in i18n bundle that has the key: Tag at {0}
2026-04-25 16:37:06.346 [warning] Using default string since no string found in i18n bundle that has the key: tags
2026-04-25 16:37:06.346 [warning] Using default string since no string found in i18n bundle that has the key: Remote branch at {0}
2026-04-25 16:37:06.346 [warning] Using default string since no string found in i18n bundle that has the key: remote branches
2026-04-25 16:37:06.346 [warning] Using default string since no string found in i18n bundle that has the key: Remote branch at {0}
2026-04-25 16:37:06.346 [warning] Using default string since no string found in i18n bundle that has the key: remote branches
2026-04-25 16:37:06.346 [warning] Using default string since no string found in i18n bundle that has the key: Tag at {0}
2026-04-25 16:37:06.346 [warning] Using default string since no string found in i18n bundle that has the key: tags
2026-04-25 16:37:06.346 [warning] Using default string since no string found in i18n bundle that has the key: Tag at {0}
2026-04-25 16:37:06.346 [warning] Using default string since no string found in i18n bundle that has the key: tags
2026-04-25 16:37:06.346 [warning] Using default string since no string found in i18n bundle that has the key: Remote branch at {0}
2026-04-25 16:37:06.346 [warning] Using default string since no string found in i18n bundle that has the key: remote branches
2026-04-25 16:37:06.346 [warning] Using default string since no string found in i18n bundle that has the key: Tag at {0}
2026-04-25 16:37:06.346 [warning] Using default string since no string found in i18n bundle that has the key: tags
2026-04-25 16:37:06.346 [warning] Using default string since no string found in i18n bundle that has the key: Remote branch at {0}
2026-04-25 16:37:06.346 [warning] Using default string since no string found in i18n bundle that has the key: remote branches
2026-04-25 16:37:06.346 [warning] Using default string since no string found in i18n bundle that has the key: Tag at {0}
2026-04-25 16:37:06.346 [warning] Using default string since no string found in i18n bundle that has the key: tags
2026-04-25 16:37:06.346 [warning] Using default string since no string found in i18n bundle that has the key: Tag at {0}
2026-04-25 16:37:06.346 [warning] Using default string since no string found in i18n bundle that has the key: tags
2026-04-25 16:37:06.346 [warning] Using default string since no string found in i18n bundle that has the key: Remote branch at {0}
2026-04-25 16:37:06.346 [warning] Using default string since no string found in i18n bundle that has the key: remote branches
2026-04-25 16:37:06.346 [warning] Using default string since no string found in i18n bundle that has the key: Remote branch at {0}
2026-04-25 16:37:06.346 [warning] Using default string since no string found in i18n bundle that has the key: remote branches
2026-04-25 16:37:06.346 [warning] Using default string since no string found in i18n bundle that has the key: Tag at {0}
2026-04-25 16:37:06.346 [warning] Using default string since no string found in i18n bundle that has the key: tags
2026-04-25 16:37:06.346 [warning] Using default string since no string found in i18n bundle that has the key: Tag at {0}
2026-04-25 16:37:06.346 [warning] Using default string since no string found in i18n bundle that has the key: tags
2026-04-25 16:37:06.346 [warning] Using default string since no string found in i18n bundle that has the key: Remote branch at {0}
2026-04-25 16:37:06.346 [warning] Using default string since no string found in i18n bundle that has the key: remote branches
2026-04-25 16:37:06.346 [warning] Using default string since no string found in i18n bundle that has the key: Tag at {0}
2026-04-25 16:37:06.346 [warning] Using default string since no string found in i18n bundle that has the key: tags
2026-04-25 16:37:06.346 [warning] Using default string since no string found in i18n bundle that has the key: Tag at {0}
2026-04-25 16:37:06.346 [warning] Using default string since no string found in i18n bundle that has the key: tags
2026-04-25 16:37:06.346 [warning] Using default string since no string found in i18n bundle that has the key: Remote branch at {0}
2026-04-25 16:37:06.346 [warning] Using default string since no string found in i18n bundle that has the key: remote branches
2026-04-25 16:37:06.346 [warning] Using default string since no string found in i18n bundle that has the key: Tag at {0}
2026-04-25 16:37:06.346 [warning] Using default string since no string found in i18n bundle that has the key: tags
2026-04-25 16:37:06.346 [warning] Using default string since no string found in i18n bundle that has the key: Tag at {0}
2026-04-25 16:37:06.346 [warning] Using default string since no string found in i18n bundle that has the key: tags
2026-04-25 16:37:06.346 [warning] Using default string since no string found in i18n bundle that has the key: Tag at {0}
2026-04-25 16:37:06.346 [warning] Using default string since no string found in i18n bundle that has the key: tags
2026-04-25 16:37:06.346 [warning] Using default string since no string found in i18n bundle that has the key: Tag at {0}
2026-04-25 16:37:06.346 [warning] Using default string since no string found in i18n bundle that has the key: tags
2026-04-25 16:37:06.346 [warning] Using default string since no string found in i18n bundle that has the key: Tag at {0}
2026-04-25 16:37:06.346 [warning] Using default string since no string found in i18n bundle that has the key: tags
2026-04-25 16:37:06.346 [warning] Using default string since no string found in i18n bundle that has the key: Remote branch at {0}
2026-04-25 16:37:06.346 [warning] Using default string since no string found in i18n bundle that has the key: remote branches
2026-04-25 16:37:06.346 [warning] Using default string since no string found in i18n bundle that has the key: Tag at {0}
2026-04-25 16:37:06.346 [warning] Using default string since no string found in i18n bundle that has the key: tags
2026-04-25 16:37:06.346 [warning] Using default string since no string found in i18n bundle that has the key: Tag at {0}
2026-04-25 16:37:06.346 [warning] Using default string since no string found in i18n bundle that has the key: tags
2026-04-25 16:37:06.346 [warning] Using default string since no string found in i18n bundle that has the key: Remote branch at {0}
2026-04-25 16:37:06.346 [warning] Using default string since no string found in i18n bundle that has the key: remote branches
2026-04-25 16:37:06.346 [warning] Using default string since no string found in i18n bundle that has the key: Tag at {0}
2026-04-25 16:37:06.346 [warning] Using default string since no string found in i18n bundle that has the key: tags
2026-04-25 16:37:06.346 [warning] Using default string since no string found in i18n bundle that has the key: Remote branch at {0}
2026-04-25 16:37:06.346 [warning] Using default string since no string found in i18n bundle that has the key: remote branches
2026-04-25 16:37:06.346 [warning] Using default string since no string found in i18n bundle that has the key: Tag at {0}
2026-04-25 16:37:06.346 [warning] Using default string since no string found in i18n bundle that has the key: tags
2026-04-25 16:37:06.346 [warning] Using default string since no string found in i18n bundle that has the key: Tag at {0}
2026-04-25 16:37:06.346 [warning] Using default string since no string found in i18n bundle that has the key: tags
2026-04-25 16:37:06.346 [warning] Using default string since no string found in i18n bundle that has the key: Remote branch at {0}
2026-04-25 16:37:06.346 [warning] Using default string since no string found in i18n bundle that has the key: remote branches
2026-04-25 16:37:06.346 [warning] Using default string since no string found in i18n bundle that has the key: Tag at {0}
2026-04-25 16:37:06.346 [warning] Using default string since no string found in i18n bundle that has the key: tags
2026-04-25 16:37:06.346 [warning] Using default string since no string found in i18n bundle that has the key: Remote branch at {0}
2026-04-25 16:37:06.346 [warning] Using default string since no string found in i18n bundle that has the key: remote branches
2026-04-25 16:37:06.346 [warning] Using default string since no string found in i18n bundle that has the key: Tag at {0}
2026-04-25 16:37:06.346 [warning] Using default string since no string found in i18n bundle that has the key: tags
2026-04-25 16:37:06.346 [warning] Using default string since no string found in i18n bundle that has the key: Tag at {0}
2026-04-25 16:37:06.346 [warning] Using default string since no string found in i18n bundle that has the key: tags
2026-04-25 16:37:06.346 [warning] Using default string since no string found in i18n bundle that has the key: Tag at {0}
2026-04-25 16:37:06.346 [warning] Using default string since no string found in i18n bundle that has the key: tags
2026-04-25 16:37:06.346 [warning] Using default string since no string found in i18n bundle that has the key: Tag at {0}
2026-04-25 16:37:06.346 [warning] Using default string since no string found in i18n bundle that has the key: tags
2026-04-25 16:37:06.346 [warning] Using default string since no string found in i18n bundle that has the key: Tag at {0}
2026-04-25 16:37:06.346 [warning] Using default string since no string found in i18n bundle that has the key: tags
2026-04-25 16:37:06.346 [warning] Using default string since no string found in i18n bundle that has the key: Tag at {0}
2026-04-25 16:37:06.346 [warning] Using default string since no string found in i18n bundle that has the key: tags
2026-04-25 16:37:06.346 [warning] Using default string since no string found in i18n bundle that has the key: Tag at {0}
2026-04-25 16:37:06.346 [warning] Using default string since no string found in i18n bundle that has the key: tags
2026-04-25 16:37:06.346 [warning] Using default string since no string found in i18n bundle that has the key: Tag at {0}
2026-04-25 16:37:06.346 [warning] Using default string since no string found in i18n bundle that has the key: tags
2026-04-25 16:37:06.346 [warning] Using default string since no string found in i18n bundle that has the key: Tag at {0}
2026-04-25 16:37:06.346 [warning] Using default string since no string found in i18n bundle that has the key: tags
2026-04-25 16:37:06.346 [warning] Using default string since no string found in i18n bundle that has the key: Tag at {0}
2026-04-25 16:37:06.346 [warning] Using default string since no string found in i18n bundle that has the key: tags
2026-04-25 16:37:06.346 [warning] Using default string since no string found in i18n bundle that has the key: Tag at {0}
2026-04-25 16:37:06.346 [warning] Using default string since no string found in i18n bundle that has the key: tags
2026-04-25 16:37:06.346 [warning] Using default string since no string found in i18n bundle that has the key: Tag at {0}
2026-04-25 16:37:06.346 [warning] Using default string since no string found in i18n bundle that has the key: tags
2026-04-25 16:37:06.346 [warning] Using default string since no string found in i18n bundle that has the key: Tag at {0}
2026-04-25 16:37:06.346 [warning] Using default string since no string found in i18n bundle that has the key: tags
2026-04-25 16:37:06.346 [warning] Using default string since no string found in i18n bundle that has the key: Tag at {0}
2026-04-25 16:37:06.346 [warning] Using default string since no string found in i18n bundle that has the key: tags
2026-04-25 16:37:06.346 [warning] Using default string since no string found in i18n bundle that has the key: Tag at {0}
2026-04-25 16:37:06.346 [warning] Using default string since no string found in i18n bundle that has the key: tags
2026-04-25 16:37:06.346 [warning] Using default string since no string found in i18n bundle that has the key: Remote branch at {0}
2026-04-25 16:37:06.346 [warning] Using default string since no string found in i18n bundle that has the key: remote branches
2026-04-25 16:37:06.346 [warning] Using default string since no string found in i18n bundle that has the key: Tag at {0}
2026-04-25 16:37:06.346 [warning] Using default string since no string found in i18n bundle that has the key: tags
2026-04-25 16:37:06.346 [warning] Using default string since no string found in i18n bundle that has the key: Tag at {0}
2026-04-25 16:37:06.346 [warning] Using default string since no string found in i18n bundle that has the key: tags
2026-04-25 16:37:06.346 [warning] Using default string since no string found in i18n bundle that has the key: Tag at {0}
2026-04-25 16:37:06.346 [warning] Using default string since no string found in i18n bundle that has the key: tags
2026-04-25 16:37:06.346 [warning] Using default string since no string found in i18n bundle that has the key: Tag at {0}
2026-04-25 16:37:06.346 [warning] Using default string since no string found in i18n bundle that has the key: tags
2026-04-25 16:37:06.346 [warning] Using default string since no string found in i18n bundle that has the key: Tag at {0}
2026-04-25 16:37:06.346 [warning] Using default string since no string found in i18n bundle that has the key: tags
2026-04-25 16:37:06.346 [warning] Using default string since no string found in i18n bundle that has the key: Remote branch at {0}
2026-04-25 16:37:06.346 [warning] Using default string since no string found in i18n bundle that has the key: remote branches
2026-04-25 16:37:06.346 [warning] Using default string since no string found in i18n bundle that has the key: Remote branch at {0}
2026-04-25 16:37:06.346 [warning] Using default string since no string found in i18n bundle that has the key: remote branches
2026-04-25 16:37:06.346 [warning] Using default string since no string found in i18n bundle that has the key: Tag at {0}
2026-04-25 16:37:06.346 [warning] Using default string since no string found in i18n bundle that has the key: tags
2026-04-25 16:37:06.346 [warning] Using default string since no string found in i18n bundle that has the key: Tag at {0}
2026-04-25 16:37:06.346 [warning] Using default string since no string found in i18n bundle that has the key: tags
2026-04-25 16:37:06.346 [warning] Using default string since no string found in i18n bundle that has the key: Tag at {0}
2026-04-25 16:37:06.346 [warning] Using default string since no string found in i18n bundle that has the key: tags
2026-04-25 16:37:06.346 [warning] Using default string since no string found in i18n bundle that has the key: Remote branch at {0}
2026-04-25 16:37:06.346 [warning] Using default string since no string found in i18n bundle that has the key: remote branches
2026-04-25 16:37:06.346 [warning] Using default string since no string found in i18n bundle that has the key: Tag at {0}
2026-04-25 16:37:06.346 [warning] Using default string since no string found in i18n bundle that has the key: tags
2026-04-25 16:37:06.346 [warning] Using default string since no string found in i18n bundle that has the key: Tag at {0}
2026-04-25 16:37:06.346 [warning] Using default string since no string found in i18n bundle that has the key: tags
2026-04-25 16:37:06.346 [warning] Using default string since no string found in i18n bundle that has the key: Remote branch at {0}
2026-04-25 16:37:06.346 [warning] Using default string since no string found in i18n bundle that has the key: remote branches
2026-04-25 16:37:06.346 [warning] Using default string since no string found in i18n bundle that has the key: Remote branch at {0}
2026-04-25 16:37:06.346 [warning] Using default string since no string found in i18n bundle that has the key: remote branches
2026-04-25 16:37:06.346 [warning] Using default string since no string found in i18n bundle that has the key: Tag at {0}
2026-04-25 16:37:06.346 [warning] Using default string since no string found in i18n bundle that has the key: tags
2026-04-25 16:37:06.346 [warning] Using default string since no string found in i18n bundle that has the key: Tag at {0}
2026-04-25 16:37:06.346 [warning] Using default string since no string found in i18n bundle that has the key: tags
2026-04-25 16:37:06.346 [warning] Using default string since no string found in i18n bundle that has the key: Tag at {0}
2026-04-25 16:37:06.346 [warning] Using default string since no string found in i18n bundle that has the key: tags
2026-04-25 16:37:06.346 [warning] Using default string since no string found in i18n bundle that has the key: Remote branch at {0}
2026-04-25 16:37:06.346 [warning] Using default string since no string found in i18n bundle that has the key: remote branches
2026-04-25 16:37:06.346 [warning] Using default string since no string found in i18n bundle that has the key: Tag at {0}
2026-04-25 16:37:06.346 [warning] Using default string since no string found in i18n bundle that has the key: tags
2026-04-25 16:37:06.346 [warning] Using default string since no string found in i18n bundle that has the key: Tag at {0}
2026-04-25 16:37:06.346 [warning] Using default string since no string found in i18n bundle that has the key: tags
2026-04-25 16:37:06.346 [warning] Using default string since no string found in i18n bundle that has the key: Tag at {0}
2026-04-25 16:37:06.346 [warning] Using default string since no string found in i18n bundle that has the key: tags
2026-04-25 16:37:06.346 [warning] Using default string since no string found in i18n bundle that has the key: Tag at {0}
2026-04-25 16:37:06.346 [warning] Using default string since no string found in i18n bundle that has the key: tags
2026-04-25 16:37:06.346 [warning] Using default string since no string found in i18n bundle that has the key: Tag at {0}
2026-04-25 16:37:06.346 [warning] Using default string since no string found in i18n bundle that has the key: tags
2026-04-25 16:37:06.346 [warning] Using default string since no string found in i18n bundle that has the key: Tag at {0}
2026-04-25 16:37:06.346 [warning] Using default string since no string found in i18n bundle that has the key: tags
2026-04-25 16:37:06.346 [warning] Using default string since no string found in i18n bundle that has the key: Tag at {0}
2026-04-25 16:37:06.346 [warning] Using default string since no string found in i18n bundle that has the key: tags
2026-04-25 16:37:06.346 [warning] Using default string since no string found in i18n bundle that has the key: Tag at {0}
2026-04-25 16:37:06.346 [warning] Using default string since no string found in i18n bundle that has the key: tags
2026-04-25 16:37:06.346 [warning] Using default string since no string found in i18n bundle that has the key: Tag at {0}
2026-04-25 16:37:06.346 [warning] Using default string since no string found in i18n bundle that has the key: tags
2026-04-25 16:37:06.346 [warning] Using default string since no string found in i18n bundle that has the key: Tag at {0}
2026-04-25 16:37:06.346 [warning] Using default string since no string found in i18n bundle that has the key: tags
2026-04-25 16:37:06.346 [warning] Using default string since no string found in i18n bundle that has the key: Tag at {0}
2026-04-25 16:37:06.346 [warning] Using default string since no string found in i18n bundle that has the key: tags
2026-04-25 16:37:06.346 [warning] Using default string since no string found in i18n bundle that has the key: Tag at {0}
2026-04-25 16:37:06.346 [warning] Using default string since no string found in i18n bundle that has the key: tags
2026-04-25 16:37:06.346 [warning] Using default string since no string found in i18n bundle that has the key: Tag at {0}
2026-04-25 16:37:06.346 [warning] Using default string since no string found in i18n bundle that has the key: tags
2026-04-25 16:37:06.346 [warning] Using default string since no string found in i18n bundle that has the key: Tag at {0}
2026-04-25 16:37:06.346 [warning] Using default string since no string found in i18n bundle that has the key: tags
2026-04-25 16:37:06.346 [warning] Using default string since no string found in i18n bundle that has the key: Tag at {0}
2026-04-25 16:37:06.346 [warning] Using default string since no string found in i18n bundle that has the key: tags
2026-04-25 16:37:06.346 [warning] Using default string since no string found in i18n bundle that has the key: Tag at {0}
2026-04-25 16:37:06.347 [warning] Using default string since no string found in i18n bundle that has the key: tags
2026-04-25 16:37:06.347 [warning] Using default string since no string found in i18n bundle that has the key: Tag at {0}
2026-04-25 16:37:06.347 [warning] Using default string since no string found in i18n bundle that has the key: tags
2026-04-25 16:37:06.347 [warning] Using default string since no string found in i18n bundle that has the key: Tag at {0}
2026-04-25 16:37:06.347 [warning] Using default string since no string found in i18n bundle that has the key: tags
2026-04-25 16:37:06.347 [warning] Using default string since no string found in i18n bundle that has the key: Tag at {0}
2026-04-25 16:37:06.347 [warning] Using default string since no string found in i18n bundle that has the key: tags
2026-04-25 16:37:06.347 [warning] Using default string since no string found in i18n bundle that has the key: Tag at {0}
2026-04-25 16:37:06.347 [warning] Using default string since no string found in i18n bundle that has the key: tags
2026-04-25 16:37:06.347 [warning] Using default string since no string found in i18n bundle that has the key: Tag at {0}
2026-04-25 16:37:06.347 [warning] Using default string since no string found in i18n bundle that has the key: tags
2026-04-25 16:37:06.347 [warning] Using default string since no string found in i18n bundle that has the key: Tag at {0}
2026-04-25 16:37:06.347 [warning] Using default string since no string found in i18n bundle that has the key: tags
2026-04-25 16:37:06.347 [warning] Using default string since no string found in i18n bundle that has the key: Tag at {0}
2026-04-25 16:37:06.347 [warning] Using default string since no string found in i18n bundle that has the key: tags
2026-04-25 16:37:06.347 [warning] Using default string since no string found in i18n bundle that has the key: Tag at {0}
2026-04-25 16:37:06.347 [warning] Using default string since no string found in i18n bundle that has the key: tags
2026-04-25 16:37:06.347 [warning] Using default string since no string found in i18n bundle that has the key: Tag at {0}
2026-04-25 16:37:06.347 [warning] Using default string since no string found in i18n bundle that has the key: tags
2026-04-25 16:37:06.347 [warning] Using default string since no string found in i18n bundle that has the key: Tag at {0}
2026-04-25 16:37:06.347 [warning] Using default string since no string found in i18n bundle that has the key: tags
2026-04-25 16:37:06.347 [warning] Using default string since no string found in i18n bundle that has the key: Tag at {0}
2026-04-25 16:37:06.347 [warning] Using default string since no string found in i18n bundle that has the key: tags
2026-04-25 16:37:06.347 [warning] Using default string since no string found in i18n bundle that has the key: Tag at {0}
2026-04-25 16:37:06.347 [warning] Using default string since no string found in i18n bundle that has the key: tags
2026-04-25 16:37:06.347 [warning] Using default string since no string found in i18n bundle that has the key: Tag at {0}
2026-04-25 16:37:06.347 [warning] Using default string since no string found in i18n bundle that has the key: tags
2026-04-25 16:37:06.347 [warning] Using default string since no string found in i18n bundle that has the key: Tag at {0}
2026-04-25 16:37:06.347 [warning] Using default string since no string found in i18n bundle that has the key: tags
2026-04-25 16:37:06.347 [warning] Using default string since no string found in i18n bundle that has the key: Tag at {0}
2026-04-25 16:37:06.347 [warning] Using default string since no string found in i18n bundle that has the key: tags
2026-04-25 16:37:06.347 [warning] Using default string since no string found in i18n bundle that has the key: Tag at {0}
2026-04-25 16:37:06.347 [warning] Using default string since no string found in i18n bundle that has the key: tags
2026-04-25 16:37:06.347 [warning] Using default string since no string found in i18n bundle that has the key: Tag at {0}
2026-04-25 16:37:06.347 [warning] Using default string since no string found in i18n bundle that has the key: tags
2026-04-25 16:37:06.347 [warning] Using default string since no string found in i18n bundle that has the key: Tag at {0}
2026-04-25 16:37:06.347 [warning] Using default string since no string found in i18n bundle that has the key: tags
2026-04-25 16:37:06.347 [warning] Using default string since no string found in i18n bundle that has the key: Tag at {0}
2026-04-25 16:37:06.347 [warning] Using default string since no string found in i18n bundle that has the key: tags
2026-04-25 16:37:06.347 [warning] Using default string since no string found in i18n bundle that has the key: Tag at {0}
2026-04-25 16:37:06.347 [warning] Using default string since no string found in i18n bundle that has the key: tags
2026-04-25 16:37:06.347 [warning] Using default string since no string found in i18n bundle that has the key: Tag at {0}
2026-04-25 16:37:06.347 [warning] Using default string since no string found in i18n bundle that has the key: tags
2026-04-25 16:37:06.347 [warning] Using default string since no string found in i18n bundle that has the key: Tag at {0}
2026-04-25 16:37:06.347 [warning] Using default string since no string found in i18n bundle that has the key: tags
2026-04-25 16:37:06.347 [warning] Using default string since no string found in i18n bundle that has the key: Tag at {0}
2026-04-25 16:37:06.347 [warning] Using default string since no string found in i18n bundle that has the key: tags
2026-04-25 16:37:06.347 [warning] Using default string since no string found in i18n bundle that has the key: Tag at {0}
2026-04-25 16:37:06.347 [warning] Using default string since no string found in i18n bundle that has the key: tags
2026-04-25 16:37:06.347 [warning] Using default string since no string found in i18n bundle that has the key: Tag at {0}
2026-04-25 16:37:06.347 [warning] Using default string since no string found in i18n bundle that has the key: tags
2026-04-25 16:37:06.347 [warning] Using default string since no string found in i18n bundle that has the key: Tag at {0}
2026-04-25 16:37:06.347 [warning] Using default string since no string found in i18n bundle that has the key: tags
2026-04-25 16:37:06.347 [warning] Using default string since no string found in i18n bundle that has the key: Tag at {0}
2026-04-25 16:37:06.347 [warning] Using default string since no string found in i18n bundle that has the key: tags
2026-04-25 16:37:06.347 [warning] Using default string since no string found in i18n bundle that has the key: Tag at {0}
2026-04-25 16:37:06.347 [warning] Using default string since no string found in i18n bundle that has the key: tags
2026-04-25 16:37:06.347 [warning] Using default string since no string found in i18n bundle that has the key: Tag at {0}
2026-04-25 16:37:06.347 [warning] Using default string since no string found in i18n bundle that has the key: tags
2026-04-25 16:37:06.347 [warning] Using default string since no string found in i18n bundle that has the key: Tag at {0}
2026-04-25 16:37:06.347 [warning] Using default string since no string found in i18n bundle that has the key: tags
2026-04-25 16:37:06.347 [warning] Using default string since no string found in i18n bundle that has the key: Tag at {0}
2026-04-25 16:37:06.347 [warning] Using default string since no string found in i18n bundle that has the key: tags
2026-04-25 16:37:06.347 [warning] Using default string since no string found in i18n bundle that has the key: Tag at {0}
2026-04-25 16:37:06.347 [warning] Using default string since no string found in i18n bundle that has the key: tags
2026-04-25 16:37:06.347 [warning] Using default string since no string found in i18n bundle that has the key: Tag at {0}
2026-04-25 16:37:06.347 [warning] Using default string since no string found in i18n bundle that has the key: tags
2026-04-25 16:37:06.347 [warning] Using default string since no string found in i18n bundle that has the key: Tag at {0}
2026-04-25 16:37:06.347 [warning] Using default string since no string found in i18n bundle that has the key: tags
2026-04-25 16:37:06.347 [warning] Using default string since no string found in i18n bundle that has the key: Tag at {0}
2026-04-25 16:37:06.347 [warning] Using default string since no string found in i18n bundle that has the key: tags
2026-04-25 16:37:06.347 [warning] Using default string since no string found in i18n bundle that has the key: Tag at {0}
2026-04-25 16:37:06.347 [warning] Using default string since no string found in i18n bundle that has the key: tags
2026-04-25 16:37:06.347 [warning] Using default string since no string found in i18n bundle that has the key: Tag at {0}
2026-04-25 16:37:06.347 [warning] Using default string since no string found in i18n bundle that has the key: tags
2026-04-25 16:37:06.347 [warning] Using default string since no string found in i18n bundle that has the key: Tag at {0}
2026-04-25 16:37:06.347 [warning] Using default string since no string found in i18n bundle that has the key: tags
2026-04-25 16:37:06.347 [warning] Using default string since no string found in i18n bundle that has the key: Tag at {0}
2026-04-25 16:37:06.347 [warning] Using default string since no string found in i18n bundle that has the key: tags
2026-04-25 16:37:06.347 [warning] Using default string since no string found in i18n bundle that has the key: Tag at {0}
2026-04-25 16:37:06.347 [warning] Using default string since no string found in i18n bundle that has the key: tags
2026-04-25 16:37:06.347 [warning] Using default string since no string found in i18n bundle that has the key: Tag at {0}
2026-04-25 16:37:06.347 [warning] Using default string since no string found in i18n bundle that has the key: tags
2026-04-25 16:37:06.347 [warning] Using default string since no string found in i18n bundle that has the key: Tag at {0}
2026-04-25 16:37:06.347 [warning] Using default string since no string found in i18n bundle that has the key: tags
2026-04-25 16:37:06.347 [warning] Using default string since no string found in i18n bundle that has the key: Tag at {0}
2026-04-25 16:37:06.347 [warning] Using default string since no string found in i18n bundle that has the key: tags
2026-04-25 16:37:06.347 [warning] Using default string since no string found in i18n bundle that has the key: Tag at {0}
2026-04-25 16:37:06.347 [warning] Using default string since no string found in i18n bundle that has the key: tags
2026-04-25 16:37:06.347 [warning] Using default string since no string found in i18n bundle that has the key: Tag at {0}
2026-04-25 16:37:06.347 [warning] Using default string since no string found in i18n bundle that has the key: tags
2026-04-25 16:37:06.347 [warning] Using default string since no string found in i18n bundle that has the key: Tag at {0}
2026-04-25 16:37:06.347 [warning] Using default string since no string found in i18n bundle that has the key: tags
2026-04-25 16:37:06.347 [warning] Using default string since no string found in i18n bundle that has the key: Tag at {0}
2026-04-25 16:37:06.347 [warning] Using default string since no string found in i18n bundle that has the key: tags
2026-04-25 16:37:06.347 [warning] Using default string since no string found in i18n bundle that has the key: Tag at {0}
2026-04-25 16:37:06.347 [warning] Using default string since no string found in i18n bundle that has the key: tags
2026-04-25 16:37:06.347 [warning] Using default string since no string found in i18n bundle that has the key: Tag at {0}
2026-04-25 16:37:06.347 [warning] Using default string since no string found in i18n bundle that has the key: tags
2026-04-25 16:37:06.347 [warning] Using default string since no string found in i18n bundle that has the key: Tag at {0}
2026-04-25 16:37:06.347 [warning] Using default string since no string found in i18n bundle that has the key: tags
2026-04-25 16:37:06.347 [warning] Using default string since no string found in i18n bundle that has the key: Tag at {0}
2026-04-25 16:37:06.347 [warning] Using default string since no string found in i18n bundle that has the key: tags
2026-04-25 16:37:06.347 [warning] Using default string since no string found in i18n bundle that has the key: Tag at {0}
2026-04-25 16:37:06.347 [warning] Using default string since no string found in i18n bundle that has the key: tags
2026-04-25 16:37:06.347 [warning] Using default string since no string found in i18n bundle that has the key: Tag at {0}
2026-04-25 16:37:06.347 [warning] Using default string since no string found in i18n bundle that has the key: tags
2026-04-25 16:37:06.347 [warning] Using default string since no string found in i18n bundle that has the key: Tag at {0}
2026-04-25 16:37:06.347 [warning] Using default string since no string found in i18n bundle that has the key: tags
2026-04-25 16:37:06.347 [warning] Using default string since no string found in i18n bundle that has the key: Tag at {0}
2026-04-25 16:37:06.347 [warning] Using default string since no string found in i18n bundle that has the key: tags
2026-04-25 16:37:06.347 [warning] Using default string since no string found in i18n bundle that has the key: Tag at {0}
2026-04-25 16:37:06.347 [warning] Using default string since no string found in i18n bundle that has the key: tags
2026-04-25 16:37:06.347 [warning] Using default string since no string found in i18n bundle that has the key: Tag at {0}
2026-04-25 16:37:06.347 [warning] Using default string since no string found in i18n bundle that has the key: tags
2026-04-25 16:37:06.347 [warning] Using default string since no string found in i18n bundle that has the key: Tag at {0}
2026-04-25 16:37:06.347 [warning] Using default string since no string found in i18n bundle that has the key: tags
2026-04-25 16:37:06.347 [warning] Using default string since no string found in i18n bundle that has the key: Tag at {0}
2026-04-25 16:37:06.347 [warning] Using default string since no string found in i18n bundle that has the key: tags
2026-04-25 16:37:06.347 [warning] Using default string since no string found in i18n bundle that has the key: Tag at {0}
2026-04-25 16:37:06.347 [warning] Using default string since no string found in i18n bundle that has the key: tags
2026-04-25 16:37:06.355 [warning] Using default string since no string found in i18n bundle that has the key: Checkout Branch/Tag...
2026-04-25 16:37:06.355 [warning] Using default string since no string found in i18n bundle that has the key: Publish Branch
2026-04-25 16:37:06.355 [warning] Using default string since no string found in i18n bundle that has the key: Checkout Branch/Tag...
2026-04-25 16:37:06.355 [warning] Using default string since no string found in i18n bundle that has the key: Publish Branch
2026-04-25 16:37:06.385 [warning] Using default string since no string found in i18n bundle that has the key: Checkout Branch/Tag...
2026-04-25 16:37:06.385 [warning] Using default string since no string found in i18n bundle that has the key: Publish Branch
2026-04-25 16:37:06.385 [warning] Using default string since no string found in i18n bundle that has the key: Checkout Branch/Tag...
2026-04-25 16:37:06.385 [warning] Using default string since no string found in i18n bundle that has the key: Publish Branch
2026-04-25 16:37:06.395 [warning] Using default string since no string found in i18n bundle that has the key: Checkout Branch/Tag...
2026-04-25 16:37:06.395 [warning] Using default string since no string found in i18n bundle that has the key: Publish Branch
2026-04-25 16:37:06.395 [warning] Using default string since no string found in i18n bundle that has the key: Checkout Branch/Tag...
2026-04-25 16:37:06.395 [warning] Using default string since no string found in i18n bundle that has the key: Publish Branch
2026-04-25 16:37:06.415 [error] Error: GitHubLoginFailed
	at Gte._authShowWarnings (/home/guan/code-server-me/.run/fullbuild-extensions/redhat.devspaces-copilot-chat-integration-0.41.2-universal/dist/extension.js:1640:18719)
	at async Gte.getCopilotToken (/home/guan/code-server-me/.run/fullbuild-extensions/redhat.devspaces-copilot-chat-integration-0.41.2-universal/dist/extension.js:1640:16437)
	at async NAe.getCopilotToken (/home/guan/code-server-me/.run/fullbuild-extensions/redhat.devspaces-copilot-chat-integration-0.41.2-universal/dist/extension.js:1362:7956)
	at async Yk._fetchModels (/home/guan/code-server-me/.run/fullbuild-extensions/redhat.devspaces-copilot-chat-integration-0.41.2-universal/dist/extension.js:6515:4396)
2026-04-25 16:37:06.416 [warning] Using default string since no string found in i18n bundle that has the key: {0} (Untracked)
2026-04-25 16:37:06.416 [warning] Using default string since no string found in i18n bundle that has the key: Open
2026-04-25 16:37:06.417 [warning] Using default string since no string found in i18n bundle that has the key: {0} (Working Tree)
2026-04-25 16:37:06.417 [warning] Using default string since no string found in i18n bundle that has the key: Open
2026-04-25 16:37:06.417 [warning] Using default string since no string found in i18n bundle that has the key: Modified
2026-04-25 16:37:06.417 [warning] Using default string since no string found in i18n bundle that has the key: Modified
2026-04-25 16:37:06.417 [warning] Using default string since no string found in i18n bundle that has the key: Modified
2026-04-25 16:37:06.417 [warning] Using default string since no string found in i18n bundle that has the key: Modified
2026-04-25 16:37:06.417 [warning] Using default string since no string found in i18n bundle that has the key: {0} (Untracked)
2026-04-25 16:37:06.417 [warning] Using default string since no string found in i18n bundle that has the key: Open
2026-04-25 16:37:06.417 [warning] Using default string since no string found in i18n bundle that has the key: {0} (Deleted)
2026-04-25 16:37:06.417 [warning] Using default string since no string found in i18n bundle that has the key: Open
2026-04-25 16:37:06.417 [warning] Using default string since no string found in i18n bundle that has the key: {0} (Working Tree)
2026-04-25 16:37:06.417 [warning] Using default string since no string found in i18n bundle that has the key: Open
2026-04-25 16:37:06.417 [warning] Using default string since no string found in i18n bundle that has the key: Modified
2026-04-25 16:37:06.417 [warning] Using default string since no string found in i18n bundle that has the key: Modified
2026-04-25 16:37:06.417 [warning] Using default string since no string found in i18n bundle that has the key: Modified
2026-04-25 16:37:06.417 [warning] Using default string since no string found in i18n bundle that has the key: Modified
2026-04-25 16:37:06.417 [warning] Using default string since no string found in i18n bundle that has the key: {0} (Working Tree)
2026-04-25 16:37:06.417 [warning] Using default string since no string found in i18n bundle that has the key: Open
2026-04-25 16:37:06.417 [warning] Using default string since no string found in i18n bundle that has the key: Modified
2026-04-25 16:37:06.417 [warning] Using default string since no string found in i18n bundle that has the key: Modified
2026-04-25 16:37:06.417 [warning] Using default string since no string found in i18n bundle that has the key: Modified
2026-04-25 16:37:06.417 [warning] Using default string since no string found in i18n bundle that has the key: Modified
2026-04-25 16:37:06.417 [warning] Using default string since no string found in i18n bundle that has the key: {0} (Untracked)
2026-04-25 16:37:06.417 [warning] Using default string since no string found in i18n bundle that has the key: Open
2026-04-25 16:37:06.417 [warning] Using default string since no string found in i18n bundle that has the key: {0} (Untracked)
2026-04-25 16:37:06.417 [warning] Using default string since no string found in i18n bundle that has the key: Open
2026-04-25 16:37:06.417 [warning] Using default string since no string found in i18n bundle that has the key: {0} (Untracked)
2026-04-25 16:37:06.417 [warning] Using default string since no string found in i18n bundle that has the key: Open
2026-04-25 16:37:06.417 [warning] Using default string since no string found in i18n bundle that has the key: {0} (Untracked)
2026-04-25 16:37:06.417 [warning] Using default string since no string found in i18n bundle that has the key: Open
2026-04-25 16:37:06.418 [warning] Using default string since no string found in i18n bundle that has the key: {0} (Untracked)
2026-04-25 16:37:06.418 [warning] Using default string since no string found in i18n bundle that has the key: Open
2026-04-25 16:37:06.418 [warning] Using default string since no string found in i18n bundle that has the key: {0} (Untracked)
2026-04-25 16:37:06.418 [warning] Using default string since no string found in i18n bundle that has the key: Open
2026-04-25 16:37:06.418 [warning] Using default string since no string found in i18n bundle that has the key: {0} (Untracked)
2026-04-25 16:37:06.418 [warning] Using default string since no string found in i18n bundle that has the key: Open
2026-04-25 16:37:06.418 [warning] Using default string since no string found in i18n bundle that has the key: {0} (Untracked)
2026-04-25 16:37:06.418 [warning] Using default string since no string found in i18n bundle that has the key: Open
2026-04-25 16:37:06.418 [warning] Using default string since no string found in i18n bundle that has the key: {0} (Untracked)
2026-04-25 16:37:06.418 [warning] Using default string since no string found in i18n bundle that has the key: Open
2026-04-25 16:37:06.418 [warning] Using default string since no string found in i18n bundle that has the key: {0} (Untracked)
2026-04-25 16:37:06.418 [warning] Using default string since no string found in i18n bundle that has the key: Open
2026-04-25 16:37:06.418 [warning] Using default string since no string found in i18n bundle that has the key: {0} (Untracked)
2026-04-25 16:37:06.419 [warning] Using default string since no string found in i18n bundle that has the key: Open
2026-04-25 16:37:06.419 [warning] Using default string since no string found in i18n bundle that has the key: {0} (Untracked)
2026-04-25 16:37:06.419 [warning] Using default string since no string found in i18n bundle that has the key: Open
2026-04-25 16:37:06.419 [warning] Using default string since no string found in i18n bundle that has the key: {0} (Untracked)
2026-04-25 16:37:06.419 [warning] Using default string since no string found in i18n bundle that has the key: Open
2026-04-25 16:37:06.419 [warning] Using default string since no string found in i18n bundle that has the key: {0} (Untracked)
2026-04-25 16:37:06.419 [warning] Using default string since no string found in i18n bundle that has the key: Open
2026-04-25 16:37:06.419 [warning] Using default string since no string found in i18n bundle that has the key: {0} (Untracked)
2026-04-25 16:37:06.419 [warning] Using default string since no string found in i18n bundle that has the key: Open
2026-04-25 16:37:06.419 [warning] Using default string since no string found in i18n bundle that has the key: {0} (Working Tree)
2026-04-25 16:37:06.419 [warning] Using default string since no string found in i18n bundle that has the key: Open
2026-04-25 16:37:06.419 [warning] Using default string since no string found in i18n bundle that has the key: Modified
2026-04-25 16:37:06.419 [warning] Using default string since no string found in i18n bundle that has the key: Modified
2026-04-25 16:37:06.419 [warning] Using default string since no string found in i18n bundle that has the key: Modified
2026-04-25 16:37:06.419 [warning] Using default string since no string found in i18n bundle that has the key: Modified
2026-04-25 16:37:06.419 [warning] Using default string since no string found in i18n bundle that has the key: {0} (Untracked)
2026-04-25 16:37:06.419 [warning] Using default string since no string found in i18n bundle that has the key: Open
2026-04-25 16:37:06.419 [warning] Using default string since no string found in i18n bundle that has the key: {0} (Untracked)
2026-04-25 16:37:06.419 [warning] Using default string since no string found in i18n bundle that has the key: Open
2026-04-25 16:37:06.419 [warning] Using default string since no string found in i18n bundle that has the key: {0} (Untracked)
2026-04-25 16:37:06.419 [warning] Using default string since no string found in i18n bundle that has the key: Open
2026-04-25 16:37:06.420 [warning] Using default string since no string found in i18n bundle that has the key: {0} (Working Tree)
2026-04-25 16:37:06.420 [warning] Using default string since no string found in i18n bundle that has the key: Open
2026-04-25 16:37:06.420 [warning] Using default string since no string found in i18n bundle that has the key: Modified
2026-04-25 16:37:06.420 [warning] Using default string since no string found in i18n bundle that has the key: Modified
2026-04-25 16:37:06.420 [warning] Using default string since no string found in i18n bundle that has the key: Modified
2026-04-25 16:37:06.420 [warning] Using default string since no string found in i18n bundle that has the key: Modified
2026-04-25 16:37:06.420 [warning] Using default string since no string found in i18n bundle that has the key: {0} (Untracked)
2026-04-25 16:37:06.420 [warning] Using default string since no string found in i18n bundle that has the key: Open
2026-04-25 16:37:06.420 [warning] Using default string since no string found in i18n bundle that has the key: {0} (Untracked)
2026-04-25 16:37:06.420 [warning] Using default string since no string found in i18n bundle that has the key: Open
2026-04-25 16:37:06.420 [warning] Using default string since no string found in i18n bundle that has the key: {0} (Working Tree)
2026-04-25 16:37:06.420 [warning] Using default string since no string found in i18n bundle that has the key: Open
2026-04-25 16:37:06.420 [warning] Using default string since no string found in i18n bundle that has the key: Modified
2026-04-25 16:37:06.420 [warning] Using default string since no string found in i18n bundle that has the key: Modified
2026-04-25 16:37:06.420 [warning] Using default string since no string found in i18n bundle that has the key: Modified
2026-04-25 16:37:06.420 [warning] Using default string since no string found in i18n bundle that has the key: Modified
2026-04-25 16:37:06.420 [warning] Using default string since no string found in i18n bundle that has the key: {0} (Working Tree)
2026-04-25 16:37:06.420 [warning] Using default string since no string found in i18n bundle that has the key: Open
2026-04-25 16:37:06.420 [warning] Using default string since no string found in i18n bundle that has the key: Modified
2026-04-25 16:37:06.420 [warning] Using default string since no string found in i18n bundle that has the key: Modified
2026-04-25 16:37:06.420 [warning] Using default string since no string found in i18n bundle that has the key: Modified
2026-04-25 16:37:06.420 [warning] Using default string since no string found in i18n bundle that has the key: Modified
2026-04-25 16:37:06.420 [warning] Using default string since no string found in i18n bundle that has the key: {0} (Untracked)
2026-04-25 16:37:06.420 [warning] Using default string since no string found in i18n bundle that has the key: Open
2026-04-25 16:37:06.420 [warning] Using default string since no string found in i18n bundle that has the key: {0} (Working Tree)
2026-04-25 16:37:06.420 [warning] Using default string since no string found in i18n bundle that has the key: Open
2026-04-25 16:37:06.420 [warning] Using default string since no string found in i18n bundle that has the key: Modified
2026-04-25 16:37:06.420 [warning] Using default string since no string found in i18n bundle that has the key: Modified
2026-04-25 16:37:06.420 [warning] Using default string since no string found in i18n bundle that has the key: Modified
2026-04-25 16:37:06.420 [warning] Using default string since no string found in i18n bundle that has the key: Modified
2026-04-25 16:37:06.420 [warning] Using default string since no string found in i18n bundle that has the key: {0} (Working Tree)
2026-04-25 16:37:06.420 [warning] Using default string since no string found in i18n bundle that has the key: Open
2026-04-25 16:37:06.420 [warning] Using default string since no string found in i18n bundle that has the key: Modified
2026-04-25 16:37:06.420 [warning] Using default string since no string found in i18n bundle that has the key: Modified
2026-04-25 16:37:06.420 [warning] Using default string since no string found in i18n bundle that has the key: Modified
2026-04-25 16:37:06.420 [warning] Using default string since no string found in i18n bundle that has the key: Modified
2026-04-25 16:37:06.420 [warning] Using default string since no string found in i18n bundle that has the key: {0} (Working Tree)
2026-04-25 16:37:06.420 [warning] Using default string since no string found in i18n bundle that has the key: Open
2026-04-25 16:37:06.420 [warning] Using default string since no string found in i18n bundle that has the key: Modified
2026-04-25 16:37:06.420 [warning] Using default string since no string found in i18n bundle that has the key: Modified
2026-04-25 16:37:06.420 [warning] Using default string since no string found in i18n bundle that has the key: Modified
2026-04-25 16:37:06.420 [warning] Using default string since no string found in i18n bundle that has the key: Modified
2026-04-25 16:37:06.420 [warning] Using default string since no string found in i18n bundle that has the key: {0} (Working Tree)
2026-04-25 16:37:06.421 [warning] Using default string since no string found in i18n bundle that has the key: Open
2026-04-25 16:37:06.421 [warning] Using default string since no string found in i18n bundle that has the key: Modified
2026-04-25 16:37:06.421 [warning] Using default string since no string found in i18n bundle that has the key: Modified
2026-04-25 16:37:06.421 [warning] Using default string since no string found in i18n bundle that has the key: Modified
2026-04-25 16:37:06.421 [warning] Using default string since no string found in i18n bundle that has the key: Modified
2026-04-25 16:37:06.421 [warning] Using default string since no string found in i18n bundle that has the key: {0} (Working Tree)
2026-04-25 16:37:06.421 [warning] Using default string since no string found in i18n bundle that has the key: Open
2026-04-25 16:37:06.421 [warning] Using default string since no string found in i18n bundle that has the key: Modified
2026-04-25 16:37:06.421 [warning] Using default string since no string found in i18n bundle that has the key: Modified
2026-04-25 16:37:06.421 [warning] Using default string since no string found in i18n bundle that has the key: Modified
2026-04-25 16:37:06.421 [warning] Using default string since no string found in i18n bundle that has the key: Modified
2026-04-25 16:37:06.421 [warning] Using default string since no string found in i18n bundle that has the key: {0} (Working Tree)
2026-04-25 16:37:06.421 [warning] Using default string since no string found in i18n bundle that has the key: Open
2026-04-25 16:37:06.421 [warning] Using default string since no string found in i18n bundle that has the key: Modified
2026-04-25 16:37:06.421 [warning] Using default string since no string found in i18n bundle that has the key: Modified
2026-04-25 16:37:06.421 [warning] Using default string since no string found in i18n bundle that has the key: Modified
2026-04-25 16:37:06.421 [warning] Using default string since no string found in i18n bundle that has the key: Modified
2026-04-25 16:37:06.421 [warning] Using default string since no string found in i18n bundle that has the key: {0} (Working Tree)
2026-04-25 16:37:06.421 [warning] Using default string since no string found in i18n bundle that has the key: Open
2026-04-25 16:37:06.421 [warning] Using default string since no string found in i18n bundle that has the key: Modified
2026-04-25 16:37:06.421 [warning] Using default string since no string found in i18n bundle that has the key: Modified
2026-04-25 16:37:06.421 [warning] Using default string since no string found in i18n bundle that has the key: Modified
2026-04-25 16:37:06.421 [warning] Using default string since no string found in i18n bundle that has the key: Modified
2026-04-25 16:37:06.421 [warning] Using default string since no string found in i18n bundle that has the key: {0} (Working Tree)
2026-04-25 16:37:06.421 [warning] Using default string since no string found in i18n bundle that has the key: Open
2026-04-25 16:37:06.421 [warning] Using default string since no string found in i18n bundle that has the key: Modified
2026-04-25 16:37:06.421 [warning] Using default string since no string found in i18n bundle that has the key: Modified
2026-04-25 16:37:06.421 [warning] Using default string since no string found in i18n bundle that has the key: Modified
2026-04-25 16:37:06.421 [warning] Using default string since no string found in i18n bundle that has the key: Modified
2026-04-25 16:37:06.421 [warning] Using default string since no string found in i18n bundle that has the key: {0} (Working Tree)
2026-04-25 16:37:06.421 [warning] Using default string since no string found in i18n bundle that has the key: Open
2026-04-25 16:37:06.421 [warning] Using default string since no string found in i18n bundle that has the key: Modified
2026-04-25 16:37:06.421 [warning] Using default string since no string found in i18n bundle that has the key: Modified
2026-04-25 16:37:06.421 [warning] Using default string since no string found in i18n bundle that has the key: Modified
2026-04-25 16:37:06.421 [warning] Using default string since no string found in i18n bundle that has the key: Modified
2026-04-25 16:37:06.421 [warning] Using default string since no string found in i18n bundle that has the key: {0} (Working Tree)
2026-04-25 16:37:06.421 [warning] Using default string since no string found in i18n bundle that has the key: Open
2026-04-25 16:37:06.421 [warning] Using default string since no string found in i18n bundle that has the key: Modified
2026-04-25 16:37:06.421 [warning] Using default string since no string found in i18n bundle that has the key: Modified
2026-04-25 16:37:06.421 [warning] Using default string since no string found in i18n bundle that has the key: Modified
2026-04-25 16:37:06.421 [warning] Using default string since no string found in i18n bundle that has the key: Modified
2026-04-25 16:37:06.421 [warning] Using default string since no string found in i18n bundle that has the key: {0} (Working Tree)
2026-04-25 16:37:06.421 [warning] Using default string since no string found in i18n bundle that has the key: Open
2026-04-25 16:37:06.421 [warning] Using default string since no string found in i18n bundle that has the key: Modified
2026-04-25 16:37:06.421 [warning] Using default string since no string found in i18n bundle that has the key: Modified
2026-04-25 16:37:06.421 [warning] Using default string since no string found in i18n bundle that has the key: Modified
2026-04-25 16:37:06.421 [warning] Using default string since no string found in i18n bundle that has the key: Modified
2026-04-25 16:37:06.421 [warning] Using default string since no string found in i18n bundle that has the key: {0} (Working Tree)
2026-04-25 16:37:06.421 [warning] Using default string since no string found in i18n bundle that has the key: Open
2026-04-25 16:37:06.421 [warning] Using default string since no string found in i18n bundle that has the key: Modified
2026-04-25 16:37:06.421 [warning] Using default string since no string found in i18n bundle that has the key: Modified
2026-04-25 16:37:06.421 [warning] Using default string since no string found in i18n bundle that has the key: Modified
2026-04-25 16:37:06.421 [warning] Using default string since no string found in i18n bundle that has the key: Modified
2026-04-25 16:37:06.421 [warning] Using default string since no string found in i18n bundle that has the key: {0} (Working Tree)
2026-04-25 16:37:06.421 [warning] Using default string since no string found in i18n bundle that has the key: Open
2026-04-25 16:37:06.421 [warning] Using default string since no string found in i18n bundle that has the key: Modified
2026-04-25 16:37:06.421 [warning] Using default string since no string found in i18n bundle that has the key: Modified
2026-04-25 16:37:06.421 [warning] Using default string since no string found in i18n bundle that has the key: Modified
2026-04-25 16:37:06.421 [warning] Using default string since no string found in i18n bundle that has the key: Modified
2026-04-25 16:37:06.421 [warning] Using default string since no string found in i18n bundle that has the key: Untracked
2026-04-25 16:37:06.421 [warning] Using default string since no string found in i18n bundle that has the key: Untracked
2026-04-25 16:37:06.422 [warning] Using default string since no string found in i18n bundle that has the key: Untracked
2026-04-25 16:37:06.422 [warning] Using default string since no string found in i18n bundle that has the key: Untracked
2026-04-25 16:37:06.422 [warning] Using default string since no string found in i18n bundle that has the key: Untracked
2026-04-25 16:37:06.422 [warning] Using default string since no string found in i18n bundle that has the key: Untracked
2026-04-25 16:37:06.422 [warning] Using default string since no string found in i18n bundle that has the key: Untracked
2026-04-25 16:37:06.422 [warning] Using default string since no string found in i18n bundle that has the key: Untracked
2026-04-25 16:37:06.422 [warning] Using default string since no string found in i18n bundle that has the key: Untracked
2026-04-25 16:37:06.422 [warning] Using default string since no string found in i18n bundle that has the key: Untracked
2026-04-25 16:37:06.422 [warning] Using default string since no string found in i18n bundle that has the key: Untracked
2026-04-25 16:37:06.422 [warning] Using default string since no string found in i18n bundle that has the key: Untracked
2026-04-25 16:37:06.422 [warning] Using default string since no string found in i18n bundle that has the key: Untracked
2026-04-25 16:37:06.422 [warning] Using default string since no string found in i18n bundle that has the key: Untracked
2026-04-25 16:37:06.422 [warning] Using default string since no string found in i18n bundle that has the key: Untracked
2026-04-25 16:37:06.422 [warning] Using default string since no string found in i18n bundle that has the key: Untracked
2026-04-25 16:37:06.422 [warning] Using default string since no string found in i18n bundle that has the key: Untracked
2026-04-25 16:37:06.422 [warning] Using default string since no string found in i18n bundle that has the key: Untracked
2026-04-25 16:37:06.422 [warning] Using default string since no string found in i18n bundle that has the key: Untracked
2026-04-25 16:37:06.422 [warning] Using default string since no string found in i18n bundle that has the key: Untracked
2026-04-25 16:37:06.422 [warning] Using default string since no string found in i18n bundle that has the key: Untracked
2026-04-25 16:37:06.422 [warning] Using default string since no string found in i18n bundle that has the key: Untracked
2026-04-25 16:37:06.422 [warning] Using default string since no string found in i18n bundle that has the key: Deleted
2026-04-25 16:37:06.422 [warning] Using default string since no string found in i18n bundle that has the key: Deleted
2026-04-25 16:37:06.422 [warning] Using default string since no string found in i18n bundle that has the key: Deleted
2026-04-25 16:37:06.422 [warning] Using default string since no string found in i18n bundle that has the key: Deleted
2026-04-25 16:37:06.422 [warning] Using default string since no string found in i18n bundle that has the key: Deleted
2026-04-25 16:37:06.422 [warning] Using default string since no string found in i18n bundle that has the key: Deleted
2026-04-25 16:37:06.422 [warning] Using default string since no string found in i18n bundle that has the key: Deleted
2026-04-25 16:37:06.422 [warning] Using default string since no string found in i18n bundle that has the key: Deleted
2026-04-25 16:37:06.422 [warning] Using default string since no string found in i18n bundle that has the key: Deleted
2026-04-25 16:37:06.422 [warning] Using default string since no string found in i18n bundle that has the key: Deleted
2026-04-25 16:37:06.422 [warning] Using default string since no string found in i18n bundle that has the key: Deleted
2026-04-25 16:37:06.422 [warning] Using default string since no string found in i18n bundle that has the key: Untracked
2026-04-25 16:37:06.422 [warning] Using default string since no string found in i18n bundle that has the key: Untracked
2026-04-25 16:37:06.422 [warning] Using default string since no string found in i18n bundle that has the key: Untracked
2026-04-25 16:37:06.422 [warning] Using default string since no string found in i18n bundle that has the key: Untracked
2026-04-25 16:37:06.422 [warning] Using default string since no string found in i18n bundle that has the key: Untracked
2026-04-25 16:37:06.422 [warning] Using default string since no string found in i18n bundle that has the key: Untracked
2026-04-25 16:37:06.422 [warning] Using default string since no string found in i18n bundle that has the key: Untracked
2026-04-25 16:37:06.422 [warning] Using default string since no string found in i18n bundle that has the key: Untracked
2026-04-25 16:37:06.422 [warning] Using default string since no string found in i18n bundle that has the key: Untracked
2026-04-25 16:37:06.422 [warning] Using default string since no string found in i18n bundle that has the key: Untracked
2026-04-25 16:37:06.422 [warning] Using default string since no string found in i18n bundle that has the key: Untracked
2026-04-25 16:37:06.422 [warning] Using default string since no string found in i18n bundle that has the key: Untracked
2026-04-25 16:37:06.422 [warning] Using default string since no string found in i18n bundle that has the key: Untracked
2026-04-25 16:37:06.422 [warning] Using default string since no string found in i18n bundle that has the key: Untracked
2026-04-25 16:37:06.422 [warning] Using default string since no string found in i18n bundle that has the key: Untracked
2026-04-25 16:37:06.422 [warning] Using default string since no string found in i18n bundle that has the key: Untracked
2026-04-25 16:37:06.422 [warning] Using default string since no string found in i18n bundle that has the key: Untracked
2026-04-25 16:37:06.422 [warning] Using default string since no string found in i18n bundle that has the key: Untracked
2026-04-25 16:37:06.422 [warning] Using default string since no string found in i18n bundle that has the key: Untracked
2026-04-25 16:37:06.422 [warning] Using default string since no string found in i18n bundle that has the key: Untracked
2026-04-25 16:37:06.422 [warning] Using default string since no string found in i18n bundle that has the key: Untracked
2026-04-25 16:37:06.422 [warning] Using default string since no string found in i18n bundle that has the key: Untracked
2026-04-25 16:37:06.422 [warning] Using default string since no string found in i18n bundle that has the key: Untracked
2026-04-25 16:37:06.422 [warning] Using default string since no string found in i18n bundle that has the key: Untracked
2026-04-25 16:37:06.422 [warning] Using default string since no string found in i18n bundle that has the key: Untracked
2026-04-25 16:37:06.422 [warning] Using default string since no string found in i18n bundle that has the key: Untracked
2026-04-25 16:37:06.422 [warning] Using default string since no string found in i18n bundle that has the key: Untracked
2026-04-25 16:37:06.422 [warning] Using default string since no string found in i18n bundle that has the key: Untracked
2026-04-25 16:37:06.422 [warning] Using default string since no string found in i18n bundle that has the key: Untracked
2026-04-25 16:37:06.422 [warning] Using default string since no string found in i18n bundle that has the key: Untracked
2026-04-25 16:37:06.422 [warning] Using default string since no string found in i18n bundle that has the key: Untracked
2026-04-25 16:37:06.422 [warning] Using default string since no string found in i18n bundle that has the key: Untracked
2026-04-25 16:37:06.422 [warning] Using default string since no string found in i18n bundle that has the key: Untracked
2026-04-25 16:37:06.422 [warning] Using default string since no string found in i18n bundle that has the key: Untracked
2026-04-25 16:37:06.422 [warning] Using default string since no string found in i18n bundle that has the key: Untracked
2026-04-25 16:37:06.422 [warning] Using default string since no string found in i18n bundle that has the key: Untracked
2026-04-25 16:37:06.422 [warning] Using default string since no string found in i18n bundle that has the key: Untracked
2026-04-25 16:37:06.422 [warning] Using default string since no string found in i18n bundle that has the key: Untracked
2026-04-25 16:37:06.422 [warning] Using default string since no string found in i18n bundle that has the key: Untracked
2026-04-25 16:37:06.422 [warning] Using default string since no string found in i18n bundle that has the key: Untracked
2026-04-25 16:37:06.422 [warning] Using default string since no string found in i18n bundle that has the key: Untracked
2026-04-25 16:37:06.422 [warning] Using default string since no string found in i18n bundle that has the key: Untracked
2026-04-25 16:37:06.422 [warning] Using default string since no string found in i18n bundle that has the key: Untracked
2026-04-25 16:37:06.422 [warning] Using default string since no string found in i18n bundle that has the key: Untracked
2026-04-25 16:37:06.422 [warning] Using default string since no string found in i18n bundle that has the key: Untracked
2026-04-25 16:37:06.422 [warning] Using default string since no string found in i18n bundle that has the key: Untracked
2026-04-25 16:37:06.422 [warning] Using default string since no string found in i18n bundle that has the key: Untracked
2026-04-25 16:37:06.422 [warning] Using default string since no string found in i18n bundle that has the key: Untracked
2026-04-25 16:37:06.422 [warning] Using default string since no string found in i18n bundle that has the key: Untracked
2026-04-25 16:37:06.422 [warning] Using default string since no string found in i18n bundle that has the key: Untracked
2026-04-25 16:37:06.422 [warning] Using default string since no string found in i18n bundle that has the key: Untracked
2026-04-25 16:37:06.422 [warning] Using default string since no string found in i18n bundle that has the key: Untracked
2026-04-25 16:37:06.422 [warning] Using default string since no string found in i18n bundle that has the key: Untracked
2026-04-25 16:37:06.422 [warning] Using default string since no string found in i18n bundle that has the key: Untracked
2026-04-25 16:37:06.422 [warning] Using default string since no string found in i18n bundle that has the key: Untracked
2026-04-25 16:37:06.422 [warning] Using default string since no string found in i18n bundle that has the key: Untracked
2026-04-25 16:37:06.422 [warning] Using default string since no string found in i18n bundle that has the key: Untracked
2026-04-25 16:37:06.422 [warning] Using default string since no string found in i18n bundle that has the key: Untracked
2026-04-25 16:37:06.422 [warning] Using default string since no string found in i18n bundle that has the key: Untracked
2026-04-25 16:37:06.422 [warning] Using default string since no string found in i18n bundle that has the key: Untracked
2026-04-25 16:37:06.422 [warning] Using default string since no string found in i18n bundle that has the key: Untracked
2026-04-25 16:37:06.422 [warning] Using default string since no string found in i18n bundle that has the key: Untracked
2026-04-25 16:37:06.422 [warning] Using default string since no string found in i18n bundle that has the key: Untracked
2026-04-25 16:37:06.422 [warning] Using default string since no string found in i18n bundle that has the key: Untracked
2026-04-25 16:37:06.422 [warning] Using default string since no string found in i18n bundle that has the key: Untracked
2026-04-25 16:37:06.422 [warning] Using default string since no string found in i18n bundle that has the key: Untracked
2026-04-25 16:37:06.422 [warning] Using default string since no string found in i18n bundle that has the key: Untracked
2026-04-25 16:37:06.422 [warning] Using default string since no string found in i18n bundle that has the key: Untracked
2026-04-25 16:37:06.422 [warning] Using default string since no string found in i18n bundle that has the key: Untracked
2026-04-25 16:37:06.422 [warning] Using default string since no string found in i18n bundle that has the key: Untracked
2026-04-25 16:37:06.422 [warning] Using default string since no string found in i18n bundle that has the key: Untracked
2026-04-25 16:37:06.422 [warning] Using default string since no string found in i18n bundle that has the key: Untracked
2026-04-25 16:37:06.422 [warning] Using default string since no string found in i18n bundle that has the key: Untracked
2026-04-25 16:37:06.422 [warning] Using default string since no string found in i18n bundle that has the key: Untracked
2026-04-25 16:37:06.422 [warning] Using default string since no string found in i18n bundle that has the key: Untracked
2026-04-25 16:37:06.422 [warning] Using default string since no string found in i18n bundle that has the key: Untracked
2026-04-25 16:37:06.422 [warning] Using default string since no string found in i18n bundle that has the key: Untracked
2026-04-25 16:37:06.422 [warning] Using default string since no string found in i18n bundle that has the key: Untracked
2026-04-25 16:37:06.422 [warning] Using default string since no string found in i18n bundle that has the key: Untracked
2026-04-25 16:37:06.422 [warning] Using default string since no string found in i18n bundle that has the key: Untracked
2026-04-25 16:37:06.422 [warning] Using default string since no string found in i18n bundle that has the key: Untracked
2026-04-25 16:37:06.422 [warning] Using default string since no string found in i18n bundle that has the key: Untracked
2026-04-25 16:37:06.422 [warning] Using default string since no string found in i18n bundle that has the key: Untracked
2026-04-25 16:37:06.422 [warning] Using default string since no string found in i18n bundle that has the key: Untracked
2026-04-25 16:37:06.422 [warning] Using default string since no string found in i18n bundle that has the key: Untracked
2026-04-25 16:37:06.422 [warning] Using default string since no string found in i18n bundle that has the key: Untracked
2026-04-25 16:37:06.422 [warning] Using default string since no string found in i18n bundle that has the key: Untracked
2026-04-25 16:37:06.422 [warning] Using default string since no string found in i18n bundle that has the key: Untracked
2026-04-25 16:37:06.422 [warning] Using default string since no string found in i18n bundle that has the key: Untracked
2026-04-25 16:37:06.422 [warning] Using default string since no string found in i18n bundle that has the key: Untracked
2026-04-25 16:37:06.422 [warning] Using default string since no string found in i18n bundle that has the key: Untracked
2026-04-25 16:37:06.422 [warning] Using default string since no string found in i18n bundle that has the key: Untracked
2026-04-25 16:37:06.422 [warning] Using default string since no string found in i18n bundle that has the key: Untracked
2026-04-25 16:37:06.422 [warning] Using default string since no string found in i18n bundle that has the key: Untracked
2026-04-25 16:37:06.422 [warning] Using default string since no string found in i18n bundle that has the key: Untracked
2026-04-25 16:37:06.422 [warning] Using default string since no string found in i18n bundle that has the key: Untracked
2026-04-25 16:37:06.422 [warning] Using default string since no string found in i18n bundle that has the key: Untracked
2026-04-25 16:37:06.422 [warning] Using default string since no string found in i18n bundle that has the key: Untracked
2026-04-25 16:37:06.422 [warning] Using default string since no string found in i18n bundle that has the key: Untracked
2026-04-25 16:37:06.422 [warning] Using default string since no string found in i18n bundle that has the key: Untracked
2026-04-25 16:37:06.422 [warning] Using default string since no string found in i18n bundle that has the key: Untracked
2026-04-25 16:37:06.422 [warning] Using default string since no string found in i18n bundle that has the key: Untracked
2026-04-25 16:37:06.422 [warning] Using default string since no string found in i18n bundle that has the key: Untracked
2026-04-25 16:37:06.422 [warning] Using default string since no string found in i18n bundle that has the key: Untracked
2026-04-25 16:37:06.422 [warning] Using default string since no string found in i18n bundle that has the key: Untracked
2026-04-25 16:37:06.422 [warning] Using default string since no string found in i18n bundle that has the key: Untracked
2026-04-25 16:37:06.422 [warning] Using default string since no string found in i18n bundle that has the key: Untracked
2026-04-25 16:37:06.422 [warning] Using default string since no string found in i18n bundle that has the key: Untracked
2026-04-25 16:37:06.422 [warning] Using default string since no string found in i18n bundle that has the key: Untracked
2026-04-25 16:37:06.422 [warning] Using default string since no string found in i18n bundle that has the key: Untracked
2026-04-25 16:37:06.422 [warning] Using default string since no string found in i18n bundle that has the key: Untracked
2026-04-25 16:37:06.422 [warning] Using default string since no string found in i18n bundle that has the key: Untracked
2026-04-25 16:37:06.422 [warning] Using default string since no string found in i18n bundle that has the key: Untracked
2026-04-25 16:37:06.422 [warning] Using default string since no string found in i18n bundle that has the key: Untracked
2026-04-25 16:37:06.422 [warning] Using default string since no string found in i18n bundle that has the key: Untracked
2026-04-25 16:37:06.422 [warning] Using default string since no string found in i18n bundle that has the key: Untracked
2026-04-25 16:37:06.422 [warning] Using default string since no string found in i18n bundle that has the key: Untracked
2026-04-25 16:37:06.422 [warning] Using default string since no string found in i18n bundle that has the key: Untracked
2026-04-25 16:37:06.422 [warning] Using default string since no string found in i18n bundle that has the key: Untracked
2026-04-25 16:37:06.422 [warning] Using default string since no string found in i18n bundle that has the key: Untracked
2026-04-25 16:37:06.422 [warning] Using default string since no string found in i18n bundle that has the key: Untracked
2026-04-25 16:37:06.422 [warning] Using default string since no string found in i18n bundle that has the key: Untracked
2026-04-25 16:37:06.422 [warning] Using default string since no string found in i18n bundle that has the key: Untracked
2026-04-25 16:37:06.422 [warning] Using default string since no string found in i18n bundle that has the key: Untracked
2026-04-25 16:37:06.422 [warning] Using default string since no string found in i18n bundle that has the key: Untracked
2026-04-25 16:37:06.422 [warning] Using default string since no string found in i18n bundle that has the key: Untracked
2026-04-25 16:37:06.422 [warning] Using default string since no string found in i18n bundle that has the key: Untracked
2026-04-25 16:37:06.422 [warning] Using default string since no string found in i18n bundle that has the key: Untracked
2026-04-25 16:37:06.422 [warning] Using default string since no string found in i18n bundle that has the key: Untracked
2026-04-25 16:37:06.422 [warning] Using default string since no string found in i18n bundle that has the key: Untracked
2026-04-25 16:37:06.422 [warning] Using default string since no string found in i18n bundle that has the key: Untracked
2026-04-25 16:37:06.422 [warning] Using default string since no string found in i18n bundle that has the key: Untracked
2026-04-25 16:37:06.422 [warning] Using default string since no string found in i18n bundle that has the key: Untracked
2026-04-25 16:37:06.422 [warning] Using default string since no string found in i18n bundle that has the key: Untracked
2026-04-25 16:37:06.422 [warning] Using default string since no string found in i18n bundle that has the key: Untracked
2026-04-25 16:37:06.422 [warning] Using default string since no string found in i18n bundle that has the key: Untracked
2026-04-25 16:37:06.422 [warning] Using default string since no string found in i18n bundle that has the key: Untracked
2026-04-25 16:37:06.422 [warning] Using default string since no string found in i18n bundle that has the key: Untracked
2026-04-25 16:37:06.422 [warning] Using default string since no string found in i18n bundle that has the key: Untracked
2026-04-25 16:37:06.422 [warning] Using default string since no string found in i18n bundle that has the key: Untracked
2026-04-25 16:37:06.422 [warning] Using default string since no string found in i18n bundle that has the key: Untracked
2026-04-25 16:37:06.422 [warning] Using default string since no string found in i18n bundle that has the key: Untracked
2026-04-25 16:37:06.422 [warning] Using default string since no string found in i18n bundle that has the key: Untracked
2026-04-25 16:37:06.422 [warning] Using default string since no string found in i18n bundle that has the key: Untracked
2026-04-25 16:37:06.422 [warning] Using default string since no string found in i18n bundle that has the key: Untracked
2026-04-25 16:37:06.422 [warning] Using default string since no string found in i18n bundle that has the key: Untracked
2026-04-25 16:37:06.422 [warning] Using default string since no string found in i18n bundle that has the key: Untracked
2026-04-25 16:37:06.422 [warning] Using default string since no string found in i18n bundle that has the key: Untracked
2026-04-25 16:37:06.422 [warning] Using default string since no string found in i18n bundle that has the key: Untracked
2026-04-25 16:37:06.422 [warning] Using default string since no string found in i18n bundle that has the key: Untracked
2026-04-25 16:37:06.422 [warning] Using default string since no string found in i18n bundle that has the key: Untracked
2026-04-25 16:37:06.422 [warning] Using default string since no string found in i18n bundle that has the key: Untracked
2026-04-25 16:37:06.422 [warning] Using default string since no string found in i18n bundle that has the key: Untracked
2026-04-25 16:37:06.422 [warning] Using default string since no string found in i18n bundle that has the key: Untracked
2026-04-25 16:37:06.422 [warning] Using default string since no string found in i18n bundle that has the key: Untracked
2026-04-25 16:37:06.422 [warning] Using default string since no string found in i18n bundle that has the key: Untracked
2026-04-25 16:37:06.422 [warning] Using default string since no string found in i18n bundle that has the key: Untracked
2026-04-25 16:37:06.422 [warning] Using default string since no string found in i18n bundle that has the key: Untracked
2026-04-25 16:37:06.422 [warning] Using default string since no string found in i18n bundle that has the key: Untracked
2026-04-25 16:37:06.422 [warning] Using default string since no string found in i18n bundle that has the key: Untracked
2026-04-25 16:37:06.422 [warning] Using default string since no string found in i18n bundle that has the key: Untracked
2026-04-25 16:37:06.422 [warning] Using default string since no string found in i18n bundle that has the key: Untracked
2026-04-25 16:37:06.422 [warning] Using default string since no string found in i18n bundle that has the key: Untracked
2026-04-25 16:37:06.422 [warning] Using default string since no string found in i18n bundle that has the key: Untracked
2026-04-25 16:37:06.422 [warning] Using default string since no string found in i18n bundle that has the key: Untracked
2026-04-25 16:37:06.422 [warning] Using default string since no string found in i18n bundle that has the key: Untracked
2026-04-25 16:37:06.422 [warning] Using default string since no string found in i18n bundle that has the key: Untracked
2026-04-25 16:37:06.422 [warning] Using default string since no string found in i18n bundle that has the key: Untracked
2026-04-25 16:37:06.422 [warning] Using default string since no string found in i18n bundle that has the key: Untracked
2026-04-25 16:37:06.422 [warning] Using default string since no string found in i18n bundle that has the key: Untracked
2026-04-25 16:37:06.422 [warning] Using default string since no string found in i18n bundle that has the key: Untracked
2026-04-25 16:37:06.422 [warning] Using default string since no string found in i18n bundle that has the key: Untracked
2026-04-25 16:37:06.422 [warning] Using default string since no string found in i18n bundle that has the key: Untracked
2026-04-25 16:37:06.422 [warning] Using default string since no string found in i18n bundle that has the key: Untracked
2026-04-25 16:37:06.422 [warning] Using default string since no string found in i18n bundle that has the key: Untracked
2026-04-25 16:37:06.422 [warning] Using default string since no string found in i18n bundle that has the key: Untracked
2026-04-25 16:37:06.422 [warning] Using default string since no string found in i18n bundle that has the key: Untracked
2026-04-25 16:37:06.422 [warning] Using default string since no string found in i18n bundle that has the key: Untracked
2026-04-25 16:37:06.422 [warning] Using default string since no string found in i18n bundle that has the key: Untracked
2026-04-25 16:37:06.422 [warning] Using default string since no string found in i18n bundle that has the key: Untracked
2026-04-25 16:37:06.422 [warning] Using default string since no string found in i18n bundle that has the key: Untracked
2026-04-25 16:37:06.422 [warning] Using default string since no string found in i18n bundle that has the key: Untracked
2026-04-25 16:37:06.422 [warning] Using default string since no string found in i18n bundle that has the key: Untracked
2026-04-25 16:37:06.422 [warning] Using default string since no string found in i18n bundle that has the key: Untracked
2026-04-25 16:37:06.422 [warning] Using default string since no string found in i18n bundle that has the key: Untracked
2026-04-25 16:37:06.422 [warning] Using default string since no string found in i18n bundle that has the key: Untracked
2026-04-25 16:37:06.422 [warning] Using default string since no string found in i18n bundle that has the key: Untracked
2026-04-25 16:37:06.422 [warning] Using default string since no string found in i18n bundle that has the key: Untracked
2026-04-25 16:37:06.422 [warning] Using default string since no string found in i18n bundle that has the key: Untracked
2026-04-25 16:37:06.422 [warning] Using default string since no string found in i18n bundle that has the key: Untracked
2026-04-25 16:37:06.422 [warning] Using default string since no string found in i18n bundle that has the key: Untracked
2026-04-25 16:37:06.422 [warning] Using default string since no string found in i18n bundle that has the key: Untracked
2026-04-25 16:37:06.422 [warning] Using default string since no string found in i18n bundle that has the key: Untracked
2026-04-25 16:37:06.422 [warning] Using default string since no string found in i18n bundle that has the key: Untracked
2026-04-25 16:37:06.422 [warning] Using default string since no string found in i18n bundle that has the key: Untracked
2026-04-25 16:37:06.422 [warning] Using default string since no string found in i18n bundle that has the key: Untracked
2026-04-25 16:37:06.422 [warning] Using default string since no string found in i18n bundle that has the key: Untracked
2026-04-25 16:37:06.422 [warning] Using default string since no string found in i18n bundle that has the key: Untracked
2026-04-25 16:37:06.422 [warning] Using default string since no string found in i18n bundle that has the key: Untracked
2026-04-25 16:37:06.422 [warning] Using default string since no string found in i18n bundle that has the key: Untracked
2026-04-25 16:37:06.422 [warning] Using default string since no string found in i18n bundle that has the key: Untracked
2026-04-25 16:37:06.422 [warning] Using default string since no string found in i18n bundle that has the key: Untracked
2026-04-25 16:37:06.422 [warning] Using default string since no string found in i18n bundle that has the key: Untracked
2026-04-25 16:37:06.422 [warning] Using default string since no string found in i18n bundle that has the key: Untracked
2026-04-25 16:37:06.422 [warning] Using default string since no string found in i18n bundle that has the key: Untracked
2026-04-25 16:37:06.422 [warning] Using default string since no string found in i18n bundle that has the key: Untracked
2026-04-25 16:37:06.422 [warning] Using default string since no string found in i18n bundle that has the key: Untracked
2026-04-25 16:37:06.422 [warning] Using default string since no string found in i18n bundle that has the key: Untracked
2026-04-25 16:37:06.422 [warning] Using default string since no string found in i18n bundle that has the key: Untracked
2026-04-25 16:37:06.422 [warning] Using default string since no string found in i18n bundle that has the key: Untracked
2026-04-25 16:37:06.422 [warning] Using default string since no string found in i18n bundle that has the key: Untracked
2026-04-25 16:37:06.422 [warning] Using default string since no string found in i18n bundle that has the key: Untracked
2026-04-25 16:37:06.422 [warning] Using default string since no string found in i18n bundle that has the key: Untracked
2026-04-25 16:37:06.422 [warning] Using default string since no string found in i18n bundle that has the key: Untracked
2026-04-25 16:37:06.422 [warning] Using default string since no string found in i18n bundle that has the key: Untracked
2026-04-25 16:37:06.422 [warning] Using default string since no string found in i18n bundle that has the key: Untracked
2026-04-25 16:37:06.422 [warning] Using default string since no string found in i18n bundle that has the key: Untracked
2026-04-25 16:37:06.422 [warning] Using default string since no string found in i18n bundle that has the key: Untracked
2026-04-25 16:37:06.422 [warning] Using default string since no string found in i18n bundle that has the key: Untracked
2026-04-25 16:37:06.422 [warning] Using default string since no string found in i18n bundle that has the key: Untracked
2026-04-25 16:37:06.422 [warning] Using default string since no string found in i18n bundle that has the key: Untracked
2026-04-25 16:37:06.422 [warning] Using default string since no string found in i18n bundle that has the key: Untracked
2026-04-25 16:37:06.422 [warning] Using default string since no string found in i18n bundle that has the key: Untracked
2026-04-25 16:37:06.422 [warning] Using default string since no string found in i18n bundle that has the key: Untracked
2026-04-25 16:37:06.423 [warning] Using default string since no string found in i18n bundle that has the key: Untracked
2026-04-25 16:37:06.423 [warning] Using default string since no string found in i18n bundle that has the key: Untracked
2026-04-25 16:37:06.423 [warning] Using default string since no string found in i18n bundle that has the key: Untracked
2026-04-25 16:37:06.423 [warning] Using default string since no string found in i18n bundle that has the key: Untracked
2026-04-25 16:37:06.423 [warning] Using default string since no string found in i18n bundle that has the key: Untracked
2026-04-25 16:37:06.423 [warning] Using default string since no string found in i18n bundle that has the key: Untracked
2026-04-25 16:37:06.423 [warning] Using default string since no string found in i18n bundle that has the key: Untracked
2026-04-25 16:37:08.674 [info] ExtensionService#_doActivateExtension vscode.configuration-editing, startup: false, activationEvent: 'onLanguage:json'
2026-04-25 16:37:08.674 [info] ExtensionService#_doActivateExtension vscode.extension-editing, startup: false, activationEvent: 'onLanguage:json'
2026-04-25 16:37:08.674 [info] ExtensionService#_doActivateExtension vscode.json-language-features, startup: false, activationEvent: 'onLanguage:json'
2026-04-25 16:37:09.175 [error] No bundle location found for extension vscode.configuration-editing
2026-04-25 16:37:09.184 [warning] Using default string since no string found in i18n bundle that has the key: GitHub
2026-04-25 16:37:09.184 [warning] Using default string since no string found in i18n bundle that has the key: gist
2026-04-25 16:37:09.231 [error] No bundle location found for extension vscode.json-language-features
2026-04-25 16:37:09.287 [warning] Using default string since no string found in i18n bundle that has the key: Configure
2026-04-25 16:37:09.287 [warning] Using default string since no string found in i18n bundle that has the key: JSON Language Server
2026-04-25 16:37:09.314 [error] No bundle location found for extension vscode.extension-editing
2026-04-25 16:37:09.324 [warning] Using default string since no string found in i18n bundle that has the key: This activation event cannot be explicitly listed by your extension.
2026-04-25 16:37:09.324 [warning] Using default string since no string found in i18n bundle that has the key: This activation event can be removed as VS Code generates these automatically from your package.json contribution declarations.
2026-04-25 16:37:09.325 [warning] Using default string since no string found in i18n bundle that has the key: Images must use the HTTPS protocol.
2026-04-25 16:37:09.325 [warning] Using default string since no string found in i18n bundle that has the key: SVGs are not a valid image source.
2026-04-25 16:37:09.325 [warning] Using default string since no string found in i18n bundle that has the key: Embedded SVGs are not a valid image source.
2026-04-25 16:37:09.325 [warning] Using default string since no string found in i18n bundle that has the key: Data URLs are not a valid image source.
2026-04-25 16:37:09.325 [warning] Using default string since no string found in i18n bundle that has the key: Relative image URLs require a repository with HTTPS protocol to be specified in the package.json.
2026-04-25 16:37:09.325 [warning] Using default string since no string found in i18n bundle that has the key: Relative badge URLs require a repository with HTTPS protocol to be specified in this package.json.
2026-04-25 16:37:09.325 [warning] Using default string since no string found in i18n bundle that has the key: This proposal cannot be used because for this extension the product defines a fixed set of API proposals. You can test your extension but before publishing you MUST reach out to the VS Code team.
2026-04-25 16:37:09.325 [warning] Using default string since no string found in i18n bundle that has the key: Using '*' activation is usually a bad idea as it impacts performance.
2026-04-25 16:37:09.325 [warning] Using default string since no string found in i18n bundle that has the key: Error parsing the when-clause:
2026-04-25 16:37:09.327 [warning] Using default string since no string found in i18n bundle that has the key: JSON: Schema Resolution Error
2026-04-25 16:37:09.449 [warning] Using default string since no string found in i18n bundle that has the key: JSON Validation Status
2026-04-25 16:37:09.450 [warning] Using default string since no string found in i18n bundle that has the key: Unable to compute used schemas: No document
2026-04-25 16:51:09.790 [info] Extension host terminating: parent process 14899 does not exist anymore: kill ESRCH (code: ESRCH) (errno: -3)
2026-04-25 16:51:09.819 [info] Lock '/home/guan/code-server-me/.run/fullbuild-user-data/User/workspaceStorage/-7b607652/vscode.lock': Marking the lockfile as scheduled to be released in 6000 ms.
