2026-04-27 09:12:14.047 [warning] Using default string since no string found in i18n bundle that has the key: remote branches
2026-04-27 09:12:14.047 [warning] Using default string since no string found in i18n bundle that has the key: Remote branch at {0}
2026-04-27 09:12:14.047 [warning] Using default string since no string found in i18n bundle that has the key: remote branches
2026-04-27 09:12:14.047 [warning] Using default string since no string found in i18n bundle that has the key: Tag at {0}
2026-04-27 09:12:14.047 [warning] Using default string since no string found in i18n bundle that has the key: tags
2026-04-27 09:12:14.047 [warning] Using default string since no string found in i18n bundle that has the key: Remote branch at {0}
2026-04-27 09:12:14.047 [warning] Using default string since no string found in i18n bundle that has the key: remote branches
2026-04-27 09:12:14.047 [warning] Using default string since no string found in i18n bundle that has the key: Remote branch at {0}
2026-04-27 09:12:14.047 [warning] Using default string since no string found in i18n bundle that has the key: remote branches
2026-04-27 09:12:14.047 [warning] Using default string since no string found in i18n bundle that has the key: Remote branch at {0}
2026-04-27 09:12:14.047 [warning] Using default string since no string found in i18n bundle that has the key: remote branches
2026-04-27 09:12:14.047 [warning] Using default string since no string found in i18n bundle that has the key: Tag at {0}
2026-04-27 09:12:14.047 [warning] Using default string since no string found in i18n bundle that has the key: tags
2026-04-27 09:12:14.047 [warning] Using default string since no string found in i18n bundle that has the key: Remote branch at {0}
2026-04-27 09:12:14.047 [warning] Using default string since no string found in i18n bundle that has the key: remote branches
2026-04-27 09:12:14.047 [warning] Using default string since no string found in i18n bundle that has the key: Remote branch at {0}
2026-04-27 09:12:14.047 [warning] Using default string since no string found in i18n bundle that has the key: remote branches
2026-04-27 09:12:14.047 [warning] Using default string since no string found in i18n bundle that has the key: Remote branch at {0}
2026-04-27 09:12:14.047 [warning] Using default string since no string found in i18n bundle that has the key: remote branches
2026-04-27 09:12:14.047 [warning] Using default string since no string found in i18n bundle that has the key: Remote branch at {0}
2026-04-27 09:12:14.047 [warning] Using default string since no string found in i18n bundle that has the key: remote branches
2026-04-27 09:12:14.047 [warning] Using default string since no string found in i18n bundle that has the key: Remote branch at {0}
2026-04-27 09:12:14.047 [warning] Using default string since no string found in i18n bundle that has the key: remote branches
2026-04-27 09:12:14.047 [warning] Using default string since no string found in i18n bundle that has the key: Remote branch at {0}
2026-04-27 09:12:14.047 [warning] Using default string since no string found in i18n bundle that has the key: remote branches
2026-04-27 09:12:14.047 [warning] Using default string since no string found in i18n bundle that has the key: Remote branch at {0}
2026-04-27 09:12:14.047 [warning] Using default string since no string found in i18n bundle that has the key: remote branches
2026-04-27 09:12:14.047 [warning] Using default string since no string found in i18n bundle that has the key: Tag at {0}
2026-04-27 09:12:14.047 [warning] Using default string since no string found in i18n bundle that has the key: tags
2026-04-27 09:12:14.047 [warning] Using default string since no string found in i18n bundle that has the key: Remote branch at {0}
2026-04-27 09:12:14.047 [warning] Using default string since no string found in i18n bundle that has the key: remote branches
2026-04-27 09:12:14.047 [warning] Using default string since no string found in i18n bundle that has the key: Remote branch at {0}
2026-04-27 09:12:14.047 [warning] Using default string since no string found in i18n bundle that has the key: remote branches
2026-04-27 09:12:14.047 [warning] Using default string since no string found in i18n bundle that has the key: Remote branch at {0}
2026-04-27 09:12:14.047 [warning] Using default string since no string found in i18n bundle that has the key: remote branches
2026-04-27 09:12:14.047 [warning] Using default string since no string found in i18n bundle that has the key: Tag at {0}
2026-04-27 09:12:14.047 [warning] Using default string since no string found in i18n bundle that has the key: tags
2026-04-27 09:12:14.047 [warning] Using default string since no string found in i18n bundle that has the key: Remote branch at {0}
2026-04-27 09:12:14.047 [warning] Using default string since no string found in i18n bundle that has the key: remote branches
2026-04-27 09:12:14.047 [warning] Using default string since no string found in i18n bundle that has the key: Tag at {0}
2026-04-27 09:12:14.047 [warning] Using default string since no string found in i18n bundle that has the key: tags
2026-04-27 09:12:14.047 [warning] Using default string since no string found in i18n bundle that has the key: Remote branch at {0}
2026-04-27 09:12:14.047 [warning] Using default string since no string found in i18n bundle that has the key: remote branches
2026-04-27 09:12:14.047 [warning] Using default string since no string found in i18n bundle that has the key: Remote branch at {0}
2026-04-27 09:12:14.047 [warning] Using default string since no string found in i18n bundle that has the key: remote branches
2026-04-27 09:12:14.047 [warning] Using default string since no string found in i18n bundle that has the key: Remote branch at {0}
2026-04-27 09:12:14.047 [warning] Using default string since no string found in i18n bundle that has the key: remote branches
2026-04-27 09:12:14.047 [warning] Using default string since no string found in i18n bundle that has the key: Remote branch at {0}
2026-04-27 09:12:14.047 [warning] Using default string since no string found in i18n bundle that has the key: remote branches
2026-04-27 09:12:14.047 [warning] Using default string since no string found in i18n bundle that has the key: Remote branch at {0}
2026-04-27 09:12:14.047 [warning] Using default string since no string found in i18n bundle that has the key: remote branches
2026-04-27 09:12:14.047 [warning] Using default string since no string found in i18n bundle that has the key: Remote branch at {0}
2026-04-27 09:12:14.047 [warning] Using default string since no string found in i18n bundle that has the key: remote branches
2026-04-27 09:12:14.047 [warning] Using default string since no string found in i18n bundle that has the key: Tag at {0}
2026-04-27 09:12:14.047 [warning] Using default string since no string found in i18n bundle that has the key: tags
2026-04-27 09:12:14.047 [warning] Using default string since no string found in i18n bundle that has the key: Tag at {0}
2026-04-27 09:12:14.047 [warning] Using default string since no string found in i18n bundle that has the key: tags
2026-04-27 09:12:14.047 [warning] Using default string since no string found in i18n bundle that has the key: Remote branch at {0}
2026-04-27 09:12:14.047 [warning] Using default string since no string found in i18n bundle that has the key: remote branches
2026-04-27 09:12:14.047 [warning] Using default string since no string found in i18n bundle that has the key: Remote branch at {0}
2026-04-27 09:12:14.047 [warning] Using default string since no string found in i18n bundle that has the key: remote branches
2026-04-27 09:12:14.047 [warning] Using default string since no string found in i18n bundle that has the key: Tag at {0}
2026-04-27 09:12:14.047 [warning] Using default string since no string found in i18n bundle that has the key: tags
2026-04-27 09:12:14.047 [warning] Using default string since no string found in i18n bundle that has the key: Remote branch at {0}
2026-04-27 09:12:14.047 [warning] Using default string since no string found in i18n bundle that has the key: remote branches
2026-04-27 09:12:14.047 [warning] Using default string since no string found in i18n bundle that has the key: Remote branch at {0}
2026-04-27 09:12:14.047 [warning] Using default string since no string found in i18n bundle that has the key: remote branches
2026-04-27 09:12:14.047 [warning] Using default string since no string found in i18n bundle that has the key: Remote branch at {0}
2026-04-27 09:12:14.047 [warning] Using default string since no string found in i18n bundle that has the key: remote branches
2026-04-27 09:12:14.047 [warning] Using default string since no string found in i18n bundle that has the key: Remote branch at {0}
2026-04-27 09:12:14.047 [warning] Using default string since no string found in i18n bundle that has the key: remote branches
2026-04-27 09:12:14.047 [warning] Using default string since no string found in i18n bundle that has the key: Remote branch at {0}
2026-04-27 09:12:14.047 [warning] Using default string since no string found in i18n bundle that has the key: remote branches
2026-04-27 09:12:14.047 [warning] Using default string since no string found in i18n bundle that has the key: Remote branch at {0}
2026-04-27 09:12:14.047 [warning] Using default string since no string found in i18n bundle that has the key: remote branches
2026-04-27 09:12:14.047 [warning] Using default string since no string found in i18n bundle that has the key: Remote branch at {0}
2026-04-27 09:12:14.047 [warning] Using default string since no string found in i18n bundle that has the key: remote branches
2026-04-27 09:12:14.047 [warning] Using default string since no string found in i18n bundle that has the key: Remote branch at {0}
2026-04-27 09:12:14.047 [warning] Using default string since no string found in i18n bundle that has the key: remote branches
2026-04-27 09:12:14.047 [warning] Using default string since no string found in i18n bundle that has the key: Remote branch at {0}
2026-04-27 09:12:14.047 [warning] Using default string since no string found in i18n bundle that has the key: remote branches
2026-04-27 09:12:14.047 [warning] Using default string since no string found in i18n bundle that has the key: Tag at {0}
2026-04-27 09:12:14.047 [warning] Using default string since no string found in i18n bundle that has the key: tags
2026-04-27 09:12:14.047 [warning] Using default string since no string found in i18n bundle that has the key: Remote branch at {0}
2026-04-27 09:12:14.047 [warning] Using default string since no string found in i18n bundle that has the key: remote branches
2026-04-27 09:12:14.047 [warning] Using default string since no string found in i18n bundle that has the key: Tag at {0}
2026-04-27 09:12:14.047 [warning] Using default string since no string found in i18n bundle that has the key: tags
2026-04-27 09:12:14.047 [warning] Using default string since no string found in i18n bundle that has the key: Remote branch at {0}
2026-04-27 09:12:14.047 [warning] Using default string since no string found in i18n bundle that has the key: remote branches
2026-04-27 09:12:14.047 [warning] Using default string since no string found in i18n bundle that has the key: Remote branch at {0}
2026-04-27 09:12:14.047 [warning] Using default string since no string found in i18n bundle that has the key: remote branches
2026-04-27 09:12:14.047 [warning] Using default string since no string found in i18n bundle that has the key: Remote branch at {0}
2026-04-27 09:12:14.047 [warning] Using default string since no string found in i18n bundle that has the key: remote branches
2026-04-27 09:12:14.047 [warning] Using default string since no string found in i18n bundle that has the key: Remote branch at {0}
2026-04-27 09:12:14.047 [warning] Using default string since no string found in i18n bundle that has the key: remote branches
2026-04-27 09:12:14.047 [warning] Using default string since no string found in i18n bundle that has the key: Remote branch at {0}
2026-04-27 09:12:14.047 [warning] Using default string since no string found in i18n bundle that has the key: remote branches
2026-04-27 09:12:14.047 [warning] Using default string since no string found in i18n bundle that has the key: Remote branch at {0}
2026-04-27 09:12:14.047 [warning] Using default string since no string found in i18n bundle that has the key: remote branches
2026-04-27 09:12:14.047 [warning] Using default string since no string found in i18n bundle that has the key: Remote branch at {0}
2026-04-27 09:12:14.047 [warning] Using default string since no string found in i18n bundle that has the key: remote branches
2026-04-27 09:12:14.047 [warning] Using default string since no string found in i18n bundle that has the key: Remote branch at {0}
2026-04-27 09:12:14.047 [warning] Using default string since no string found in i18n bundle that has the key: remote branches
2026-04-27 09:12:14.047 [warning] Using default string since no string found in i18n bundle that has the key: Remote branch at {0}
2026-04-27 09:12:14.047 [warning] Using default string since no string found in i18n bundle that has the key: remote branches
2026-04-27 09:12:14.047 [warning] Using default string since no string found in i18n bundle that has the key: Remote branch at {0}
2026-04-27 09:12:14.048 [warning] Using default string since no string found in i18n bundle that has the key: remote branches
2026-04-27 09:12:14.048 [warning] Using default string since no string found in i18n bundle that has the key: Remote branch at {0}
2026-04-27 09:12:14.048 [warning] Using default string since no string found in i18n bundle that has the key: remote branches
2026-04-27 09:12:14.048 [warning] Using default string since no string found in i18n bundle that has the key: Tag at {0}
2026-04-27 09:12:14.048 [warning] Using default string since no string found in i18n bundle that has the key: tags
2026-04-27 09:12:14.048 [warning] Using default string since no string found in i18n bundle that has the key: Remote branch at {0}
2026-04-27 09:12:14.048 [warning] Using default string since no string found in i18n bundle that has the key: remote branches
2026-04-27 09:12:14.048 [warning] Using default string since no string found in i18n bundle that has the key: Remote branch at {0}
2026-04-27 09:12:14.048 [warning] Using default string since no string found in i18n bundle that has the key: remote branches
2026-04-27 09:12:14.048 [warning] Using default string since no string found in i18n bundle that has the key: Remote branch at {0}
2026-04-27 09:12:14.048 [warning] Using default string since no string found in i18n bundle that has the key: remote branches
2026-04-27 09:12:14.048 [warning] Using default string since no string found in i18n bundle that has the key: Remote branch at {0}
2026-04-27 09:12:14.048 [warning] Using default string since no string found in i18n bundle that has the key: remote branches
2026-04-27 09:12:14.048 [warning] Using default string since no string found in i18n bundle that has the key: Remote branch at {0}
2026-04-27 09:12:14.048 [warning] Using default string since no string found in i18n bundle that has the key: remote branches
2026-04-27 09:12:14.048 [warning] Using default string since no string found in i18n bundle that has the key: Remote branch at {0}
2026-04-27 09:12:14.048 [warning] Using default string since no string found in i18n bundle that has the key: remote branches
2026-04-27 09:12:14.048 [warning] Using default string since no string found in i18n bundle that has the key: Remote branch at {0}
2026-04-27 09:12:14.048 [warning] Using default string since no string found in i18n bundle that has the key: remote branches
2026-04-27 09:12:14.048 [warning] Using default string since no string found in i18n bundle that has the key: Remote branch at {0}
2026-04-27 09:12:14.048 [warning] Using default string since no string found in i18n bundle that has the key: remote branches
2026-04-27 09:12:14.048 [warning] Using default string since no string found in i18n bundle that has the key: Remote branch at {0}
2026-04-27 09:12:14.048 [warning] Using default string since no string found in i18n bundle that has the key: remote branches
2026-04-27 09:12:14.048 [warning] Using default string since no string found in i18n bundle that has the key: Remote branch at {0}
2026-04-27 09:12:14.048 [warning] Using default string since no string found in i18n bundle that has the key: remote branches
2026-04-27 09:12:14.048 [warning] Using default string since no string found in i18n bundle that has the key: Remote branch at {0}
2026-04-27 09:12:14.048 [warning] Using default string since no string found in i18n bundle that has the key: remote branches
2026-04-27 09:12:14.048 [warning] Using default string since no string found in i18n bundle that has the key: Remote branch at {0}
2026-04-27 09:12:14.048 [warning] Using default string since no string found in i18n bundle that has the key: remote branches
2026-04-27 09:12:14.048 [warning] Using default string since no string found in i18n bundle that has the key: Remote branch at {0}
2026-04-27 09:12:14.048 [warning] Using default string since no string found in i18n bundle that has the key: remote branches
2026-04-27 09:12:14.048 [warning] Using default string since no string found in i18n bundle that has the key: Remote branch at {0}
2026-04-27 09:12:14.048 [warning] Using default string since no string found in i18n bundle that has the key: remote branches
2026-04-27 09:12:14.048 [warning] Using default string since no string found in i18n bundle that has the key: Remote branch at {0}
2026-04-27 09:12:14.048 [warning] Using default string since no string found in i18n bundle that has the key: remote branches
2026-04-27 09:12:14.048 [warning] Using default string since no string found in i18n bundle that has the key: Remote branch at {0}
2026-04-27 09:12:14.048 [warning] Using default string since no string found in i18n bundle that has the key: remote branches
2026-04-27 09:12:14.048 [warning] Using default string since no string found in i18n bundle that has the key: Remote branch at {0}
2026-04-27 09:12:14.048 [warning] Using default string since no string found in i18n bundle that has the key: remote branches
2026-04-27 09:12:14.048 [warning] Using default string since no string found in i18n bundle that has the key: Remote branch at {0}
2026-04-27 09:12:14.048 [warning] Using default string since no string found in i18n bundle that has the key: remote branches
2026-04-27 09:12:14.048 [warning] Using default string since no string found in i18n bundle that has the key: Remote branch at {0}
2026-04-27 09:12:14.048 [warning] Using default string since no string found in i18n bundle that has the key: remote branches
2026-04-27 09:12:14.048 [warning] Using default string since no string found in i18n bundle that has the key: Remote branch at {0}
2026-04-27 09:12:14.048 [warning] Using default string since no string found in i18n bundle that has the key: remote branches
2026-04-27 09:12:14.048 [warning] Using default string since no string found in i18n bundle that has the key: Tag at {0}
2026-04-27 09:12:14.048 [warning] Using default string since no string found in i18n bundle that has the key: tags
2026-04-27 09:12:14.048 [warning] Using default string since no string found in i18n bundle that has the key: Remote branch at {0}
2026-04-27 09:12:14.048 [warning] Using default string since no string found in i18n bundle that has the key: remote branches
2026-04-27 09:12:14.048 [warning] Using default string since no string found in i18n bundle that has the key: Remote branch at {0}
2026-04-27 09:12:14.048 [warning] Using default string since no string found in i18n bundle that has the key: remote branches
2026-04-27 09:12:14.048 [warning] Using default string since no string found in i18n bundle that has the key: Remote branch at {0}
2026-04-27 09:12:14.048 [warning] Using default string since no string found in i18n bundle that has the key: remote branches
2026-04-27 09:12:14.048 [warning] Using default string since no string found in i18n bundle that has the key: Remote branch at {0}
2026-04-27 09:12:14.048 [warning] Using default string since no string found in i18n bundle that has the key: remote branches
2026-04-27 09:12:14.048 [warning] Using default string since no string found in i18n bundle that has the key: Remote branch at {0}
2026-04-27 09:12:14.048 [warning] Using default string since no string found in i18n bundle that has the key: remote branches
2026-04-27 09:12:14.048 [warning] Using default string since no string found in i18n bundle that has the key: Remote branch at {0}
2026-04-27 09:12:14.048 [warning] Using default string since no string found in i18n bundle that has the key: remote branches
2026-04-27 09:12:14.048 [warning] Using default string since no string found in i18n bundle that has the key: Remote branch at {0}
2026-04-27 09:12:14.048 [warning] Using default string since no string found in i18n bundle that has the key: remote branches
2026-04-27 09:12:14.048 [warning] Using default string since no string found in i18n bundle that has the key: Tag at {0}
2026-04-27 09:12:14.048 [warning] Using default string since no string found in i18n bundle that has the key: tags
2026-04-27 09:12:14.048 [warning] Using default string since no string found in i18n bundle that has the key: Remote branch at {0}
2026-04-27 09:12:14.048 [warning] Using default string since no string found in i18n bundle that has the key: remote branches
2026-04-27 09:12:14.048 [warning] Using default string since no string found in i18n bundle that has the key: Remote branch at {0}
2026-04-27 09:12:14.048 [warning] Using default string since no string found in i18n bundle that has the key: remote branches
2026-04-27 09:12:14.048 [warning] Using default string since no string found in i18n bundle that has the key: Remote branch at {0}
2026-04-27 09:12:14.048 [warning] Using default string since no string found in i18n bundle that has the key: remote branches
2026-04-27 09:12:14.048 [warning] Using default string since no string found in i18n bundle that has the key: Tag at {0}
2026-04-27 09:12:14.048 [warning] Using default string since no string found in i18n bundle that has the key: tags
2026-04-27 09:12:14.048 [warning] Using default string since no string found in i18n bundle that has the key: Remote branch at {0}
2026-04-27 09:12:14.048 [warning] Using default string since no string found in i18n bundle that has the key: remote branches
2026-04-27 09:12:14.048 [warning] Using default string since no string found in i18n bundle that has the key: Remote branch at {0}
2026-04-27 09:12:14.048 [warning] Using default string since no string found in i18n bundle that has the key: remote branches
2026-04-27 09:12:14.048 [warning] Using default string since no string found in i18n bundle that has the key: Remote branch at {0}
2026-04-27 09:12:14.048 [warning] Using default string since no string found in i18n bundle that has the key: remote branches
2026-04-27 09:12:14.048 [warning] Using default string since no string found in i18n bundle that has the key: Tag at {0}
2026-04-27 09:12:14.048 [warning] Using default string since no string found in i18n bundle that has the key: tags
2026-04-27 09:12:14.048 [warning] Using default string since no string found in i18n bundle that has the key: Remote branch at {0}
2026-04-27 09:12:14.048 [warning] Using default string since no string found in i18n bundle that has the key: remote branches
2026-04-27 09:12:14.048 [warning] Using default string since no string found in i18n bundle that has the key: Remote branch at {0}
2026-04-27 09:12:14.048 [warning] Using default string since no string found in i18n bundle that has the key: remote branches
2026-04-27 09:12:14.048 [warning] Using default string since no string found in i18n bundle that has the key: Remote branch at {0}
2026-04-27 09:12:14.048 [warning] Using default string since no string found in i18n bundle that has the key: remote branches
2026-04-27 09:12:14.048 [warning] Using default string since no string found in i18n bundle that has the key: Remote branch at {0}
2026-04-27 09:12:14.048 [warning] Using default string since no string found in i18n bundle that has the key: remote branches
2026-04-27 09:12:14.048 [warning] Using default string since no string found in i18n bundle that has the key: Remote branch at {0}
2026-04-27 09:12:14.048 [warning] Using default string since no string found in i18n bundle that has the key: remote branches
2026-04-27 09:12:14.048 [warning] Using default string since no string found in i18n bundle that has the key: Remote branch at {0}
2026-04-27 09:12:14.048 [warning] Using default string since no string found in i18n bundle that has the key: remote branches
2026-04-27 09:12:14.048 [warning] Using default string since no string found in i18n bundle that has the key: Remote branch at {0}
2026-04-27 09:12:14.048 [warning] Using default string since no string found in i18n bundle that has the key: remote branches
2026-04-27 09:12:14.048 [warning] Using default string since no string found in i18n bundle that has the key: Remote branch at {0}
2026-04-27 09:12:14.048 [warning] Using default string since no string found in i18n bundle that has the key: remote branches
2026-04-27 09:12:14.048 [warning] Using default string since no string found in i18n bundle that has the key: Remote branch at {0}
2026-04-27 09:12:14.048 [warning] Using default string since no string found in i18n bundle that has the key: remote branches
2026-04-27 09:12:14.048 [warning] Using default string since no string found in i18n bundle that has the key: Tag at {0}
2026-04-27 09:12:14.048 [warning] Using default string since no string found in i18n bundle that has the key: tags
2026-04-27 09:12:14.048 [warning] Using default string since no string found in i18n bundle that has the key: Remote branch at {0}
2026-04-27 09:12:14.048 [warning] Using default string since no string found in i18n bundle that has the key: remote branches
2026-04-27 09:12:14.048 [warning] Using default string since no string found in i18n bundle that has the key: Remote branch at {0}
2026-04-27 09:12:14.048 [warning] Using default string since no string found in i18n bundle that has the key: remote branches
2026-04-27 09:12:14.048 [warning] Using default string since no string found in i18n bundle that has the key: Remote branch at {0}
2026-04-27 09:12:14.048 [warning] Using default string since no string found in i18n bundle that has the key: remote branches
2026-04-27 09:12:14.048 [warning] Using default string since no string found in i18n bundle that has the key: Remote branch at {0}
2026-04-27 09:12:14.048 [warning] Using default string since no string found in i18n bundle that has the key: remote branches
2026-04-27 09:12:14.048 [warning] Using default string since no string found in i18n bundle that has the key: Tag at {0}
2026-04-27 09:12:14.048 [warning] Using default string since no string found in i18n bundle that has the key: tags
2026-04-27 09:12:14.048 [warning] Using default string since no string found in i18n bundle that has the key: Remote branch at {0}
2026-04-27 09:12:14.048 [warning] Using default string since no string found in i18n bundle that has the key: remote branches
2026-04-27 09:12:14.048 [warning] Using default string since no string found in i18n bundle that has the key: Tag at {0}
2026-04-27 09:12:14.048 [warning] Using default string since no string found in i18n bundle that has the key: tags
2026-04-27 09:12:14.048 [warning] Using default string since no string found in i18n bundle that has the key: Remote branch at {0}
2026-04-27 09:12:14.048 [warning] Using default string since no string found in i18n bundle that has the key: remote branches
2026-04-27 09:12:14.048 [warning] Using default string since no string found in i18n bundle that has the key: Remote branch at {0}
2026-04-27 09:12:14.048 [warning] Using default string since no string found in i18n bundle that has the key: remote branches
2026-04-27 09:12:14.048 [warning] Using default string since no string found in i18n bundle that has the key: Remote branch at {0}
2026-04-27 09:12:14.048 [warning] Using default string since no string found in i18n bundle that has the key: remote branches
2026-04-27 09:12:14.048 [warning] Using default string since no string found in i18n bundle that has the key: Tag at {0}
2026-04-27 09:12:14.048 [warning] Using default string since no string found in i18n bundle that has the key: tags
2026-04-27 09:12:14.048 [warning] Using default string since no string found in i18n bundle that has the key: Remote branch at {0}
2026-04-27 09:12:14.048 [warning] Using default string since no string found in i18n bundle that has the key: remote branches
2026-04-27 09:12:14.048 [warning] Using default string since no string found in i18n bundle that has the key: Remote branch at {0}
2026-04-27 09:12:14.048 [warning] Using default string since no string found in i18n bundle that has the key: remote branches
2026-04-27 09:12:14.048 [warning] Using default string since no string found in i18n bundle that has the key: Remote branch at {0}
2026-04-27 09:12:14.048 [warning] Using default string since no string found in i18n bundle that has the key: remote branches
2026-04-27 09:12:14.048 [warning] Using default string since no string found in i18n bundle that has the key: Remote branch at {0}
2026-04-27 09:12:14.048 [warning] Using default string since no string found in i18n bundle that has the key: remote branches
2026-04-27 09:12:14.048 [warning] Using default string since no string found in i18n bundle that has the key: Remote branch at {0}
2026-04-27 09:12:14.048 [warning] Using default string since no string found in i18n bundle that has the key: remote branches
2026-04-27 09:12:14.048 [warning] Using default string since no string found in i18n bundle that has the key: Remote branch at {0}
2026-04-27 09:12:14.048 [warning] Using default string since no string found in i18n bundle that has the key: remote branches
2026-04-27 09:12:14.048 [warning] Using default string since no string found in i18n bundle that has the key: Remote branch at {0}
2026-04-27 09:12:14.048 [warning] Using default string since no string found in i18n bundle that has the key: remote branches
2026-04-27 09:12:14.048 [warning] Using default string since no string found in i18n bundle that has the key: Remote branch at {0}
2026-04-27 09:12:14.048 [warning] Using default string since no string found in i18n bundle that has the key: remote branches
2026-04-27 09:12:14.048 [warning] Using default string since no string found in i18n bundle that has the key: Remote branch at {0}
2026-04-27 09:12:14.048 [warning] Using default string since no string found in i18n bundle that has the key: remote branches
2026-04-27 09:12:14.048 [warning] Using default string since no string found in i18n bundle that has the key: Remote branch at {0}
2026-04-27 09:12:14.048 [warning] Using default string since no string found in i18n bundle that has the key: remote branches
2026-04-27 09:12:14.048 [warning] Using default string since no string found in i18n bundle that has the key: Remote branch at {0}
2026-04-27 09:12:14.048 [warning] Using default string since no string found in i18n bundle that has the key: remote branches
2026-04-27 09:12:14.048 [warning] Using default string since no string found in i18n bundle that has the key: Remote branch at {0}
2026-04-27 09:12:14.048 [warning] Using default string since no string found in i18n bundle that has the key: remote branches
2026-04-27 09:12:14.048 [warning] Using default string since no string found in i18n bundle that has the key: Remote branch at {0}
2026-04-27 09:12:14.048 [warning] Using default string since no string found in i18n bundle that has the key: remote branches
2026-04-27 09:12:14.048 [warning] Using default string since no string found in i18n bundle that has the key: Remote branch at {0}
2026-04-27 09:12:14.048 [warning] Using default string since no string found in i18n bundle that has the key: remote branches
2026-04-27 09:12:14.048 [warning] Using default string since no string found in i18n bundle that has the key: Remote branch at {0}
2026-04-27 09:12:14.048 [warning] Using default string since no string found in i18n bundle that has the key: remote branches
2026-04-27 09:12:14.048 [warning] Using default string since no string found in i18n bundle that has the key: Remote branch at {0}
2026-04-27 09:12:14.048 [warning] Using default string since no string found in i18n bundle that has the key: remote branches
2026-04-27 09:12:14.048 [warning] Using default string since no string found in i18n bundle that has the key: Tag at {0}
2026-04-27 09:12:14.048 [warning] Using default string since no string found in i18n bundle that has the key: tags
2026-04-27 09:12:14.048 [warning] Using default string since no string found in i18n bundle that has the key: Remote branch at {0}
2026-04-27 09:12:14.048 [warning] Using default string since no string found in i18n bundle that has the key: remote branches
2026-04-27 09:12:14.048 [warning] Using default string since no string found in i18n bundle that has the key: Remote branch at {0}
2026-04-27 09:12:14.048 [warning] Using default string since no string found in i18n bundle that has the key: remote branches
2026-04-27 09:12:14.048 [warning] Using default string since no string found in i18n bundle that has the key: Remote branch at {0}
2026-04-27 09:12:14.048 [warning] Using default string since no string found in i18n bundle that has the key: remote branches
2026-04-27 09:12:14.048 [warning] Using default string since no string found in i18n bundle that has the key: Remote branch at {0}
2026-04-27 09:12:14.048 [warning] Using default string since no string found in i18n bundle that has the key: remote branches
2026-04-27 09:12:14.048 [warning] Using default string since no string found in i18n bundle that has the key: Remote branch at {0}
2026-04-27 09:12:14.048 [warning] Using default string since no string found in i18n bundle that has the key: remote branches
2026-04-27 09:12:14.048 [warning] Using default string since no string found in i18n bundle that has the key: Remote branch at {0}
2026-04-27 09:12:14.048 [warning] Using default string since no string found in i18n bundle that has the key: remote branches
2026-04-27 09:12:14.048 [warning] Using default string since no string found in i18n bundle that has the key: Tag at {0}
2026-04-27 09:12:14.048 [warning] Using default string since no string found in i18n bundle that has the key: tags
2026-04-27 09:12:14.048 [warning] Using default string since no string found in i18n bundle that has the key: Remote branch at {0}
2026-04-27 09:12:14.048 [warning] Using default string since no string found in i18n bundle that has the key: remote branches
2026-04-27 09:12:14.048 [warning] Using default string since no string found in i18n bundle that has the key: Remote branch at {0}
2026-04-27 09:12:14.048 [warning] Using default string since no string found in i18n bundle that has the key: remote branches
2026-04-27 09:12:14.048 [warning] Using default string since no string found in i18n bundle that has the key: Remote branch at {0}
2026-04-27 09:12:14.048 [warning] Using default string since no string found in i18n bundle that has the key: remote branches
2026-04-27 09:12:14.048 [warning] Using default string since no string found in i18n bundle that has the key: Remote branch at {0}
2026-04-27 09:12:14.048 [warning] Using default string since no string found in i18n bundle that has the key: remote branches
2026-04-27 09:12:14.048 [warning] Using default string since no string found in i18n bundle that has the key: Remote branch at {0}
2026-04-27 09:12:14.048 [warning] Using default string since no string found in i18n bundle that has the key: remote branches
2026-04-27 09:12:14.048 [warning] Using default string since no string found in i18n bundle that has the key: Remote branch at {0}
2026-04-27 09:12:14.048 [warning] Using default string since no string found in i18n bundle that has the key: remote branches
2026-04-27 09:12:14.048 [warning] Using default string since no string found in i18n bundle that has the key: Remote branch at {0}
2026-04-27 09:12:14.048 [warning] Using default string since no string found in i18n bundle that has the key: remote branches
2026-04-27 09:12:14.048 [warning] Using default string since no string found in i18n bundle that has the key: Remote branch at {0}
2026-04-27 09:12:14.048 [warning] Using default string since no string found in i18n bundle that has the key: remote branches
2026-04-27 09:12:14.048 [warning] Using default string since no string found in i18n bundle that has the key: Remote branch at {0}
2026-04-27 09:12:14.048 [warning] Using default string since no string found in i18n bundle that has the key: remote branches
2026-04-27 09:12:14.048 [warning] Using default string since no string found in i18n bundle that has the key: Remote branch at {0}
2026-04-27 09:12:14.048 [warning] Using default string since no string found in i18n bundle that has the key: remote branches
2026-04-27 09:12:14.048 [warning] Using default string since no string found in i18n bundle that has the key: Remote branch at {0}
2026-04-27 09:12:14.048 [warning] Using default string since no string found in i18n bundle that has the key: remote branches
2026-04-27 09:12:14.048 [warning] Using default string since no string found in i18n bundle that has the key: Remote branch at {0}
2026-04-27 09:12:14.048 [warning] Using default string since no string found in i18n bundle that has the key: remote branches
2026-04-27 09:12:14.048 [warning] Using default string since no string found in i18n bundle that has the key: Remote branch at {0}
2026-04-27 09:12:14.048 [warning] Using default string since no string found in i18n bundle that has the key: remote branches
2026-04-27 09:12:14.048 [warning] Using default string since no string found in i18n bundle that has the key: Remote branch at {0}
2026-04-27 09:12:14.048 [warning] Using default string since no string found in i18n bundle that has the key: remote branches
2026-04-27 09:12:14.048 [warning] Using default string since no string found in i18n bundle that has the key: Remote branch at {0}
2026-04-27 09:12:14.048 [warning] Using default string since no string found in i18n bundle that has the key: remote branches
2026-04-27 09:12:14.048 [warning] Using default string since no string found in i18n bundle that has the key: Tag at {0}
2026-04-27 09:12:14.048 [warning] Using default string since no string found in i18n bundle that has the key: tags
2026-04-27 09:12:14.048 [warning] Using default string since no string found in i18n bundle that has the key: Remote branch at {0}
2026-04-27 09:12:14.048 [warning] Using default string since no string found in i18n bundle that has the key: remote branches
2026-04-27 09:12:14.048 [warning] Using default string since no string found in i18n bundle that has the key: Remote branch at {0}
2026-04-27 09:12:14.048 [warning] Using default string since no string found in i18n bundle that has the key: remote branches
2026-04-27 09:12:14.048 [warning] Using default string since no string found in i18n bundle that has the key: Remote branch at {0}
2026-04-27 09:12:14.048 [warning] Using default string since no string found in i18n bundle that has the key: remote branches
2026-04-27 09:12:14.048 [warning] Using default string since no string found in i18n bundle that has the key: Remote branch at {0}
2026-04-27 09:12:14.048 [warning] Using default string since no string found in i18n bundle that has the key: remote branches
2026-04-27 09:12:14.048 [warning] Using default string since no string found in i18n bundle that has the key: Remote branch at {0}
2026-04-27 09:12:14.048 [warning] Using default string since no string found in i18n bundle that has the key: remote branches
2026-04-27 09:12:14.048 [warning] Using default string since no string found in i18n bundle that has the key: Remote branch at {0}
2026-04-27 09:12:14.048 [warning] Using default string since no string found in i18n bundle that has the key: remote branches
2026-04-27 09:12:14.048 [warning] Using default string since no string found in i18n bundle that has the key: Remote branch at {0}
2026-04-27 09:12:14.048 [warning] Using default string since no string found in i18n bundle that has the key: remote branches
2026-04-27 09:12:14.048 [warning] Using default string since no string found in i18n bundle that has the key: Remote branch at {0}
2026-04-27 09:12:14.048 [warning] Using default string since no string found in i18n bundle that has the key: remote branches
2026-04-27 09:12:14.048 [warning] Using default string since no string found in i18n bundle that has the key: Remote branch at {0}
2026-04-27 09:12:14.048 [warning] Using default string since no string found in i18n bundle that has the key: remote branches
2026-04-27 09:12:14.048 [warning] Using default string since no string found in i18n bundle that has the key: Remote branch at {0}
2026-04-27 09:12:14.048 [warning] Using default string since no string found in i18n bundle that has the key: remote branches
2026-04-27 09:12:14.048 [warning] Using default string since no string found in i18n bundle that has the key: Remote branch at {0}
2026-04-27 09:12:14.048 [warning] Using default string since no string found in i18n bundle that has the key: remote branches
2026-04-27 09:12:14.048 [warning] Using default string since no string found in i18n bundle that has the key: Remote branch at {0}
2026-04-27 09:12:14.048 [warning] Using default string since no string found in i18n bundle that has the key: remote branches
2026-04-27 09:12:14.048 [warning] Using default string since no string found in i18n bundle that has the key: Remote branch at {0}
2026-04-27 09:12:14.048 [warning] Using default string since no string found in i18n bundle that has the key: remote branches
2026-04-27 09:12:14.048 [warning] Using default string since no string found in i18n bundle that has the key: Remote branch at {0}
2026-04-27 09:12:14.048 [warning] Using default string since no string found in i18n bundle that has the key: remote branches
2026-04-27 09:12:14.048 [warning] Using default string since no string found in i18n bundle that has the key: Remote branch at {0}
2026-04-27 09:12:14.048 [warning] Using default string since no string found in i18n bundle that has the key: remote branches
2026-04-27 09:12:14.048 [warning] Using default string since no string found in i18n bundle that has the key: Remote branch at {0}
2026-04-27 09:12:14.048 [warning] Using default string since no string found in i18n bundle that has the key: remote branches
2026-04-27 09:12:14.048 [warning] Using default string since no string found in i18n bundle that has the key: Remote branch at {0}
2026-04-27 09:12:14.048 [warning] Using default string since no string found in i18n bundle that has the key: remote branches
2026-04-27 09:12:14.048 [warning] Using default string since no string found in i18n bundle that has the key: Remote branch at {0}
2026-04-27 09:12:14.048 [warning] Using default string since no string found in i18n bundle that has the key: remote branches
2026-04-27 09:12:14.048 [warning] Using default string since no string found in i18n bundle that has the key: Remote branch at {0}
2026-04-27 09:12:14.048 [warning] Using default string since no string found in i18n bundle that has the key: remote branches
2026-04-27 09:12:14.048 [warning] Using default string since no string found in i18n bundle that has the key: Remote branch at {0}
2026-04-27 09:12:14.048 [warning] Using default string since no string found in i18n bundle that has the key: remote branches
2026-04-27 09:12:14.048 [warning] Using default string since no string found in i18n bundle that has the key: Remote branch at {0}
2026-04-27 09:12:14.048 [warning] Using default string since no string found in i18n bundle that has the key: remote branches
2026-04-27 09:12:14.048 [warning] Using default string since no string found in i18n bundle that has the key: Remote branch at {0}
2026-04-27 09:12:14.048 [warning] Using default string since no string found in i18n bundle that has the key: remote branches
2026-04-27 09:12:14.048 [warning] Using default string since no string found in i18n bundle that has the key: Remote branch at {0}
2026-04-27 09:12:14.048 [warning] Using default string since no string found in i18n bundle that has the key: remote branches
2026-04-27 09:12:14.048 [warning] Using default string since no string found in i18n bundle that has the key: Remote branch at {0}
2026-04-27 09:12:14.048 [warning] Using default string since no string found in i18n bundle that has the key: remote branches
2026-04-27 09:12:14.048 [warning] Using default string since no string found in i18n bundle that has the key: Remote branch at {0}
2026-04-27 09:12:14.048 [warning] Using default string since no string found in i18n bundle that has the key: remote branches
2026-04-27 09:12:14.048 [warning] Using default string since no string found in i18n bundle that has the key: Remote branch at {0}
2026-04-27 09:12:14.048 [warning] Using default string since no string found in i18n bundle that has the key: remote branches
2026-04-27 09:12:14.048 [warning] Using default string since no string found in i18n bundle that has the key: Remote branch at {0}
2026-04-27 09:12:14.048 [warning] Using default string since no string found in i18n bundle that has the key: remote branches
2026-04-27 09:12:14.048 [warning] Using default string since no string found in i18n bundle that has the key: Tag at {0}
2026-04-27 09:12:14.049 [warning] Using default string since no string found in i18n bundle that has the key: tags
2026-04-27 09:12:14.049 [warning] Using default string since no string found in i18n bundle that has the key: Remote branch at {0}
2026-04-27 09:12:14.049 [warning] Using default string since no string found in i18n bundle that has the key: remote branches
2026-04-27 09:12:14.049 [warning] Using default string since no string found in i18n bundle that has the key: Tag at {0}
2026-04-27 09:12:14.049 [warning] Using default string since no string found in i18n bundle that has the key: tags
2026-04-27 09:12:14.049 [warning] Using default string since no string found in i18n bundle that has the key: Remote branch at {0}
2026-04-27 09:12:14.049 [warning] Using default string since no string found in i18n bundle that has the key: remote branches
2026-04-27 09:12:14.049 [warning] Using default string since no string found in i18n bundle that has the key: Tag at {0}
2026-04-27 09:12:14.049 [warning] Using default string since no string found in i18n bundle that has the key: tags
2026-04-27 09:12:14.049 [warning] Using default string since no string found in i18n bundle that has the key: Remote branch at {0}
2026-04-27 09:12:14.049 [warning] Using default string since no string found in i18n bundle that has the key: remote branches
2026-04-27 09:12:14.049 [warning] Using default string since no string found in i18n bundle that has the key: Tag at {0}
2026-04-27 09:12:14.049 [warning] Using default string since no string found in i18n bundle that has the key: tags
2026-04-27 09:12:14.049 [warning] Using default string since no string found in i18n bundle that has the key: Remote branch at {0}
2026-04-27 09:12:14.049 [warning] Using default string since no string found in i18n bundle that has the key: remote branches
2026-04-27 09:12:14.049 [warning] Using default string since no string found in i18n bundle that has the key: Remote branch at {0}
2026-04-27 09:12:14.049 [warning] Using default string since no string found in i18n bundle that has the key: remote branches
2026-04-27 09:12:14.049 [warning] Using default string since no string found in i18n bundle that has the key: Remote branch at {0}
2026-04-27 09:12:14.049 [warning] Using default string since no string found in i18n bundle that has the key: remote branches
2026-04-27 09:12:14.049 [warning] Using default string since no string found in i18n bundle that has the key: Remote branch at {0}
2026-04-27 09:12:14.049 [warning] Using default string since no string found in i18n bundle that has the key: remote branches
2026-04-27 09:12:14.049 [warning] Using default string since no string found in i18n bundle that has the key: Tag at {0}
2026-04-27 09:12:14.049 [warning] Using default string since no string found in i18n bundle that has the key: tags
2026-04-27 09:12:14.049 [warning] Using default string since no string found in i18n bundle that has the key: Remote branch at {0}
2026-04-27 09:12:14.049 [warning] Using default string since no string found in i18n bundle that has the key: remote branches
2026-04-27 09:12:14.049 [warning] Using default string since no string found in i18n bundle that has the key: Remote branch at {0}
2026-04-27 09:12:14.049 [warning] Using default string since no string found in i18n bundle that has the key: remote branches
2026-04-27 09:12:14.049 [warning] Using default string since no string found in i18n bundle that has the key: Tag at {0}
2026-04-27 09:12:14.049 [warning] Using default string since no string found in i18n bundle that has the key: tags
2026-04-27 09:12:14.049 [warning] Using default string since no string found in i18n bundle that has the key: Tag at {0}
2026-04-27 09:12:14.049 [warning] Using default string since no string found in i18n bundle that has the key: tags
2026-04-27 09:12:14.049 [warning] Using default string since no string found in i18n bundle that has the key: Remote branch at {0}
2026-04-27 09:12:14.049 [warning] Using default string since no string found in i18n bundle that has the key: remote branches
2026-04-27 09:12:14.049 [warning] Using default string since no string found in i18n bundle that has the key: Remote branch at {0}
2026-04-27 09:12:14.049 [warning] Using default string since no string found in i18n bundle that has the key: remote branches
2026-04-27 09:12:14.049 [warning] Using default string since no string found in i18n bundle that has the key: Remote branch at {0}
2026-04-27 09:12:14.049 [warning] Using default string since no string found in i18n bundle that has the key: remote branches
2026-04-27 09:12:14.049 [warning] Using default string since no string found in i18n bundle that has the key: Remote branch at {0}
2026-04-27 09:12:14.049 [warning] Using default string since no string found in i18n bundle that has the key: remote branches
2026-04-27 09:12:14.049 [warning] Using default string since no string found in i18n bundle that has the key: Remote branch at {0}
2026-04-27 09:12:14.049 [warning] Using default string since no string found in i18n bundle that has the key: remote branches
2026-04-27 09:12:14.049 [warning] Using default string since no string found in i18n bundle that has the key: Remote branch at {0}
2026-04-27 09:12:14.049 [warning] Using default string since no string found in i18n bundle that has the key: remote branches
2026-04-27 09:12:14.049 [warning] Using default string since no string found in i18n bundle that has the key: Remote branch at {0}
2026-04-27 09:12:14.049 [warning] Using default string since no string found in i18n bundle that has the key: remote branches
2026-04-27 09:12:14.049 [warning] Using default string since no string found in i18n bundle that has the key: Remote branch at {0}
2026-04-27 09:12:14.049 [warning] Using default string since no string found in i18n bundle that has the key: remote branches
2026-04-27 09:12:14.049 [warning] Using default string since no string found in i18n bundle that has the key: Remote branch at {0}
2026-04-27 09:12:14.049 [warning] Using default string since no string found in i18n bundle that has the key: remote branches
2026-04-27 09:12:14.049 [warning] Using default string since no string found in i18n bundle that has the key: Remote branch at {0}
2026-04-27 09:12:14.049 [warning] Using default string since no string found in i18n bundle that has the key: remote branches
2026-04-27 09:12:14.049 [warning] Using default string since no string found in i18n bundle that has the key: Remote branch at {0}
2026-04-27 09:12:14.049 [warning] Using default string since no string found in i18n bundle that has the key: remote branches
2026-04-27 09:12:14.049 [warning] Using default string since no string found in i18n bundle that has the key: Remote branch at {0}
2026-04-27 09:12:14.049 [warning] Using default string since no string found in i18n bundle that has the key: remote branches
2026-04-27 09:12:14.049 [warning] Using default string since no string found in i18n bundle that has the key: Remote branch at {0}
2026-04-27 09:12:14.049 [warning] Using default string since no string found in i18n bundle that has the key: remote branches
2026-04-27 09:12:14.049 [warning] Using default string since no string found in i18n bundle that has the key: Remote branch at {0}
2026-04-27 09:12:14.049 [warning] Using default string since no string found in i18n bundle that has the key: remote branches
2026-04-27 09:12:14.049 [warning] Using default string since no string found in i18n bundle that has the key: Tag at {0}
2026-04-27 09:12:14.049 [warning] Using default string since no string found in i18n bundle that has the key: tags
2026-04-27 09:12:14.049 [warning] Using default string since no string found in i18n bundle that has the key: Remote branch at {0}
2026-04-27 09:12:14.049 [warning] Using default string since no string found in i18n bundle that has the key: remote branches
2026-04-27 09:12:14.049 [warning] Using default string since no string found in i18n bundle that has the key: Remote branch at {0}
2026-04-27 09:12:14.049 [warning] Using default string since no string found in i18n bundle that has the key: remote branches
2026-04-27 09:12:14.049 [warning] Using default string since no string found in i18n bundle that has the key: Tag at {0}
2026-04-27 09:12:14.049 [warning] Using default string since no string found in i18n bundle that has the key: tags
2026-04-27 09:12:14.049 [warning] Using default string since no string found in i18n bundle that has the key: Remote branch at {0}
2026-04-27 09:12:14.049 [warning] Using default string since no string found in i18n bundle that has the key: remote branches
2026-04-27 09:12:14.049 [warning] Using default string since no string found in i18n bundle that has the key: Remote branch at {0}
2026-04-27 09:12:14.049 [warning] Using default string since no string found in i18n bundle that has the key: remote branches
2026-04-27 09:12:14.049 [warning] Using default string since no string found in i18n bundle that has the key: Remote branch at {0}
2026-04-27 09:12:14.049 [warning] Using default string since no string found in i18n bundle that has the key: remote branches
2026-04-27 09:12:14.049 [warning] Using default string since no string found in i18n bundle that has the key: Remote branch at {0}
2026-04-27 09:12:14.049 [warning] Using default string since no string found in i18n bundle that has the key: remote branches
2026-04-27 09:12:14.049 [warning] Using default string since no string found in i18n bundle that has the key: Remote branch at {0}
2026-04-27 09:12:14.049 [warning] Using default string since no string found in i18n bundle that has the key: remote branches
2026-04-27 09:12:14.049 [warning] Using default string since no string found in i18n bundle that has the key: Tag at {0}
2026-04-27 09:12:14.049 [warning] Using default string since no string found in i18n bundle that has the key: tags
2026-04-27 09:12:14.049 [warning] Using default string since no string found in i18n bundle that has the key: Tag at {0}
2026-04-27 09:12:14.049 [warning] Using default string since no string found in i18n bundle that has the key: tags
2026-04-27 09:12:14.049 [warning] Using default string since no string found in i18n bundle that has the key: Remote branch at {0}
2026-04-27 09:12:14.049 [warning] Using default string since no string found in i18n bundle that has the key: remote branches
2026-04-27 09:12:14.049 [warning] Using default string since no string found in i18n bundle that has the key: Remote branch at {0}
2026-04-27 09:12:14.049 [warning] Using default string since no string found in i18n bundle that has the key: remote branches
2026-04-27 09:12:14.049 [warning] Using default string since no string found in i18n bundle that has the key: Remote branch at {0}
2026-04-27 09:12:14.049 [warning] Using default string since no string found in i18n bundle that has the key: remote branches
2026-04-27 09:12:14.049 [warning] Using default string since no string found in i18n bundle that has the key: Remote branch at {0}
2026-04-27 09:12:14.049 [warning] Using default string since no string found in i18n bundle that has the key: remote branches
2026-04-27 09:12:14.049 [warning] Using default string since no string found in i18n bundle that has the key: Remote branch at {0}
2026-04-27 09:12:14.049 [warning] Using default string since no string found in i18n bundle that has the key: remote branches
2026-04-27 09:12:14.049 [warning] Using default string since no string found in i18n bundle that has the key: Remote branch at {0}
2026-04-27 09:12:14.049 [warning] Using default string since no string found in i18n bundle that has the key: remote branches
2026-04-27 09:12:14.049 [warning] Using default string since no string found in i18n bundle that has the key: Remote branch at {0}
2026-04-27 09:12:14.049 [warning] Using default string since no string found in i18n bundle that has the key: remote branches
2026-04-27 09:12:14.049 [warning] Using default string since no string found in i18n bundle that has the key: Remote branch at {0}
2026-04-27 09:12:14.049 [warning] Using default string since no string found in i18n bundle that has the key: remote branches
2026-04-27 09:12:14.049 [warning] Using default string since no string found in i18n bundle that has the key: Tag at {0}
2026-04-27 09:12:14.049 [warning] Using default string since no string found in i18n bundle that has the key: tags
2026-04-27 09:12:14.049 [warning] Using default string since no string found in i18n bundle that has the key: Tag at {0}
2026-04-27 09:12:14.049 [warning] Using default string since no string found in i18n bundle that has the key: tags
2026-04-27 09:12:14.049 [warning] Using default string since no string found in i18n bundle that has the key: Remote branch at {0}
2026-04-27 09:12:14.049 [warning] Using default string since no string found in i18n bundle that has the key: remote branches
2026-04-27 09:12:14.049 [warning] Using default string since no string found in i18n bundle that has the key: Remote branch at {0}
2026-04-27 09:12:14.049 [warning] Using default string since no string found in i18n bundle that has the key: remote branches
2026-04-27 09:12:14.049 [warning] Using default string since no string found in i18n bundle that has the key: Tag at {0}
2026-04-27 09:12:14.049 [warning] Using default string since no string found in i18n bundle that has the key: tags
2026-04-27 09:12:14.049 [warning] Using default string since no string found in i18n bundle that has the key: Remote branch at {0}
2026-04-27 09:12:14.049 [warning] Using default string since no string found in i18n bundle that has the key: remote branches
2026-04-27 09:12:14.049 [warning] Using default string since no string found in i18n bundle that has the key: Remote branch at {0}
2026-04-27 09:12:14.049 [warning] Using default string since no string found in i18n bundle that has the key: remote branches
2026-04-27 09:12:14.049 [warning] Using default string since no string found in i18n bundle that has the key: Tag at {0}
2026-04-27 09:12:14.049 [warning] Using default string since no string found in i18n bundle that has the key: tags
2026-04-27 09:12:14.049 [warning] Using default string since no string found in i18n bundle that has the key: Remote branch at {0}
2026-04-27 09:12:14.049 [warning] Using default string since no string found in i18n bundle that has the key: remote branches
2026-04-27 09:12:14.049 [warning] Using default string since no string found in i18n bundle that has the key: Tag at {0}
2026-04-27 09:12:14.049 [warning] Using default string since no string found in i18n bundle that has the key: tags
2026-04-27 09:12:14.049 [warning] Using default string since no string found in i18n bundle that has the key: Tag at {0}
2026-04-27 09:12:14.049 [warning] Using default string since no string found in i18n bundle that has the key: tags
2026-04-27 09:12:14.049 [warning] Using default string since no string found in i18n bundle that has the key: Remote branch at {0}
2026-04-27 09:12:14.049 [warning] Using default string since no string found in i18n bundle that has the key: remote branches
2026-04-27 09:12:14.049 [warning] Using default string since no string found in i18n bundle that has the key: Remote branch at {0}
2026-04-27 09:12:14.049 [warning] Using default string since no string found in i18n bundle that has the key: remote branches
2026-04-27 09:12:14.049 [warning] Using default string since no string found in i18n bundle that has the key: Remote branch at {0}
2026-04-27 09:12:14.049 [warning] Using default string since no string found in i18n bundle that has the key: remote branches
2026-04-27 09:12:14.049 [warning] Using default string since no string found in i18n bundle that has the key: Tag at {0}
2026-04-27 09:12:14.049 [warning] Using default string since no string found in i18n bundle that has the key: tags
2026-04-27 09:12:14.049 [warning] Using default string since no string found in i18n bundle that has the key: Remote branch at {0}
2026-04-27 09:12:14.049 [warning] Using default string since no string found in i18n bundle that has the key: remote branches
2026-04-27 09:12:14.049 [warning] Using default string since no string found in i18n bundle that has the key: Tag at {0}
2026-04-27 09:12:14.049 [warning] Using default string since no string found in i18n bundle that has the key: tags
2026-04-27 09:12:14.049 [warning] Using default string since no string found in i18n bundle that has the key: Remote branch at {0}
2026-04-27 09:12:14.049 [warning] Using default string since no string found in i18n bundle that has the key: remote branches
2026-04-27 09:12:14.049 [warning] Using default string since no string found in i18n bundle that has the key: Remote branch at {0}
2026-04-27 09:12:14.049 [warning] Using default string since no string found in i18n bundle that has the key: remote branches
2026-04-27 09:12:14.049 [warning] Using default string since no string found in i18n bundle that has the key: Tag at {0}
2026-04-27 09:12:14.049 [warning] Using default string since no string found in i18n bundle that has the key: tags
2026-04-27 09:12:14.049 [warning] Using default string since no string found in i18n bundle that has the key: Remote branch at {0}
2026-04-27 09:12:14.049 [warning] Using default string since no string found in i18n bundle that has the key: remote branches
2026-04-27 09:12:14.049 [warning] Using default string since no string found in i18n bundle that has the key: Remote branch at {0}
2026-04-27 09:12:14.049 [warning] Using default string since no string found in i18n bundle that has the key: remote branches
2026-04-27 09:12:14.049 [warning] Using default string since no string found in i18n bundle that has the key: Remote branch at {0}
2026-04-27 09:12:14.049 [warning] Using default string since no string found in i18n bundle that has the key: remote branches
2026-04-27 09:12:14.049 [warning] Using default string since no string found in i18n bundle that has the key: Remote branch at {0}
2026-04-27 09:12:14.049 [warning] Using default string since no string found in i18n bundle that has the key: remote branches
2026-04-27 09:12:14.049 [warning] Using default string since no string found in i18n bundle that has the key: Remote branch at {0}
2026-04-27 09:12:14.049 [warning] Using default string since no string found in i18n bundle that has the key: remote branches
2026-04-27 09:12:14.049 [warning] Using default string since no string found in i18n bundle that has the key: Tag at {0}
2026-04-27 09:12:14.049 [warning] Using default string since no string found in i18n bundle that has the key: tags
2026-04-27 09:12:14.049 [warning] Using default string since no string found in i18n bundle that has the key: Remote branch at {0}
2026-04-27 09:12:14.049 [warning] Using default string since no string found in i18n bundle that has the key: remote branches
2026-04-27 09:12:14.049 [warning] Using default string since no string found in i18n bundle that has the key: Tag at {0}
2026-04-27 09:12:14.049 [warning] Using default string since no string found in i18n bundle that has the key: tags
2026-04-27 09:12:14.049 [warning] Using default string since no string found in i18n bundle that has the key: Remote branch at {0}
2026-04-27 09:12:14.049 [warning] Using default string since no string found in i18n bundle that has the key: remote branches
2026-04-27 09:12:14.049 [warning] Using default string since no string found in i18n bundle that has the key: Tag at {0}
2026-04-27 09:12:14.049 [warning] Using default string since no string found in i18n bundle that has the key: tags
2026-04-27 09:12:14.049 [warning] Using default string since no string found in i18n bundle that has the key: Remote branch at {0}
2026-04-27 09:12:14.049 [warning] Using default string since no string found in i18n bundle that has the key: remote branches
2026-04-27 09:12:14.049 [warning] Using default string since no string found in i18n bundle that has the key: Tag at {0}
2026-04-27 09:12:14.049 [warning] Using default string since no string found in i18n bundle that has the key: tags
2026-04-27 09:12:14.049 [warning] Using default string since no string found in i18n bundle that has the key: Remote branch at {0}
2026-04-27 09:12:14.049 [warning] Using default string since no string found in i18n bundle that has the key: remote branches
2026-04-27 09:12:14.049 [warning] Using default string since no string found in i18n bundle that has the key: Remote branch at {0}
2026-04-27 09:12:14.049 [warning] Using default string since no string found in i18n bundle that has the key: remote branches
2026-04-27 09:12:14.049 [warning] Using default string since no string found in i18n bundle that has the key: Remote branch at {0}
2026-04-27 09:12:14.049 [warning] Using default string since no string found in i18n bundle that has the key: remote branches
2026-04-27 09:12:14.049 [warning] Using default string since no string found in i18n bundle that has the key: Tag at {0}
2026-04-27 09:12:14.049 [warning] Using default string since no string found in i18n bundle that has the key: tags
2026-04-27 09:12:14.049 [warning] Using default string since no string found in i18n bundle that has the key: Tag at {0}
2026-04-27 09:12:14.049 [warning] Using default string since no string found in i18n bundle that has the key: tags
2026-04-27 09:12:14.049 [warning] Using default string since no string found in i18n bundle that has the key: Remote branch at {0}
2026-04-27 09:12:14.049 [warning] Using default string since no string found in i18n bundle that has the key: remote branches
2026-04-27 09:12:14.049 [warning] Using default string since no string found in i18n bundle that has the key: Remote branch at {0}
2026-04-27 09:12:14.049 [warning] Using default string since no string found in i18n bundle that has the key: remote branches
2026-04-27 09:12:14.049 [warning] Using default string since no string found in i18n bundle that has the key: Remote branch at {0}
2026-04-27 09:12:14.049 [warning] Using default string since no string found in i18n bundle that has the key: remote branches
2026-04-27 09:12:14.049 [warning] Using default string since no string found in i18n bundle that has the key: Tag at {0}
2026-04-27 09:12:14.049 [warning] Using default string since no string found in i18n bundle that has the key: tags
2026-04-27 09:12:14.049 [warning] Using default string since no string found in i18n bundle that has the key: Tag at {0}
2026-04-27 09:12:14.049 [warning] Using default string since no string found in i18n bundle that has the key: tags
2026-04-27 09:12:14.049 [warning] Using default string since no string found in i18n bundle that has the key: Remote branch at {0}
2026-04-27 09:12:14.049 [warning] Using default string since no string found in i18n bundle that has the key: remote branches
2026-04-27 09:12:14.049 [warning] Using default string since no string found in i18n bundle that has the key: Remote branch at {0}
2026-04-27 09:12:14.049 [warning] Using default string since no string found in i18n bundle that has the key: remote branches
2026-04-27 09:12:14.049 [warning] Using default string since no string found in i18n bundle that has the key: Remote branch at {0}
2026-04-27 09:12:14.049 [warning] Using default string since no string found in i18n bundle that has the key: remote branches
2026-04-27 09:12:14.049 [warning] Using default string since no string found in i18n bundle that has the key: Tag at {0}
2026-04-27 09:12:14.049 [warning] Using default string since no string found in i18n bundle that has the key: tags
2026-04-27 09:12:14.049 [warning] Using default string since no string found in i18n bundle that has the key: Tag at {0}
2026-04-27 09:12:14.049 [warning] Using default string since no string found in i18n bundle that has the key: tags
2026-04-27 09:12:14.049 [warning] Using default string since no string found in i18n bundle that has the key: Tag at {0}
2026-04-27 09:12:14.049 [warning] Using default string since no string found in i18n bundle that has the key: tags
2026-04-27 09:12:14.049 [warning] Using default string since no string found in i18n bundle that has the key: Remote branch at {0}
2026-04-27 09:12:14.049 [warning] Using default string since no string found in i18n bundle that has the key: remote branches
2026-04-27 09:12:14.049 [warning] Using default string since no string found in i18n bundle that has the key: Remote branch at {0}
2026-04-27 09:12:14.049 [warning] Using default string since no string found in i18n bundle that has the key: remote branches
2026-04-27 09:12:14.049 [warning] Using default string since no string found in i18n bundle that has the key: Remote branch at {0}
2026-04-27 09:12:14.049 [warning] Using default string since no string found in i18n bundle that has the key: remote branches
2026-04-27 09:12:14.049 [warning] Using default string since no string found in i18n bundle that has the key: Tag at {0}
2026-04-27 09:12:14.049 [warning] Using default string since no string found in i18n bundle that has the key: tags
2026-04-27 09:12:14.049 [warning] Using default string since no string found in i18n bundle that has the key: Remote branch at {0}
2026-04-27 09:12:14.049 [warning] Using default string since no string found in i18n bundle that has the key: remote branches
2026-04-27 09:12:14.049 [warning] Using default string since no string found in i18n bundle that has the key: Remote branch at {0}
2026-04-27 09:12:14.049 [warning] Using default string since no string found in i18n bundle that has the key: remote branches
2026-04-27 09:12:14.049 [warning] Using default string since no string found in i18n bundle that has the key: Tag at {0}
2026-04-27 09:12:14.049 [warning] Using default string since no string found in i18n bundle that has the key: tags
2026-04-27 09:12:14.049 [warning] Using default string since no string found in i18n bundle that has the key: Remote branch at {0}
2026-04-27 09:12:14.049 [warning] Using default string since no string found in i18n bundle that has the key: remote branches
2026-04-27 09:12:14.049 [warning] Using default string since no string found in i18n bundle that has the key: Tag at {0}
2026-04-27 09:12:14.049 [warning] Using default string since no string found in i18n bundle that has the key: tags
2026-04-27 09:12:14.049 [warning] Using default string since no string found in i18n bundle that has the key: Remote branch at {0}
2026-04-27 09:12:14.049 [warning] Using default string since no string found in i18n bundle that has the key: remote branches
2026-04-27 09:12:14.049 [warning] Using default string since no string found in i18n bundle that has the key: Remote branch at {0}
2026-04-27 09:12:14.049 [warning] Using default string since no string found in i18n bundle that has the key: remote branches
2026-04-27 09:12:14.049 [warning] Using default string since no string found in i18n bundle that has the key: Remote branch at {0}
2026-04-27 09:12:14.049 [warning] Using default string since no string found in i18n bundle that has the key: remote branches
2026-04-27 09:12:14.049 [warning] Using default string since no string found in i18n bundle that has the key: Remote branch at {0}
2026-04-27 09:12:14.049 [warning] Using default string since no string found in i18n bundle that has the key: remote branches
2026-04-27 09:12:14.049 [warning] Using default string since no string found in i18n bundle that has the key: Tag at {0}
2026-04-27 09:12:14.049 [warning] Using default string since no string found in i18n bundle that has the key: tags
2026-04-27 09:12:14.049 [warning] Using default string since no string found in i18n bundle that has the key: Remote branch at {0}
2026-04-27 09:12:14.049 [warning] Using default string since no string found in i18n bundle that has the key: remote branches
2026-04-27 09:12:14.049 [warning] Using default string since no string found in i18n bundle that has the key: Remote branch at {0}
2026-04-27 09:12:14.049 [warning] Using default string since no string found in i18n bundle that has the key: remote branches
2026-04-27 09:12:14.049 [warning] Using default string since no string found in i18n bundle that has the key: Tag at {0}
2026-04-27 09:12:14.049 [warning] Using default string since no string found in i18n bundle that has the key: tags
2026-04-27 09:12:14.049 [warning] Using default string since no string found in i18n bundle that has the key: Remote branch at {0}
2026-04-27 09:12:14.049 [warning] Using default string since no string found in i18n bundle that has the key: remote branches
2026-04-27 09:12:14.049 [warning] Using default string since no string found in i18n bundle that has the key: Remote branch at {0}
2026-04-27 09:12:14.049 [warning] Using default string since no string found in i18n bundle that has the key: remote branches
2026-04-27 09:12:14.049 [warning] Using default string since no string found in i18n bundle that has the key: Remote branch at {0}
2026-04-27 09:12:14.049 [warning] Using default string since no string found in i18n bundle that has the key: remote branches
2026-04-27 09:12:14.049 [warning] Using default string since no string found in i18n bundle that has the key: Remote branch at {0}
2026-04-27 09:12:14.049 [warning] Using default string since no string found in i18n bundle that has the key: remote branches
2026-04-27 09:12:14.049 [warning] Using default string since no string found in i18n bundle that has the key: Remote branch at {0}
2026-04-27 09:12:14.049 [warning] Using default string since no string found in i18n bundle that has the key: remote branches
2026-04-27 09:12:14.049 [warning] Using default string since no string found in i18n bundle that has the key: Remote branch at {0}
2026-04-27 09:12:14.049 [warning] Using default string since no string found in i18n bundle that has the key: remote branches
2026-04-27 09:12:14.049 [warning] Using default string since no string found in i18n bundle that has the key: Tag at {0}
2026-04-27 09:12:14.049 [warning] Using default string since no string found in i18n bundle that has the key: tags
2026-04-27 09:12:14.049 [warning] Using default string since no string found in i18n bundle that has the key: Remote branch at {0}
2026-04-27 09:12:14.049 [warning] Using default string since no string found in i18n bundle that has the key: remote branches
2026-04-27 09:12:14.049 [warning] Using default string since no string found in i18n bundle that has the key: Tag at {0}
2026-04-27 09:12:14.049 [warning] Using default string since no string found in i18n bundle that has the key: tags
2026-04-27 09:12:14.049 [warning] Using default string since no string found in i18n bundle that has the key: Remote branch at {0}
2026-04-27 09:12:14.049 [warning] Using default string since no string found in i18n bundle that has the key: remote branches
2026-04-27 09:12:14.049 [warning] Using default string since no string found in i18n bundle that has the key: Remote branch at {0}
2026-04-27 09:12:14.049 [warning] Using default string since no string found in i18n bundle that has the key: remote branches
2026-04-27 09:12:14.049 [warning] Using default string since no string found in i18n bundle that has the key: Remote branch at {0}
2026-04-27 09:12:14.049 [warning] Using default string since no string found in i18n bundle that has the key: remote branches
2026-04-27 09:12:14.049 [warning] Using default string since no string found in i18n bundle that has the key: Tag at {0}
2026-04-27 09:12:14.049 [warning] Using default string since no string found in i18n bundle that has the key: tags
2026-04-27 09:12:14.049 [warning] Using default string since no string found in i18n bundle that has the key: Remote branch at {0}
2026-04-27 09:12:14.049 [warning] Using default string since no string found in i18n bundle that has the key: remote branches
2026-04-27 09:12:14.049 [warning] Using default string since no string found in i18n bundle that has the key: Tag at {0}
2026-04-27 09:12:14.049 [warning] Using default string since no string found in i18n bundle that has the key: tags
2026-04-27 09:12:14.049 [warning] Using default string since no string found in i18n bundle that has the key: Remote branch at {0}
2026-04-27 09:12:14.049 [warning] Using default string since no string found in i18n bundle that has the key: remote branches
2026-04-27 09:12:14.049 [warning] Using default string since no string found in i18n bundle that has the key: Remote branch at {0}
2026-04-27 09:12:14.049 [warning] Using default string since no string found in i18n bundle that has the key: remote branches
2026-04-27 09:12:14.049 [warning] Using default string since no string found in i18n bundle that has the key: Tag at {0}
2026-04-27 09:12:14.049 [warning] Using default string since no string found in i18n bundle that has the key: tags
2026-04-27 09:12:14.049 [warning] Using default string since no string found in i18n bundle that has the key: Remote branch at {0}
2026-04-27 09:12:14.050 [warning] Using default string since no string found in i18n bundle that has the key: remote branches
2026-04-27 09:12:14.050 [warning] Using default string since no string found in i18n bundle that has the key: Remote branch at {0}
2026-04-27 09:12:14.050 [warning] Using default string since no string found in i18n bundle that has the key: remote branches
2026-04-27 09:12:14.050 [warning] Using default string since no string found in i18n bundle that has the key: Remote branch at {0}
2026-04-27 09:12:14.050 [warning] Using default string since no string found in i18n bundle that has the key: remote branches
2026-04-27 09:12:14.050 [warning] Using default string since no string found in i18n bundle that has the key: Tag at {0}
2026-04-27 09:12:14.050 [warning] Using default string since no string found in i18n bundle that has the key: tags
2026-04-27 09:12:14.050 [warning] Using default string since no string found in i18n bundle that has the key: Remote branch at {0}
2026-04-27 09:12:14.050 [warning] Using default string since no string found in i18n bundle that has the key: remote branches
2026-04-27 09:12:14.050 [warning] Using default string since no string found in i18n bundle that has the key: Tag at {0}
2026-04-27 09:12:14.050 [warning] Using default string since no string found in i18n bundle that has the key: tags
2026-04-27 09:12:14.050 [warning] Using default string since no string found in i18n bundle that has the key: Remote branch at {0}
2026-04-27 09:12:14.050 [warning] Using default string since no string found in i18n bundle that has the key: remote branches
2026-04-27 09:12:14.050 [warning] Using default string since no string found in i18n bundle that has the key: Tag at {0}
2026-04-27 09:12:14.050 [warning] Using default string since no string found in i18n bundle that has the key: tags
2026-04-27 09:12:14.050 [warning] Using default string since no string found in i18n bundle that has the key: Tag at {0}
2026-04-27 09:12:14.050 [warning] Using default string since no string found in i18n bundle that has the key: tags
2026-04-27 09:12:14.050 [warning] Using default string since no string found in i18n bundle that has the key: Remote branch at {0}
2026-04-27 09:12:14.050 [warning] Using default string since no string found in i18n bundle that has the key: remote branches
2026-04-27 09:12:14.050 [warning] Using default string since no string found in i18n bundle that has the key: Remote branch at {0}
2026-04-27 09:12:14.050 [warning] Using default string since no string found in i18n bundle that has the key: remote branches
2026-04-27 09:12:14.050 [warning] Using default string since no string found in i18n bundle that has the key: Remote branch at {0}
2026-04-27 09:12:14.050 [warning] Using default string since no string found in i18n bundle that has the key: remote branches
2026-04-27 09:12:14.050 [warning] Using default string since no string found in i18n bundle that has the key: Remote branch at {0}
2026-04-27 09:12:14.050 [warning] Using default string since no string found in i18n bundle that has the key: remote branches
2026-04-27 09:12:14.050 [warning] Using default string since no string found in i18n bundle that has the key: Tag at {0}
2026-04-27 09:12:14.050 [warning] Using default string since no string found in i18n bundle that has the key: tags
2026-04-27 09:12:14.050 [warning] Using default string since no string found in i18n bundle that has the key: Tag at {0}
2026-04-27 09:12:14.050 [warning] Using default string since no string found in i18n bundle that has the key: tags
2026-04-27 09:12:14.050 [warning] Using default string since no string found in i18n bundle that has the key: Remote branch at {0}
2026-04-27 09:12:14.050 [warning] Using default string since no string found in i18n bundle that has the key: remote branches
2026-04-27 09:12:14.050 [warning] Using default string since no string found in i18n bundle that has the key: Remote branch at {0}
2026-04-27 09:12:14.050 [warning] Using default string since no string found in i18n bundle that has the key: remote branches
2026-04-27 09:12:14.050 [warning] Using default string since no string found in i18n bundle that has the key: Tag at {0}
2026-04-27 09:12:14.050 [warning] Using default string since no string found in i18n bundle that has the key: tags
2026-04-27 09:12:14.050 [warning] Using default string since no string found in i18n bundle that has the key: Remote branch at {0}
2026-04-27 09:12:14.050 [warning] Using default string since no string found in i18n bundle that has the key: remote branches
2026-04-27 09:12:14.050 [warning] Using default string since no string found in i18n bundle that has the key: Tag at {0}
2026-04-27 09:12:14.050 [warning] Using default string since no string found in i18n bundle that has the key: tags
2026-04-27 09:12:14.050 [warning] Using default string since no string found in i18n bundle that has the key: Remote branch at {0}
2026-04-27 09:12:14.050 [warning] Using default string since no string found in i18n bundle that has the key: remote branches
2026-04-27 09:12:14.050 [warning] Using default string since no string found in i18n bundle that has the key: Tag at {0}
2026-04-27 09:12:14.050 [warning] Using default string since no string found in i18n bundle that has the key: tags
2026-04-27 09:12:14.050 [warning] Using default string since no string found in i18n bundle that has the key: Remote branch at {0}
2026-04-27 09:12:14.050 [warning] Using default string since no string found in i18n bundle that has the key: remote branches
2026-04-27 09:12:14.050 [warning] Using default string since no string found in i18n bundle that has the key: Remote branch at {0}
2026-04-27 09:12:14.050 [warning] Using default string since no string found in i18n bundle that has the key: remote branches
2026-04-27 09:12:14.050 [warning] Using default string since no string found in i18n bundle that has the key: Tag at {0}
2026-04-27 09:12:14.050 [warning] Using default string since no string found in i18n bundle that has the key: tags
2026-04-27 09:12:14.050 [warning] Using default string since no string found in i18n bundle that has the key: Remote branch at {0}
2026-04-27 09:12:14.050 [warning] Using default string since no string found in i18n bundle that has the key: remote branches
2026-04-27 09:12:14.050 [warning] Using default string since no string found in i18n bundle that has the key: Remote branch at {0}
2026-04-27 09:12:14.050 [warning] Using default string since no string found in i18n bundle that has the key: remote branches
2026-04-27 09:12:14.050 [warning] Using default string since no string found in i18n bundle that has the key: Remote branch at {0}
2026-04-27 09:12:14.050 [warning] Using default string since no string found in i18n bundle that has the key: remote branches
2026-04-27 09:12:14.050 [warning] Using default string since no string found in i18n bundle that has the key: Tag at {0}
2026-04-27 09:12:14.050 [warning] Using default string since no string found in i18n bundle that has the key: tags
2026-04-27 09:12:14.050 [warning] Using default string since no string found in i18n bundle that has the key: Remote branch at {0}
2026-04-27 09:12:14.050 [warning] Using default string since no string found in i18n bundle that has the key: remote branches
2026-04-27 09:12:14.050 [warning] Using default string since no string found in i18n bundle that has the key: Remote branch at {0}
2026-04-27 09:12:14.050 [warning] Using default string since no string found in i18n bundle that has the key: remote branches
2026-04-27 09:12:14.050 [warning] Using default string since no string found in i18n bundle that has the key: Remote branch at {0}
2026-04-27 09:12:14.050 [warning] Using default string since no string found in i18n bundle that has the key: remote branches
2026-04-27 09:12:14.050 [warning] Using default string since no string found in i18n bundle that has the key: Tag at {0}
2026-04-27 09:12:14.050 [warning] Using default string since no string found in i18n bundle that has the key: tags
2026-04-27 09:12:14.050 [warning] Using default string since no string found in i18n bundle that has the key: Remote branch at {0}
2026-04-27 09:12:14.050 [warning] Using default string since no string found in i18n bundle that has the key: remote branches
2026-04-27 09:12:14.050 [warning] Using default string since no string found in i18n bundle that has the key: Remote branch at {0}
2026-04-27 09:12:14.050 [warning] Using default string since no string found in i18n bundle that has the key: remote branches
2026-04-27 09:12:14.050 [warning] Using default string since no string found in i18n bundle that has the key: Tag at {0}
2026-04-27 09:12:14.050 [warning] Using default string since no string found in i18n bundle that has the key: tags
2026-04-27 09:12:14.050 [warning] Using default string since no string found in i18n bundle that has the key: Remote branch at {0}
2026-04-27 09:12:14.050 [warning] Using default string since no string found in i18n bundle that has the key: remote branches
2026-04-27 09:12:14.050 [warning] Using default string since no string found in i18n bundle that has the key: Tag at {0}
2026-04-27 09:12:14.050 [warning] Using default string since no string found in i18n bundle that has the key: tags
2026-04-27 09:12:14.050 [warning] Using default string since no string found in i18n bundle that has the key: Remote branch at {0}
2026-04-27 09:12:14.050 [warning] Using default string since no string found in i18n bundle that has the key: remote branches
2026-04-27 09:12:14.050 [warning] Using default string since no string found in i18n bundle that has the key: Remote branch at {0}
2026-04-27 09:12:14.050 [warning] Using default string since no string found in i18n bundle that has the key: remote branches
2026-04-27 09:12:14.050 [warning] Using default string since no string found in i18n bundle that has the key: Remote branch at {0}
2026-04-27 09:12:14.050 [warning] Using default string since no string found in i18n bundle that has the key: remote branches
2026-04-27 09:12:14.050 [warning] Using default string since no string found in i18n bundle that has the key: Tag at {0}
2026-04-27 09:12:14.050 [warning] Using default string since no string found in i18n bundle that has the key: tags
2026-04-27 09:12:14.050 [warning] Using default string since no string found in i18n bundle that has the key: Remote branch at {0}
2026-04-27 09:12:14.050 [warning] Using default string since no string found in i18n bundle that has the key: remote branches
2026-04-27 09:12:14.050 [warning] Using default string since no string found in i18n bundle that has the key: Remote branch at {0}
2026-04-27 09:12:14.050 [warning] Using default string since no string found in i18n bundle that has the key: remote branches
2026-04-27 09:12:14.050 [warning] Using default string since no string found in i18n bundle that has the key: Tag at {0}
2026-04-27 09:12:14.050 [warning] Using default string since no string found in i18n bundle that has the key: tags
2026-04-27 09:12:14.050 [warning] Using default string since no string found in i18n bundle that has the key: Remote branch at {0}
2026-04-27 09:12:14.050 [warning] Using default string since no string found in i18n bundle that has the key: remote branches
2026-04-27 09:12:14.050 [warning] Using default string since no string found in i18n bundle that has the key: Tag at {0}
2026-04-27 09:12:14.050 [warning] Using default string since no string found in i18n bundle that has the key: tags
2026-04-27 09:12:14.050 [warning] Using default string since no string found in i18n bundle that has the key: Remote branch at {0}
2026-04-27 09:12:14.050 [warning] Using default string since no string found in i18n bundle that has the key: remote branches
2026-04-27 09:12:14.050 [warning] Using default string since no string found in i18n bundle that has the key: Tag at {0}
2026-04-27 09:12:14.050 [warning] Using default string since no string found in i18n bundle that has the key: tags
2026-04-27 09:12:14.050 [warning] Using default string since no string found in i18n bundle that has the key: Remote branch at {0}
2026-04-27 09:12:14.050 [warning] Using default string since no string found in i18n bundle that has the key: remote branches
2026-04-27 09:12:14.050 [warning] Using default string since no string found in i18n bundle that has the key: Remote branch at {0}
2026-04-27 09:12:14.050 [warning] Using default string since no string found in i18n bundle that has the key: remote branches
2026-04-27 09:12:14.050 [warning] Using default string since no string found in i18n bundle that has the key: Tag at {0}
2026-04-27 09:12:14.050 [warning] Using default string since no string found in i18n bundle that has the key: tags
2026-04-27 09:12:14.050 [warning] Using default string since no string found in i18n bundle that has the key: Remote branch at {0}
2026-04-27 09:12:14.050 [warning] Using default string since no string found in i18n bundle that has the key: remote branches
2026-04-27 09:12:14.050 [warning] Using default string since no string found in i18n bundle that has the key: Tag at {0}
2026-04-27 09:12:14.050 [warning] Using default string since no string found in i18n bundle that has the key: tags
2026-04-27 09:12:14.050 [warning] Using default string since no string found in i18n bundle that has the key: Remote branch at {0}
2026-04-27 09:12:14.050 [warning] Using default string since no string found in i18n bundle that has the key: remote branches
2026-04-27 09:12:14.050 [warning] Using default string since no string found in i18n bundle that has the key: Remote branch at {0}
2026-04-27 09:12:14.050 [warning] Using default string since no string found in i18n bundle that has the key: remote branches
2026-04-27 09:12:14.050 [warning] Using default string since no string found in i18n bundle that has the key: Tag at {0}
2026-04-27 09:12:14.050 [warning] Using default string since no string found in i18n bundle that has the key: tags
2026-04-27 09:12:14.050 [warning] Using default string since no string found in i18n bundle that has the key: Tag at {0}
2026-04-27 09:12:14.050 [warning] Using default string since no string found in i18n bundle that has the key: tags
2026-04-27 09:12:14.050 [warning] Using default string since no string found in i18n bundle that has the key: Remote branch at {0}
2026-04-27 09:12:14.050 [warning] Using default string since no string found in i18n bundle that has the key: remote branches
2026-04-27 09:12:14.050 [warning] Using default string since no string found in i18n bundle that has the key: Remote branch at {0}
2026-04-27 09:12:14.050 [warning] Using default string since no string found in i18n bundle that has the key: remote branches
2026-04-27 09:12:14.050 [warning] Using default string since no string found in i18n bundle that has the key: Tag at {0}
2026-04-27 09:12:14.050 [warning] Using default string since no string found in i18n bundle that has the key: tags
2026-04-27 09:12:14.050 [warning] Using default string since no string found in i18n bundle that has the key: Remote branch at {0}
2026-04-27 09:12:14.050 [warning] Using default string since no string found in i18n bundle that has the key: remote branches
2026-04-27 09:12:14.050 [warning] Using default string since no string found in i18n bundle that has the key: Tag at {0}
2026-04-27 09:12:14.050 [warning] Using default string since no string found in i18n bundle that has the key: tags
2026-04-27 09:12:14.050 [warning] Using default string since no string found in i18n bundle that has the key: Remote branch at {0}
2026-04-27 09:12:14.050 [warning] Using default string since no string found in i18n bundle that has the key: remote branches
2026-04-27 09:12:14.050 [warning] Using default string since no string found in i18n bundle that has the key: Remote branch at {0}
2026-04-27 09:12:14.050 [warning] Using default string since no string found in i18n bundle that has the key: remote branches
2026-04-27 09:12:14.050 [warning] Using default string since no string found in i18n bundle that has the key: Tag at {0}
2026-04-27 09:12:14.050 [warning] Using default string since no string found in i18n bundle that has the key: tags
2026-04-27 09:12:14.050 [warning] Using default string since no string found in i18n bundle that has the key: Tag at {0}
2026-04-27 09:12:14.050 [warning] Using default string since no string found in i18n bundle that has the key: tags
2026-04-27 09:12:14.050 [warning] Using default string since no string found in i18n bundle that has the key: Remote branch at {0}
2026-04-27 09:12:14.050 [warning] Using default string since no string found in i18n bundle that has the key: remote branches
2026-04-27 09:12:14.050 [warning] Using default string since no string found in i18n bundle that has the key: Remote branch at {0}
2026-04-27 09:12:14.050 [warning] Using default string since no string found in i18n bundle that has the key: remote branches
2026-04-27 09:12:14.050 [warning] Using default string since no string found in i18n bundle that has the key: Remote branch at {0}
2026-04-27 09:12:14.050 [warning] Using default string since no string found in i18n bundle that has the key: remote branches
2026-04-27 09:12:14.050 [warning] Using default string since no string found in i18n bundle that has the key: Remote branch at {0}
2026-04-27 09:12:14.050 [warning] Using default string since no string found in i18n bundle that has the key: remote branches
2026-04-27 09:12:14.050 [warning] Using default string since no string found in i18n bundle that has the key: Tag at {0}
2026-04-27 09:12:14.050 [warning] Using default string since no string found in i18n bundle that has the key: tags
2026-04-27 09:12:14.050 [warning] Using default string since no string found in i18n bundle that has the key: Tag at {0}
2026-04-27 09:12:14.050 [warning] Using default string since no string found in i18n bundle that has the key: tags
2026-04-27 09:12:14.050 [warning] Using default string since no string found in i18n bundle that has the key: Remote branch at {0}
2026-04-27 09:12:14.050 [warning] Using default string since no string found in i18n bundle that has the key: remote branches
2026-04-27 09:12:14.050 [warning] Using default string since no string found in i18n bundle that has the key: Tag at {0}
2026-04-27 09:12:14.050 [warning] Using default string since no string found in i18n bundle that has the key: tags
2026-04-27 09:12:14.050 [warning] Using default string since no string found in i18n bundle that has the key: Remote branch at {0}
2026-04-27 09:12:14.050 [warning] Using default string since no string found in i18n bundle that has the key: remote branches
2026-04-27 09:12:14.050 [warning] Using default string since no string found in i18n bundle that has the key: Remote branch at {0}
2026-04-27 09:12:14.050 [warning] Using default string since no string found in i18n bundle that has the key: remote branches
2026-04-27 09:12:14.050 [warning] Using default string since no string found in i18n bundle that has the key: Remote branch at {0}
2026-04-27 09:12:14.050 [warning] Using default string since no string found in i18n bundle that has the key: remote branches
2026-04-27 09:12:14.050 [warning] Using default string since no string found in i18n bundle that has the key: Remote branch at {0}
2026-04-27 09:12:14.050 [warning] Using default string since no string found in i18n bundle that has the key: remote branches
2026-04-27 09:12:14.050 [warning] Using default string since no string found in i18n bundle that has the key: Tag at {0}
2026-04-27 09:12:14.050 [warning] Using default string since no string found in i18n bundle that has the key: tags
2026-04-27 09:12:14.050 [warning] Using default string since no string found in i18n bundle that has the key: Remote branch at {0}
2026-04-27 09:12:14.050 [warning] Using default string since no string found in i18n bundle that has the key: remote branches
2026-04-27 09:12:14.050 [warning] Using default string since no string found in i18n bundle that has the key: Tag at {0}
2026-04-27 09:12:14.050 [warning] Using default string since no string found in i18n bundle that has the key: tags
2026-04-27 09:12:14.050 [warning] Using default string since no string found in i18n bundle that has the key: Remote branch at {0}
2026-04-27 09:12:14.050 [warning] Using default string since no string found in i18n bundle that has the key: remote branches
2026-04-27 09:12:14.050 [warning] Using default string since no string found in i18n bundle that has the key: Tag at {0}
2026-04-27 09:12:14.050 [warning] Using default string since no string found in i18n bundle that has the key: tags
2026-04-27 09:12:14.050 [warning] Using default string since no string found in i18n bundle that has the key: Remote branch at {0}
2026-04-27 09:12:14.050 [warning] Using default string since no string found in i18n bundle that has the key: remote branches
2026-04-27 09:12:14.050 [warning] Using default string since no string found in i18n bundle that has the key: Remote branch at {0}
2026-04-27 09:12:14.050 [warning] Using default string since no string found in i18n bundle that has the key: remote branches
2026-04-27 09:12:14.050 [warning] Using default string since no string found in i18n bundle that has the key: Remote branch at {0}
2026-04-27 09:12:14.050 [warning] Using default string since no string found in i18n bundle that has the key: remote branches
2026-04-27 09:12:14.050 [warning] Using default string since no string found in i18n bundle that has the key: Tag at {0}
2026-04-27 09:12:14.050 [warning] Using default string since no string found in i18n bundle that has the key: tags
2026-04-27 09:12:14.050 [warning] Using default string since no string found in i18n bundle that has the key: Tag at {0}
2026-04-27 09:12:14.050 [warning] Using default string since no string found in i18n bundle that has the key: tags
2026-04-27 09:12:14.050 [warning] Using default string since no string found in i18n bundle that has the key: Remote branch at {0}
2026-04-27 09:12:14.050 [warning] Using default string since no string found in i18n bundle that has the key: remote branches
2026-04-27 09:12:14.050 [warning] Using default string since no string found in i18n bundle that has the key: Remote branch at {0}
2026-04-27 09:12:14.050 [warning] Using default string since no string found in i18n bundle that has the key: remote branches
2026-04-27 09:12:14.050 [warning] Using default string since no string found in i18n bundle that has the key: Tag at {0}
2026-04-27 09:12:14.050 [warning] Using default string since no string found in i18n bundle that has the key: tags
2026-04-27 09:12:14.050 [warning] Using default string since no string found in i18n bundle that has the key: Tag at {0}
2026-04-27 09:12:14.050 [warning] Using default string since no string found in i18n bundle that has the key: tags
2026-04-27 09:12:14.050 [warning] Using default string since no string found in i18n bundle that has the key: Remote branch at {0}
2026-04-27 09:12:14.050 [warning] Using default string since no string found in i18n bundle that has the key: remote branches
2026-04-27 09:12:14.050 [warning] Using default string since no string found in i18n bundle that has the key: Tag at {0}
2026-04-27 09:12:14.050 [warning] Using default string since no string found in i18n bundle that has the key: tags
2026-04-27 09:12:14.050 [warning] Using default string since no string found in i18n bundle that has the key: Tag at {0}
2026-04-27 09:12:14.050 [warning] Using default string since no string found in i18n bundle that has the key: tags
2026-04-27 09:12:14.050 [warning] Using default string since no string found in i18n bundle that has the key: Remote branch at {0}
2026-04-27 09:12:14.050 [warning] Using default string since no string found in i18n bundle that has the key: remote branches
2026-04-27 09:12:14.050 [warning] Using default string since no string found in i18n bundle that has the key: Remote branch at {0}
2026-04-27 09:12:14.050 [warning] Using default string since no string found in i18n bundle that has the key: remote branches
2026-04-27 09:12:14.050 [warning] Using default string since no string found in i18n bundle that has the key: Tag at {0}
2026-04-27 09:12:14.050 [warning] Using default string since no string found in i18n bundle that has the key: tags
2026-04-27 09:12:14.050 [warning] Using default string since no string found in i18n bundle that has the key: Tag at {0}
2026-04-27 09:12:14.050 [warning] Using default string since no string found in i18n bundle that has the key: tags
2026-04-27 09:12:14.050 [warning] Using default string since no string found in i18n bundle that has the key: Remote branch at {0}
2026-04-27 09:12:14.050 [warning] Using default string since no string found in i18n bundle that has the key: remote branches
2026-04-27 09:12:14.050 [warning] Using default string since no string found in i18n bundle that has the key: Tag at {0}
2026-04-27 09:12:14.050 [warning] Using default string since no string found in i18n bundle that has the key: tags
2026-04-27 09:12:14.050 [warning] Using default string since no string found in i18n bundle that has the key: Remote branch at {0}
2026-04-27 09:12:14.050 [warning] Using default string since no string found in i18n bundle that has the key: remote branches
2026-04-27 09:12:14.050 [warning] Using default string since no string found in i18n bundle that has the key: Tag at {0}
2026-04-27 09:12:14.050 [warning] Using default string since no string found in i18n bundle that has the key: tags
2026-04-27 09:12:14.050 [warning] Using default string since no string found in i18n bundle that has the key: Tag at {0}
2026-04-27 09:12:14.050 [warning] Using default string since no string found in i18n bundle that has the key: tags
2026-04-27 09:12:14.050 [warning] Using default string since no string found in i18n bundle that has the key: Remote branch at {0}
2026-04-27 09:12:14.050 [warning] Using default string since no string found in i18n bundle that has the key: remote branches
2026-04-27 09:12:14.050 [warning] Using default string since no string found in i18n bundle that has the key: Remote branch at {0}
2026-04-27 09:12:14.050 [warning] Using default string since no string found in i18n bundle that has the key: remote branches
2026-04-27 09:12:14.050 [warning] Using default string since no string found in i18n bundle that has the key: Tag at {0}
2026-04-27 09:12:14.050 [warning] Using default string since no string found in i18n bundle that has the key: tags
2026-04-27 09:12:14.050 [warning] Using default string since no string found in i18n bundle that has the key: Tag at {0}
2026-04-27 09:12:14.050 [warning] Using default string since no string found in i18n bundle that has the key: tags
2026-04-27 09:12:14.050 [warning] Using default string since no string found in i18n bundle that has the key: Remote branch at {0}
2026-04-27 09:12:14.050 [warning] Using default string since no string found in i18n bundle that has the key: remote branches
2026-04-27 09:12:14.050 [warning] Using default string since no string found in i18n bundle that has the key: Tag at {0}
2026-04-27 09:12:14.050 [warning] Using default string since no string found in i18n bundle that has the key: tags
2026-04-27 09:12:14.050 [warning] Using default string since no string found in i18n bundle that has the key: Tag at {0}
2026-04-27 09:12:14.050 [warning] Using default string since no string found in i18n bundle that has the key: tags
2026-04-27 09:12:14.050 [warning] Using default string since no string found in i18n bundle that has the key: Remote branch at {0}
2026-04-27 09:12:14.050 [warning] Using default string since no string found in i18n bundle that has the key: remote branches
2026-04-27 09:12:14.050 [warning] Using default string since no string found in i18n bundle that has the key: Tag at {0}
2026-04-27 09:12:14.050 [warning] Using default string since no string found in i18n bundle that has the key: tags
2026-04-27 09:12:14.050 [warning] Using default string since no string found in i18n bundle that has the key: Tag at {0}
2026-04-27 09:12:14.050 [warning] Using default string since no string found in i18n bundle that has the key: tags
2026-04-27 09:12:14.050 [warning] Using default string since no string found in i18n bundle that has the key: Tag at {0}
2026-04-27 09:12:14.050 [warning] Using default string since no string found in i18n bundle that has the key: tags
2026-04-27 09:12:14.050 [warning] Using default string since no string found in i18n bundle that has the key: Tag at {0}
2026-04-27 09:12:14.050 [warning] Using default string since no string found in i18n bundle that has the key: tags
2026-04-27 09:12:14.050 [warning] Using default string since no string found in i18n bundle that has the key: Tag at {0}
2026-04-27 09:12:14.050 [warning] Using default string since no string found in i18n bundle that has the key: tags
2026-04-27 09:12:14.050 [warning] Using default string since no string found in i18n bundle that has the key: Remote branch at {0}
2026-04-27 09:12:14.050 [warning] Using default string since no string found in i18n bundle that has the key: remote branches
2026-04-27 09:12:14.050 [warning] Using default string since no string found in i18n bundle that has the key: Tag at {0}
2026-04-27 09:12:14.050 [warning] Using default string since no string found in i18n bundle that has the key: tags
2026-04-27 09:12:14.050 [warning] Using default string since no string found in i18n bundle that has the key: Tag at {0}
2026-04-27 09:12:14.050 [warning] Using default string since no string found in i18n bundle that has the key: tags
2026-04-27 09:12:14.050 [warning] Using default string since no string found in i18n bundle that has the key: Remote branch at {0}
2026-04-27 09:12:14.050 [warning] Using default string since no string found in i18n bundle that has the key: remote branches
2026-04-27 09:12:14.050 [warning] Using default string since no string found in i18n bundle that has the key: Tag at {0}
2026-04-27 09:12:14.050 [warning] Using default string since no string found in i18n bundle that has the key: tags
2026-04-27 09:12:14.050 [warning] Using default string since no string found in i18n bundle that has the key: Remote branch at {0}
2026-04-27 09:12:14.050 [warning] Using default string since no string found in i18n bundle that has the key: remote branches
2026-04-27 09:12:14.050 [warning] Using default string since no string found in i18n bundle that has the key: Tag at {0}
2026-04-27 09:12:14.050 [warning] Using default string since no string found in i18n bundle that has the key: tags
2026-04-27 09:12:14.050 [warning] Using default string since no string found in i18n bundle that has the key: Tag at {0}
2026-04-27 09:12:14.050 [warning] Using default string since no string found in i18n bundle that has the key: tags
2026-04-27 09:12:14.051 [warning] Using default string since no string found in i18n bundle that has the key: Remote branch at {0}
2026-04-27 09:12:14.051 [warning] Using default string since no string found in i18n bundle that has the key: remote branches
2026-04-27 09:12:14.051 [warning] Using default string since no string found in i18n bundle that has the key: Tag at {0}
2026-04-27 09:12:14.051 [warning] Using default string since no string found in i18n bundle that has the key: tags
2026-04-27 09:12:14.051 [warning] Using default string since no string found in i18n bundle that has the key: Remote branch at {0}
2026-04-27 09:12:14.051 [warning] Using default string since no string found in i18n bundle that has the key: remote branches
2026-04-27 09:12:14.051 [warning] Using default string since no string found in i18n bundle that has the key: Tag at {0}
2026-04-27 09:12:14.051 [warning] Using default string since no string found in i18n bundle that has the key: tags
2026-04-27 09:12:14.051 [warning] Using default string since no string found in i18n bundle that has the key: Tag at {0}
2026-04-27 09:12:14.051 [warning] Using default string since no string found in i18n bundle that has the key: tags
2026-04-27 09:12:14.051 [warning] Using default string since no string found in i18n bundle that has the key: Tag at {0}
2026-04-27 09:12:14.051 [warning] Using default string since no string found in i18n bundle that has the key: tags
2026-04-27 09:12:14.051 [warning] Using default string since no string found in i18n bundle that has the key: Tag at {0}
2026-04-27 09:12:14.051 [warning] Using default string since no string found in i18n bundle that has the key: tags
2026-04-27 09:12:14.051 [warning] Using default string since no string found in i18n bundle that has the key: Tag at {0}
2026-04-27 09:12:14.051 [warning] Using default string since no string found in i18n bundle that has the key: tags
2026-04-27 09:12:14.051 [warning] Using default string since no string found in i18n bundle that has the key: Tag at {0}
2026-04-27 09:12:14.051 [warning] Using default string since no string found in i18n bundle that has the key: tags
2026-04-27 09:12:14.051 [warning] Using default string since no string found in i18n bundle that has the key: Tag at {0}
2026-04-27 09:12:14.051 [warning] Using default string since no string found in i18n bundle that has the key: tags
2026-04-27 09:12:14.051 [warning] Using default string since no string found in i18n bundle that has the key: Tag at {0}
2026-04-27 09:12:14.051 [warning] Using default string since no string found in i18n bundle that has the key: tags
2026-04-27 09:12:14.051 [warning] Using default string since no string found in i18n bundle that has the key: Tag at {0}
2026-04-27 09:12:14.051 [warning] Using default string since no string found in i18n bundle that has the key: tags
2026-04-27 09:12:14.051 [warning] Using default string since no string found in i18n bundle that has the key: Tag at {0}
2026-04-27 09:12:14.051 [warning] Using default string since no string found in i18n bundle that has the key: tags
2026-04-27 09:12:14.051 [warning] Using default string since no string found in i18n bundle that has the key: Tag at {0}
2026-04-27 09:12:14.051 [warning] Using default string since no string found in i18n bundle that has the key: tags
2026-04-27 09:12:14.051 [warning] Using default string since no string found in i18n bundle that has the key: Tag at {0}
2026-04-27 09:12:14.051 [warning] Using default string since no string found in i18n bundle that has the key: tags
2026-04-27 09:12:14.051 [warning] Using default string since no string found in i18n bundle that has the key: Tag at {0}
2026-04-27 09:12:14.051 [warning] Using default string since no string found in i18n bundle that has the key: tags
2026-04-27 09:12:14.051 [warning] Using default string since no string found in i18n bundle that has the key: Tag at {0}
2026-04-27 09:12:14.051 [warning] Using default string since no string found in i18n bundle that has the key: tags
2026-04-27 09:12:14.051 [warning] Using default string since no string found in i18n bundle that has the key: Tag at {0}
2026-04-27 09:12:14.051 [warning] Using default string since no string found in i18n bundle that has the key: tags
2026-04-27 09:12:14.051 [warning] Using default string since no string found in i18n bundle that has the key: Remote branch at {0}
2026-04-27 09:12:14.051 [warning] Using default string since no string found in i18n bundle that has the key: remote branches
2026-04-27 09:12:14.051 [warning] Using default string since no string found in i18n bundle that has the key: Tag at {0}
2026-04-27 09:12:14.051 [warning] Using default string since no string found in i18n bundle that has the key: tags
2026-04-27 09:12:14.051 [warning] Using default string since no string found in i18n bundle that has the key: Tag at {0}
2026-04-27 09:12:14.051 [warning] Using default string since no string found in i18n bundle that has the key: tags
2026-04-27 09:12:14.051 [warning] Using default string since no string found in i18n bundle that has the key: Tag at {0}
2026-04-27 09:12:14.051 [warning] Using default string since no string found in i18n bundle that has the key: tags
2026-04-27 09:12:14.051 [warning] Using default string since no string found in i18n bundle that has the key: Tag at {0}
2026-04-27 09:12:14.051 [warning] Using default string since no string found in i18n bundle that has the key: tags
2026-04-27 09:12:14.051 [warning] Using default string since no string found in i18n bundle that has the key: Tag at {0}
2026-04-27 09:12:14.051 [warning] Using default string since no string found in i18n bundle that has the key: tags
2026-04-27 09:12:14.051 [warning] Using default string since no string found in i18n bundle that has the key: Remote branch at {0}
2026-04-27 09:12:14.051 [warning] Using default string since no string found in i18n bundle that has the key: remote branches
2026-04-27 09:12:14.051 [warning] Using default string since no string found in i18n bundle that has the key: Remote branch at {0}
2026-04-27 09:12:14.051 [warning] Using default string since no string found in i18n bundle that has the key: remote branches
2026-04-27 09:12:14.051 [warning] Using default string since no string found in i18n bundle that has the key: Tag at {0}
2026-04-27 09:12:14.051 [warning] Using default string since no string found in i18n bundle that has the key: tags
2026-04-27 09:12:14.051 [warning] Using default string since no string found in i18n bundle that has the key: Tag at {0}
2026-04-27 09:12:14.051 [warning] Using default string since no string found in i18n bundle that has the key: tags
2026-04-27 09:12:14.051 [warning] Using default string since no string found in i18n bundle that has the key: Tag at {0}
2026-04-27 09:12:14.051 [warning] Using default string since no string found in i18n bundle that has the key: tags
2026-04-27 09:12:14.051 [warning] Using default string since no string found in i18n bundle that has the key: Remote branch at {0}
2026-04-27 09:12:14.051 [warning] Using default string since no string found in i18n bundle that has the key: remote branches
2026-04-27 09:12:14.051 [warning] Using default string since no string found in i18n bundle that has the key: Tag at {0}
2026-04-27 09:12:14.051 [warning] Using default string since no string found in i18n bundle that has the key: tags
2026-04-27 09:12:14.051 [warning] Using default string since no string found in i18n bundle that has the key: Tag at {0}
2026-04-27 09:12:14.051 [warning] Using default string since no string found in i18n bundle that has the key: tags
2026-04-27 09:12:14.051 [warning] Using default string since no string found in i18n bundle that has the key: Remote branch at {0}
2026-04-27 09:12:14.051 [warning] Using default string since no string found in i18n bundle that has the key: remote branches
2026-04-27 09:12:14.051 [warning] Using default string since no string found in i18n bundle that has the key: Remote branch at {0}
2026-04-27 09:12:14.051 [warning] Using default string since no string found in i18n bundle that has the key: remote branches
2026-04-27 09:12:14.051 [warning] Using default string since no string found in i18n bundle that has the key: Tag at {0}
2026-04-27 09:12:14.051 [warning] Using default string since no string found in i18n bundle that has the key: tags
2026-04-27 09:12:14.051 [warning] Using default string since no string found in i18n bundle that has the key: Tag at {0}
2026-04-27 09:12:14.051 [warning] Using default string since no string found in i18n bundle that has the key: tags
2026-04-27 09:12:14.051 [warning] Using default string since no string found in i18n bundle that has the key: Tag at {0}
2026-04-27 09:12:14.051 [warning] Using default string since no string found in i18n bundle that has the key: tags
2026-04-27 09:12:14.051 [warning] Using default string since no string found in i18n bundle that has the key: Remote branch at {0}
2026-04-27 09:12:14.051 [warning] Using default string since no string found in i18n bundle that has the key: remote branches
2026-04-27 09:12:14.051 [warning] Using default string since no string found in i18n bundle that has the key: Tag at {0}
2026-04-27 09:12:14.051 [warning] Using default string since no string found in i18n bundle that has the key: tags
2026-04-27 09:12:14.051 [warning] Using default string since no string found in i18n bundle that has the key: Tag at {0}
2026-04-27 09:12:14.051 [warning] Using default string since no string found in i18n bundle that has the key: tags
2026-04-27 09:12:14.051 [warning] Using default string since no string found in i18n bundle that has the key: Tag at {0}
2026-04-27 09:12:14.051 [warning] Using default string since no string found in i18n bundle that has the key: tags
2026-04-27 09:12:14.051 [warning] Using default string since no string found in i18n bundle that has the key: Tag at {0}
2026-04-27 09:12:14.051 [warning] Using default string since no string found in i18n bundle that has the key: tags
2026-04-27 09:12:14.051 [warning] Using default string since no string found in i18n bundle that has the key: Tag at {0}
2026-04-27 09:12:14.051 [warning] Using default string since no string found in i18n bundle that has the key: tags
2026-04-27 09:12:14.051 [warning] Using default string since no string found in i18n bundle that has the key: Tag at {0}
2026-04-27 09:12:14.051 [warning] Using default string since no string found in i18n bundle that has the key: tags
2026-04-27 09:12:14.051 [warning] Using default string since no string found in i18n bundle that has the key: Tag at {0}
2026-04-27 09:12:14.051 [warning] Using default string since no string found in i18n bundle that has the key: tags
2026-04-27 09:12:14.051 [warning] Using default string since no string found in i18n bundle that has the key: Tag at {0}
2026-04-27 09:12:14.051 [warning] Using default string since no string found in i18n bundle that has the key: tags
2026-04-27 09:12:14.051 [warning] Using default string since no string found in i18n bundle that has the key: Tag at {0}
2026-04-27 09:12:14.051 [warning] Using default string since no string found in i18n bundle that has the key: tags
2026-04-27 09:12:14.051 [warning] Using default string since no string found in i18n bundle that has the key: Tag at {0}
2026-04-27 09:12:14.051 [warning] Using default string since no string found in i18n bundle that has the key: tags
2026-04-27 09:12:14.051 [warning] Using default string since no string found in i18n bundle that has the key: Tag at {0}
2026-04-27 09:12:14.051 [warning] Using default string since no string found in i18n bundle that has the key: tags
2026-04-27 09:12:14.051 [warning] Using default string since no string found in i18n bundle that has the key: Tag at {0}
2026-04-27 09:12:14.051 [warning] Using default string since no string found in i18n bundle that has the key: tags
2026-04-27 09:12:14.051 [warning] Using default string since no string found in i18n bundle that has the key: Tag at {0}
2026-04-27 09:12:14.051 [warning] Using default string since no string found in i18n bundle that has the key: tags
2026-04-27 09:12:14.051 [warning] Using default string since no string found in i18n bundle that has the key: Tag at {0}
2026-04-27 09:12:14.051 [warning] Using default string since no string found in i18n bundle that has the key: tags
2026-04-27 09:12:14.051 [warning] Using default string since no string found in i18n bundle that has the key: Tag at {0}
2026-04-27 09:12:14.051 [warning] Using default string since no string found in i18n bundle that has the key: tags
2026-04-27 09:12:14.051 [warning] Using default string since no string found in i18n bundle that has the key: Tag at {0}
2026-04-27 09:12:14.051 [warning] Using default string since no string found in i18n bundle that has the key: tags
2026-04-27 09:12:14.051 [warning] Using default string since no string found in i18n bundle that has the key: Tag at {0}
2026-04-27 09:12:14.051 [warning] Using default string since no string found in i18n bundle that has the key: tags
2026-04-27 09:12:14.051 [warning] Using default string since no string found in i18n bundle that has the key: Tag at {0}
2026-04-27 09:12:14.051 [warning] Using default string since no string found in i18n bundle that has the key: tags
2026-04-27 09:12:14.051 [warning] Using default string since no string found in i18n bundle that has the key: Tag at {0}
2026-04-27 09:12:14.051 [warning] Using default string since no string found in i18n bundle that has the key: tags
2026-04-27 09:12:14.051 [warning] Using default string since no string found in i18n bundle that has the key: Tag at {0}
2026-04-27 09:12:14.051 [warning] Using default string since no string found in i18n bundle that has the key: tags
2026-04-27 09:12:14.051 [warning] Using default string since no string found in i18n bundle that has the key: Tag at {0}
2026-04-27 09:12:14.051 [warning] Using default string since no string found in i18n bundle that has the key: tags
2026-04-27 09:12:14.051 [warning] Using default string since no string found in i18n bundle that has the key: Tag at {0}
2026-04-27 09:12:14.051 [warning] Using default string since no string found in i18n bundle that has the key: tags
2026-04-27 09:12:14.051 [warning] Using default string since no string found in i18n bundle that has the key: Tag at {0}
2026-04-27 09:12:14.051 [warning] Using default string since no string found in i18n bundle that has the key: tags
2026-04-27 09:12:14.051 [warning] Using default string since no string found in i18n bundle that has the key: Tag at {0}
2026-04-27 09:12:14.051 [warning] Using default string since no string found in i18n bundle that has the key: tags
2026-04-27 09:12:14.051 [warning] Using default string since no string found in i18n bundle that has the key: Tag at {0}
2026-04-27 09:12:14.051 [warning] Using default string since no string found in i18n bundle that has the key: tags
2026-04-27 09:12:14.051 [warning] Using default string since no string found in i18n bundle that has the key: Tag at {0}
2026-04-27 09:12:14.051 [warning] Using default string since no string found in i18n bundle that has the key: tags
2026-04-27 09:12:14.051 [warning] Using default string since no string found in i18n bundle that has the key: Tag at {0}
2026-04-27 09:12:14.051 [warning] Using default string since no string found in i18n bundle that has the key: tags
2026-04-27 09:12:14.051 [warning] Using default string since no string found in i18n bundle that has the key: Tag at {0}
2026-04-27 09:12:14.051 [warning] Using default string since no string found in i18n bundle that has the key: tags
2026-04-27 09:12:14.051 [warning] Using default string since no string found in i18n bundle that has the key: Tag at {0}
2026-04-27 09:12:14.051 [warning] Using default string since no string found in i18n bundle that has the key: tags
2026-04-27 09:12:14.051 [warning] Using default string since no string found in i18n bundle that has the key: Tag at {0}
2026-04-27 09:12:14.051 [warning] Using default string since no string found in i18n bundle that has the key: tags
2026-04-27 09:12:14.051 [warning] Using default string since no string found in i18n bundle that has the key: Tag at {0}
2026-04-27 09:12:14.051 [warning] Using default string since no string found in i18n bundle that has the key: tags
2026-04-27 09:12:14.051 [warning] Using default string since no string found in i18n bundle that has the key: Tag at {0}
2026-04-27 09:12:14.051 [warning] Using default string since no string found in i18n bundle that has the key: tags
2026-04-27 09:12:14.051 [warning] Using default string since no string found in i18n bundle that has the key: Tag at {0}
2026-04-27 09:12:14.051 [warning] Using default string since no string found in i18n bundle that has the key: tags
2026-04-27 09:12:14.051 [warning] Using default string since no string found in i18n bundle that has the key: Tag at {0}
2026-04-27 09:12:14.051 [warning] Using default string since no string found in i18n bundle that has the key: tags
2026-04-27 09:12:14.051 [warning] Using default string since no string found in i18n bundle that has the key: Tag at {0}
2026-04-27 09:12:14.051 [warning] Using default string since no string found in i18n bundle that has the key: tags
2026-04-27 09:12:14.051 [warning] Using default string since no string found in i18n bundle that has the key: Tag at {0}
2026-04-27 09:12:14.051 [warning] Using default string since no string found in i18n bundle that has the key: tags
2026-04-27 09:12:14.051 [warning] Using default string since no string found in i18n bundle that has the key: Tag at {0}
2026-04-27 09:12:14.051 [warning] Using default string since no string found in i18n bundle that has the key: tags
2026-04-27 09:12:14.051 [warning] Using default string since no string found in i18n bundle that has the key: Tag at {0}
2026-04-27 09:12:14.051 [warning] Using default string since no string found in i18n bundle that has the key: tags
2026-04-27 09:12:14.051 [warning] Using default string since no string found in i18n bundle that has the key: Tag at {0}
2026-04-27 09:12:14.051 [warning] Using default string since no string found in i18n bundle that has the key: tags
2026-04-27 09:12:14.051 [warning] Using default string since no string found in i18n bundle that has the key: Tag at {0}
2026-04-27 09:12:14.051 [warning] Using default string since no string found in i18n bundle that has the key: tags
2026-04-27 09:12:14.051 [warning] Using default string since no string found in i18n bundle that has the key: Tag at {0}
2026-04-27 09:12:14.051 [warning] Using default string since no string found in i18n bundle that has the key: tags
2026-04-27 09:12:14.051 [warning] Using default string since no string found in i18n bundle that has the key: Tag at {0}
2026-04-27 09:12:14.051 [warning] Using default string since no string found in i18n bundle that has the key: tags
2026-04-27 09:12:14.051 [warning] Using default string since no string found in i18n bundle that has the key: Tag at {0}
2026-04-27 09:12:14.051 [warning] Using default string since no string found in i18n bundle that has the key: tags
2026-04-27 09:12:14.051 [warning] Using default string since no string found in i18n bundle that has the key: Tag at {0}
2026-04-27 09:12:14.051 [warning] Using default string since no string found in i18n bundle that has the key: tags
2026-04-27 09:12:14.051 [warning] Using default string since no string found in i18n bundle that has the key: Tag at {0}
2026-04-27 09:12:14.051 [warning] Using default string since no string found in i18n bundle that has the key: tags
2026-04-27 09:12:14.051 [warning] Using default string since no string found in i18n bundle that has the key: Tag at {0}
2026-04-27 09:12:14.051 [warning] Using default string since no string found in i18n bundle that has the key: tags
2026-04-27 09:12:14.051 [warning] Using default string since no string found in i18n bundle that has the key: Tag at {0}
2026-04-27 09:12:14.051 [warning] Using default string since no string found in i18n bundle that has the key: tags
2026-04-27 09:12:14.051 [warning] Using default string since no string found in i18n bundle that has the key: Tag at {0}
2026-04-27 09:12:14.051 [warning] Using default string since no string found in i18n bundle that has the key: tags
2026-04-27 09:12:14.051 [warning] Using default string since no string found in i18n bundle that has the key: Tag at {0}
2026-04-27 09:12:14.051 [warning] Using default string since no string found in i18n bundle that has the key: tags
2026-04-27 09:12:14.051 [warning] Using default string since no string found in i18n bundle that has the key: Tag at {0}
2026-04-27 09:12:14.051 [warning] Using default string since no string found in i18n bundle that has the key: tags
2026-04-27 09:12:14.051 [warning] Using default string since no string found in i18n bundle that has the key: Tag at {0}
2026-04-27 09:12:14.051 [warning] Using default string since no string found in i18n bundle that has the key: tags
2026-04-27 09:12:14.051 [warning] Using default string since no string found in i18n bundle that has the key: Tag at {0}
2026-04-27 09:12:14.051 [warning] Using default string since no string found in i18n bundle that has the key: tags
2026-04-27 09:12:14.051 [warning] Using default string since no string found in i18n bundle that has the key: Tag at {0}
2026-04-27 09:12:14.051 [warning] Using default string since no string found in i18n bundle that has the key: tags
2026-04-27 09:12:14.051 [warning] Using default string since no string found in i18n bundle that has the key: Tag at {0}
2026-04-27 09:12:14.051 [warning] Using default string since no string found in i18n bundle that has the key: tags
2026-04-27 09:12:14.051 [warning] Using default string since no string found in i18n bundle that has the key: Tag at {0}
2026-04-27 09:12:14.051 [warning] Using default string since no string found in i18n bundle that has the key: tags
2026-04-27 09:12:14.051 [warning] Using default string since no string found in i18n bundle that has the key: Tag at {0}
2026-04-27 09:12:14.051 [warning] Using default string since no string found in i18n bundle that has the key: tags
2026-04-27 09:12:14.051 [warning] Using default string since no string found in i18n bundle that has the key: Tag at {0}
2026-04-27 09:12:14.051 [warning] Using default string since no string found in i18n bundle that has the key: tags
2026-04-27 09:12:14.051 [warning] Using default string since no string found in i18n bundle that has the key: Tag at {0}
2026-04-27 09:12:14.051 [warning] Using default string since no string found in i18n bundle that has the key: tags
2026-04-27 09:12:14.051 [warning] Using default string since no string found in i18n bundle that has the key: Tag at {0}
2026-04-27 09:12:14.051 [warning] Using default string since no string found in i18n bundle that has the key: tags
2026-04-27 09:12:14.051 [warning] Using default string since no string found in i18n bundle that has the key: Tag at {0}
2026-04-27 09:12:14.051 [warning] Using default string since no string found in i18n bundle that has the key: tags
2026-04-27 09:12:14.051 [warning] Using default string since no string found in i18n bundle that has the key: Tag at {0}
2026-04-27 09:12:14.051 [warning] Using default string since no string found in i18n bundle that has the key: tags
2026-04-27 09:12:14.051 [warning] Using default string since no string found in i18n bundle that has the key: Tag at {0}
2026-04-27 09:12:14.051 [warning] Using default string since no string found in i18n bundle that has the key: tags
2026-04-27 09:12:14.051 [warning] Using default string since no string found in i18n bundle that has the key: Tag at {0}
2026-04-27 09:12:14.051 [warning] Using default string since no string found in i18n bundle that has the key: tags
2026-04-27 09:12:14.051 [warning] Using default string since no string found in i18n bundle that has the key: Tag at {0}
2026-04-27 09:12:14.051 [warning] Using default string since no string found in i18n bundle that has the key: tags
2026-04-27 09:12:14.051 [warning] Using default string since no string found in i18n bundle that has the key: Tag at {0}
2026-04-27 09:12:14.051 [warning] Using default string since no string found in i18n bundle that has the key: tags
2026-04-27 09:12:14.051 [warning] Using default string since no string found in i18n bundle that has the key: Tag at {0}
2026-04-27 09:12:14.051 [warning] Using default string since no string found in i18n bundle that has the key: tags
2026-04-27 09:12:14.051 [warning] Using default string since no string found in i18n bundle that has the key: Tag at {0}
2026-04-27 09:12:14.051 [warning] Using default string since no string found in i18n bundle that has the key: tags
2026-04-27 09:12:14.051 [warning] Using default string since no string found in i18n bundle that has the key: Tag at {0}
2026-04-27 09:12:14.051 [warning] Using default string since no string found in i18n bundle that has the key: tags
2026-04-27 09:12:14.051 [warning] Using default string since no string found in i18n bundle that has the key: Tag at {0}
2026-04-27 09:12:14.051 [warning] Using default string since no string found in i18n bundle that has the key: tags
2026-04-27 09:12:14.051 [warning] Using default string since no string found in i18n bundle that has the key: Tag at {0}
2026-04-27 09:12:14.051 [warning] Using default string since no string found in i18n bundle that has the key: tags
2026-04-27 09:12:14.051 [warning] Using default string since no string found in i18n bundle that has the key: Tag at {0}
2026-04-27 09:12:14.051 [warning] Using default string since no string found in i18n bundle that has the key: tags
2026-04-27 09:12:14.051 [warning] Using default string since no string found in i18n bundle that has the key: Tag at {0}
2026-04-27 09:12:14.051 [warning] Using default string since no string found in i18n bundle that has the key: tags
2026-04-27 09:12:14.051 [warning] Using default string since no string found in i18n bundle that has the key: Tag at {0}
2026-04-27 09:12:14.051 [warning] Using default string since no string found in i18n bundle that has the key: tags
2026-04-27 09:12:14.051 [warning] Using default string since no string found in i18n bundle that has the key: Tag at {0}
2026-04-27 09:12:14.051 [warning] Using default string since no string found in i18n bundle that has the key: tags
2026-04-27 09:12:14.051 [warning] Using default string since no string found in i18n bundle that has the key: Tag at {0}
2026-04-27 09:12:14.051 [warning] Using default string since no string found in i18n bundle that has the key: tags
2026-04-27 09:12:14.051 [warning] Using default string since no string found in i18n bundle that has the key: Tag at {0}
2026-04-27 09:12:14.051 [warning] Using default string since no string found in i18n bundle that has the key: tags
2026-04-27 09:12:14.056 [warning] Using default string since no string found in i18n bundle that has the key: Checkout Branch/Tag...
2026-04-27 09:12:14.056 [warning] Using default string since no string found in i18n bundle that has the key: Publish Branch
2026-04-27 09:12:14.056 [warning] Using default string since no string found in i18n bundle that has the key: Checkout Branch/Tag...
2026-04-27 09:12:14.056 [warning] Using default string since no string found in i18n bundle that has the key: Publish Branch
2026-04-27 09:12:14.120 [warning] Using default string since no string found in i18n bundle that has the key: {0} (Untracked)
2026-04-27 09:12:14.120 [warning] Using default string since no string found in i18n bundle that has the key: Open
2026-04-27 09:12:14.121 [warning] Using default string since no string found in i18n bundle that has the key: {0} (Working Tree)
2026-04-27 09:12:14.121 [warning] Using default string since no string found in i18n bundle that has the key: Open
2026-04-27 09:12:14.121 [warning] Using default string since no string found in i18n bundle that has the key: Modified
2026-04-27 09:12:14.121 [warning] Using default string since no string found in i18n bundle that has the key: Modified
2026-04-27 09:12:14.121 [warning] Using default string since no string found in i18n bundle that has the key: Modified
2026-04-27 09:12:14.121 [warning] Using default string since no string found in i18n bundle that has the key: Modified
2026-04-27 09:12:14.121 [warning] Using default string since no string found in i18n bundle that has the key: {0} (Untracked)
2026-04-27 09:12:14.121 [warning] Using default string since no string found in i18n bundle that has the key: Open
2026-04-27 09:12:14.121 [warning] Using default string since no string found in i18n bundle that has the key: {0} (Deleted)
2026-04-27 09:12:14.121 [warning] Using default string since no string found in i18n bundle that has the key: Open
2026-04-27 09:12:14.121 [warning] Using default string since no string found in i18n bundle that has the key: {0} (Working Tree)
2026-04-27 09:12:14.121 [warning] Using default string since no string found in i18n bundle that has the key: Open
2026-04-27 09:12:14.121 [warning] Using default string since no string found in i18n bundle that has the key: Modified
2026-04-27 09:12:14.121 [warning] Using default string since no string found in i18n bundle that has the key: Modified
2026-04-27 09:12:14.121 [warning] Using default string since no string found in i18n bundle that has the key: Modified
2026-04-27 09:12:14.121 [warning] Using default string since no string found in i18n bundle that has the key: Modified
2026-04-27 09:12:14.121 [warning] Using default string since no string found in i18n bundle that has the key: {0} (Working Tree)
2026-04-27 09:12:14.121 [warning] Using default string since no string found in i18n bundle that has the key: Open
2026-04-27 09:12:14.121 [warning] Using default string since no string found in i18n bundle that has the key: Modified
2026-04-27 09:12:14.121 [warning] Using default string since no string found in i18n bundle that has the key: Modified
2026-04-27 09:12:14.121 [warning] Using default string since no string found in i18n bundle that has the key: Modified
2026-04-27 09:12:14.121 [warning] Using default string since no string found in i18n bundle that has the key: Modified
2026-04-27 09:12:14.121 [warning] Using default string since no string found in i18n bundle that has the key: {0} (Untracked)
2026-04-27 09:12:14.121 [warning] Using default string since no string found in i18n bundle that has the key: Open
2026-04-27 09:12:14.121 [warning] Using default string since no string found in i18n bundle that has the key: {0} (Untracked)
2026-04-27 09:12:14.121 [warning] Using default string since no string found in i18n bundle that has the key: Open
2026-04-27 09:12:14.122 [warning] Using default string since no string found in i18n bundle that has the key: {0} (Untracked)
2026-04-27 09:12:14.122 [warning] Using default string since no string found in i18n bundle that has the key: Open
2026-04-27 09:12:14.122 [warning] Using default string since no string found in i18n bundle that has the key: {0} (Untracked)
2026-04-27 09:12:14.122 [warning] Using default string since no string found in i18n bundle that has the key: Open
2026-04-27 09:12:14.122 [warning] Using default string since no string found in i18n bundle that has the key: {0} (Untracked)
2026-04-27 09:12:14.122 [warning] Using default string since no string found in i18n bundle that has the key: Open
2026-04-27 09:12:14.122 [warning] Using default string since no string found in i18n bundle that has the key: {0} (Untracked)
2026-04-27 09:12:14.122 [warning] Using default string since no string found in i18n bundle that has the key: Open
2026-04-27 09:12:14.122 [warning] Using default string since no string found in i18n bundle that has the key: {0} (Untracked)
2026-04-27 09:12:14.122 [warning] Using default string since no string found in i18n bundle that has the key: Open
2026-04-27 09:12:14.122 [warning] Using default string since no string found in i18n bundle that has the key: {0} (Untracked)
2026-04-27 09:12:14.122 [warning] Using default string since no string found in i18n bundle that has the key: Open
2026-04-27 09:12:14.122 [warning] Using default string since no string found in i18n bundle that has the key: {0} (Untracked)
2026-04-27 09:12:14.122 [warning] Using default string since no string found in i18n bundle that has the key: Open
2026-04-27 09:12:14.123 [warning] Using default string since no string found in i18n bundle that has the key: {0} (Untracked)
2026-04-27 09:12:14.123 [warning] Using default string since no string found in i18n bundle that has the key: Open
2026-04-27 09:12:14.123 [warning] Using default string since no string found in i18n bundle that has the key: {0} (Untracked)
2026-04-27 09:12:14.123 [warning] Using default string since no string found in i18n bundle that has the key: Open
2026-04-27 09:12:14.123 [warning] Using default string since no string found in i18n bundle that has the key: {0} (Untracked)
2026-04-27 09:12:14.123 [warning] Using default string since no string found in i18n bundle that has the key: Open
2026-04-27 09:12:14.123 [warning] Using default string since no string found in i18n bundle that has the key: {0} (Untracked)
2026-04-27 09:12:14.123 [warning] Using default string since no string found in i18n bundle that has the key: Open
2026-04-27 09:12:14.123 [warning] Using default string since no string found in i18n bundle that has the key: {0} (Untracked)
2026-04-27 09:12:14.123 [warning] Using default string since no string found in i18n bundle that has the key: Open
2026-04-27 09:12:14.123 [warning] Using default string since no string found in i18n bundle that has the key: {0} (Untracked)
2026-04-27 09:12:14.123 [warning] Using default string since no string found in i18n bundle that has the key: Open
2026-04-27 09:12:14.123 [warning] Using default string since no string found in i18n bundle that has the key: {0} (Working Tree)
2026-04-27 09:12:14.123 [warning] Using default string since no string found in i18n bundle that has the key: Open
2026-04-27 09:12:14.123 [warning] Using default string since no string found in i18n bundle that has the key: Modified
2026-04-27 09:12:14.123 [warning] Using default string since no string found in i18n bundle that has the key: Modified
2026-04-27 09:12:14.123 [warning] Using default string since no string found in i18n bundle that has the key: Modified
2026-04-27 09:12:14.123 [warning] Using default string since no string found in i18n bundle that has the key: Modified
2026-04-27 09:12:14.123 [warning] Using default string since no string found in i18n bundle that has the key: {0} (Untracked)
2026-04-27 09:12:14.124 [warning] Using default string since no string found in i18n bundle that has the key: Open
2026-04-27 09:12:14.124 [warning] Using default string since no string found in i18n bundle that has the key: {0} (Untracked)
2026-04-27 09:12:14.124 [warning] Using default string since no string found in i18n bundle that has the key: Open
2026-04-27 09:12:14.124 [warning] Using default string since no string found in i18n bundle that has the key: {0} (Untracked)
2026-04-27 09:12:14.124 [warning] Using default string since no string found in i18n bundle that has the key: Open
2026-04-27 09:12:14.124 [warning] Using default string since no string found in i18n bundle that has the key: {0} (Working Tree)
2026-04-27 09:12:14.124 [warning] Using default string since no string found in i18n bundle that has the key: Open
2026-04-27 09:12:14.124 [warning] Using default string since no string found in i18n bundle that has the key: Modified
2026-04-27 09:12:14.124 [warning] Using default string since no string found in i18n bundle that has the key: Modified
2026-04-27 09:12:14.124 [warning] Using default string since no string found in i18n bundle that has the key: Modified
2026-04-27 09:12:14.124 [warning] Using default string since no string found in i18n bundle that has the key: Modified
2026-04-27 09:12:14.124 [warning] Using default string since no string found in i18n bundle that has the key: {0} (Untracked)
2026-04-27 09:12:14.124 [warning] Using default string since no string found in i18n bundle that has the key: Open
2026-04-27 09:12:14.126 [warning] Using default string since no string found in i18n bundle that has the key: {0} (Untracked)
2026-04-27 09:12:14.126 [warning] Using default string since no string found in i18n bundle that has the key: Open
2026-04-27 09:12:14.126 [warning] Using default string since no string found in i18n bundle that has the key: {0} (Working Tree)
2026-04-27 09:12:14.126 [warning] Using default string since no string found in i18n bundle that has the key: Open
2026-04-27 09:12:14.126 [warning] Using default string since no string found in i18n bundle that has the key: Modified
2026-04-27 09:12:14.126 [warning] Using default string since no string found in i18n bundle that has the key: Modified
2026-04-27 09:12:14.126 [warning] Using default string since no string found in i18n bundle that has the key: Modified
2026-04-27 09:12:14.126 [warning] Using default string since no string found in i18n bundle that has the key: Modified
2026-04-27 09:12:14.126 [warning] Using default string since no string found in i18n bundle that has the key: {0} (Working Tree)
2026-04-27 09:12:14.126 [warning] Using default string since no string found in i18n bundle that has the key: Open
2026-04-27 09:12:14.126 [warning] Using default string since no string found in i18n bundle that has the key: Modified
2026-04-27 09:12:14.126 [warning] Using default string since no string found in i18n bundle that has the key: Modified
2026-04-27 09:12:14.126 [warning] Using default string since no string found in i18n bundle that has the key: Modified
2026-04-27 09:12:14.126 [warning] Using default string since no string found in i18n bundle that has the key: Modified
2026-04-27 09:12:14.126 [warning] Using default string since no string found in i18n bundle that has the key: {0} (Untracked)
2026-04-27 09:12:14.126 [warning] Using default string since no string found in i18n bundle that has the key: Open
2026-04-27 09:12:14.126 [warning] Using default string since no string found in i18n bundle that has the key: {0} (Working Tree)
2026-04-27 09:12:14.126 [warning] Using default string since no string found in i18n bundle that has the key: Open
2026-04-27 09:12:14.126 [warning] Using default string since no string found in i18n bundle that has the key: Modified
2026-04-27 09:12:14.126 [warning] Using default string since no string found in i18n bundle that has the key: Modified
2026-04-27 09:12:14.126 [warning] Using default string since no string found in i18n bundle that has the key: Modified
2026-04-27 09:12:14.126 [warning] Using default string since no string found in i18n bundle that has the key: Modified
2026-04-27 09:12:14.127 [warning] Using default string since no string found in i18n bundle that has the key: {0} (Working Tree)
2026-04-27 09:12:14.127 [warning] Using default string since no string found in i18n bundle that has the key: Open
2026-04-27 09:12:14.127 [warning] Using default string since no string found in i18n bundle that has the key: Modified
2026-04-27 09:12:14.127 [warning] Using default string since no string found in i18n bundle that has the key: Modified
2026-04-27 09:12:14.127 [warning] Using default string since no string found in i18n bundle that has the key: Modified
2026-04-27 09:12:14.127 [warning] Using default string since no string found in i18n bundle that has the key: Modified
2026-04-27 09:12:14.127 [warning] Using default string since no string found in i18n bundle that has the key: {0} (Working Tree)
2026-04-27 09:12:14.127 [warning] Using default string since no string found in i18n bundle that has the key: Open
2026-04-27 09:12:14.127 [warning] Using default string since no string found in i18n bundle that has the key: Modified
2026-04-27 09:12:14.127 [warning] Using default string since no string found in i18n bundle that has the key: Modified
2026-04-27 09:12:14.127 [warning] Using default string since no string found in i18n bundle that has the key: Modified
2026-04-27 09:12:14.127 [warning] Using default string since no string found in i18n bundle that has the key: Modified
2026-04-27 09:12:14.127 [warning] Using default string since no string found in i18n bundle that has the key: {0} (Working Tree)
2026-04-27 09:12:14.127 [warning] Using default string since no string found in i18n bundle that has the key: Open
2026-04-27 09:12:14.127 [warning] Using default string since no string found in i18n bundle that has the key: Modified
2026-04-27 09:12:14.127 [warning] Using default string since no string found in i18n bundle that has the key: Modified
2026-04-27 09:12:14.127 [warning] Using default string since no string found in i18n bundle that has the key: Modified
2026-04-27 09:12:14.127 [warning] Using default string since no string found in i18n bundle that has the key: Modified
2026-04-27 09:12:14.127 [warning] Using default string since no string found in i18n bundle that has the key: {0} (Working Tree)
2026-04-27 09:12:14.127 [warning] Using default string since no string found in i18n bundle that has the key: Open
2026-04-27 09:12:14.127 [warning] Using default string since no string found in i18n bundle that has the key: Modified
2026-04-27 09:12:14.127 [warning] Using default string since no string found in i18n bundle that has the key: Modified
2026-04-27 09:12:14.127 [warning] Using default string since no string found in i18n bundle that has the key: Modified
2026-04-27 09:12:14.127 [warning] Using default string since no string found in i18n bundle that has the key: Modified
2026-04-27 09:12:14.127 [warning] Using default string since no string found in i18n bundle that has the key: {0} (Working Tree)
2026-04-27 09:12:14.127 [warning] Using default string since no string found in i18n bundle that has the key: Open
2026-04-27 09:12:14.127 [warning] Using default string since no string found in i18n bundle that has the key: Modified
2026-04-27 09:12:14.127 [warning] Using default string since no string found in i18n bundle that has the key: Modified
2026-04-27 09:12:14.127 [warning] Using default string since no string found in i18n bundle that has the key: Modified
2026-04-27 09:12:14.127 [warning] Using default string since no string found in i18n bundle that has the key: Modified
2026-04-27 09:12:14.127 [warning] Using default string since no string found in i18n bundle that has the key: {0} (Working Tree)
2026-04-27 09:12:14.127 [warning] Using default string since no string found in i18n bundle that has the key: Open
2026-04-27 09:12:14.127 [warning] Using default string since no string found in i18n bundle that has the key: Modified
2026-04-27 09:12:14.127 [warning] Using default string since no string found in i18n bundle that has the key: Modified
2026-04-27 09:12:14.127 [warning] Using default string since no string found in i18n bundle that has the key: Modified
2026-04-27 09:12:14.127 [warning] Using default string since no string found in i18n bundle that has the key: Modified
2026-04-27 09:12:14.127 [warning] Using default string since no string found in i18n bundle that has the key: {0} (Working Tree)
2026-04-27 09:12:14.127 [warning] Using default string since no string found in i18n bundle that has the key: Open
2026-04-27 09:12:14.127 [warning] Using default string since no string found in i18n bundle that has the key: Modified
2026-04-27 09:12:14.127 [warning] Using default string since no string found in i18n bundle that has the key: Modified
2026-04-27 09:12:14.127 [warning] Using default string since no string found in i18n bundle that has the key: Modified
2026-04-27 09:12:14.127 [warning] Using default string since no string found in i18n bundle that has the key: Modified
2026-04-27 09:12:14.127 [warning] Using default string since no string found in i18n bundle that has the key: {0} (Working Tree)
2026-04-27 09:12:14.127 [warning] Using default string since no string found in i18n bundle that has the key: Open
2026-04-27 09:12:14.127 [warning] Using default string since no string found in i18n bundle that has the key: Modified
2026-04-27 09:12:14.127 [warning] Using default string since no string found in i18n bundle that has the key: Modified
2026-04-27 09:12:14.127 [warning] Using default string since no string found in i18n bundle that has the key: Modified
2026-04-27 09:12:14.127 [warning] Using default string since no string found in i18n bundle that has the key: Modified
2026-04-27 09:12:14.127 [warning] Using default string since no string found in i18n bundle that has the key: {0} (Working Tree)
2026-04-27 09:12:14.127 [warning] Using default string since no string found in i18n bundle that has the key: Open
2026-04-27 09:12:14.127 [warning] Using default string since no string found in i18n bundle that has the key: Modified
2026-04-27 09:12:14.127 [warning] Using default string since no string found in i18n bundle that has the key: Modified
2026-04-27 09:12:14.127 [warning] Using default string since no string found in i18n bundle that has the key: Modified
2026-04-27 09:12:14.127 [warning] Using default string since no string found in i18n bundle that has the key: Modified
2026-04-27 09:12:14.127 [warning] Using default string since no string found in i18n bundle that has the key: {0} (Working Tree)
2026-04-27 09:12:14.127 [warning] Using default string since no string found in i18n bundle that has the key: Open
2026-04-27 09:12:14.127 [warning] Using default string since no string found in i18n bundle that has the key: Modified
2026-04-27 09:12:14.127 [warning] Using default string since no string found in i18n bundle that has the key: Modified
2026-04-27 09:12:14.127 [warning] Using default string since no string found in i18n bundle that has the key: Modified
2026-04-27 09:12:14.127 [warning] Using default string since no string found in i18n bundle that has the key: Modified
2026-04-27 09:12:14.128 [warning] Using default string since no string found in i18n bundle that has the key: {0} (Working Tree)
2026-04-27 09:12:14.128 [warning] Using default string since no string found in i18n bundle that has the key: Open
2026-04-27 09:12:14.128 [warning] Using default string since no string found in i18n bundle that has the key: Modified
2026-04-27 09:12:14.128 [warning] Using default string since no string found in i18n bundle that has the key: Modified
2026-04-27 09:12:14.128 [warning] Using default string since no string found in i18n bundle that has the key: Modified
2026-04-27 09:12:14.128 [warning] Using default string since no string found in i18n bundle that has the key: Modified
2026-04-27 09:12:14.128 [warning] Using default string since no string found in i18n bundle that has the key: {0} (Working Tree)
2026-04-27 09:12:14.128 [warning] Using default string since no string found in i18n bundle that has the key: Open
2026-04-27 09:12:14.128 [warning] Using default string since no string found in i18n bundle that has the key: Modified
2026-04-27 09:12:14.128 [warning] Using default string since no string found in i18n bundle that has the key: Modified
2026-04-27 09:12:14.128 [warning] Using default string since no string found in i18n bundle that has the key: Modified
2026-04-27 09:12:14.128 [warning] Using default string since no string found in i18n bundle that has the key: Modified
2026-04-27 09:12:14.128 [warning] Using default string since no string found in i18n bundle that has the key: Untracked
2026-04-27 09:12:14.128 [warning] Using default string since no string found in i18n bundle that has the key: Untracked
2026-04-27 09:12:14.128 [warning] Using default string since no string found in i18n bundle that has the key: Untracked
2026-04-27 09:12:14.128 [warning] Using default string since no string found in i18n bundle that has the key: Untracked
2026-04-27 09:12:14.128 [warning] Using default string since no string found in i18n bundle that has the key: Untracked
2026-04-27 09:12:14.128 [warning] Using default string since no string found in i18n bundle that has the key: Untracked
2026-04-27 09:12:14.128 [warning] Using default string since no string found in i18n bundle that has the key: Untracked
2026-04-27 09:12:14.128 [warning] Using default string since no string found in i18n bundle that has the key: Untracked
2026-04-27 09:12:14.128 [warning] Using default string since no string found in i18n bundle that has the key: Untracked
2026-04-27 09:12:14.128 [warning] Using default string since no string found in i18n bundle that has the key: Untracked
2026-04-27 09:12:14.128 [warning] Using default string since no string found in i18n bundle that has the key: Untracked
2026-04-27 09:12:14.128 [warning] Using default string since no string found in i18n bundle that has the key: Untracked
2026-04-27 09:12:14.128 [warning] Using default string since no string found in i18n bundle that has the key: Untracked
2026-04-27 09:12:14.128 [warning] Using default string since no string found in i18n bundle that has the key: Untracked
2026-04-27 09:12:14.128 [warning] Using default string since no string found in i18n bundle that has the key: Untracked
2026-04-27 09:12:14.128 [warning] Using default string since no string found in i18n bundle that has the key: Untracked
2026-04-27 09:12:14.128 [warning] Using default string since no string found in i18n bundle that has the key: Untracked
2026-04-27 09:12:14.128 [warning] Using default string since no string found in i18n bundle that has the key: Untracked
2026-04-27 09:12:14.128 [warning] Using default string since no string found in i18n bundle that has the key: Untracked
2026-04-27 09:12:14.128 [warning] Using default string since no string found in i18n bundle that has the key: Untracked
2026-04-27 09:12:14.128 [warning] Using default string since no string found in i18n bundle that has the key: Untracked
2026-04-27 09:12:14.128 [warning] Using default string since no string found in i18n bundle that has the key: Untracked
2026-04-27 09:12:14.128 [warning] Using default string since no string found in i18n bundle that has the key: Deleted
2026-04-27 09:12:14.128 [warning] Using default string since no string found in i18n bundle that has the key: Deleted
2026-04-27 09:12:14.128 [warning] Using default string since no string found in i18n bundle that has the key: Deleted
2026-04-27 09:12:14.128 [warning] Using default string since no string found in i18n bundle that has the key: Deleted
2026-04-27 09:12:14.128 [warning] Using default string since no string found in i18n bundle that has the key: Deleted
2026-04-27 09:12:14.128 [warning] Using default string since no string found in i18n bundle that has the key: Deleted
2026-04-27 09:12:14.128 [warning] Using default string since no string found in i18n bundle that has the key: Deleted
2026-04-27 09:12:14.128 [warning] Using default string since no string found in i18n bundle that has the key: Deleted
2026-04-27 09:12:14.128 [warning] Using default string since no string found in i18n bundle that has the key: Deleted
2026-04-27 09:12:14.128 [warning] Using default string since no string found in i18n bundle that has the key: Deleted
2026-04-27 09:12:14.128 [warning] Using default string since no string found in i18n bundle that has the key: Deleted
2026-04-27 09:12:14.128 [warning] Using default string since no string found in i18n bundle that has the key: Untracked
2026-04-27 09:12:14.128 [warning] Using default string since no string found in i18n bundle that has the key: Untracked
2026-04-27 09:12:14.128 [warning] Using default string since no string found in i18n bundle that has the key: Untracked
2026-04-27 09:12:14.128 [warning] Using default string since no string found in i18n bundle that has the key: Untracked
2026-04-27 09:12:14.128 [warning] Using default string since no string found in i18n bundle that has the key: Untracked
2026-04-27 09:12:14.128 [warning] Using default string since no string found in i18n bundle that has the key: Untracked
2026-04-27 09:12:14.128 [warning] Using default string since no string found in i18n bundle that has the key: Untracked
2026-04-27 09:12:14.128 [warning] Using default string since no string found in i18n bundle that has the key: Untracked
2026-04-27 09:12:14.128 [warning] Using default string since no string found in i18n bundle that has the key: Untracked
2026-04-27 09:12:14.128 [warning] Using default string since no string found in i18n bundle that has the key: Untracked
2026-04-27 09:12:14.128 [warning] Using default string since no string found in i18n bundle that has the key: Untracked
2026-04-27 09:12:14.128 [warning] Using default string since no string found in i18n bundle that has the key: Untracked
2026-04-27 09:12:14.128 [warning] Using default string since no string found in i18n bundle that has the key: Untracked
2026-04-27 09:12:14.128 [warning] Using default string since no string found in i18n bundle that has the key: Untracked
2026-04-27 09:12:14.128 [warning] Using default string since no string found in i18n bundle that has the key: Untracked
2026-04-27 09:12:14.128 [warning] Using default string since no string found in i18n bundle that has the key: Untracked
2026-04-27 09:12:14.128 [warning] Using default string since no string found in i18n bundle that has the key: Untracked
2026-04-27 09:12:14.128 [warning] Using default string since no string found in i18n bundle that has the key: Untracked
2026-04-27 09:12:14.128 [warning] Using default string since no string found in i18n bundle that has the key: Untracked
2026-04-27 09:12:14.128 [warning] Using default string since no string found in i18n bundle that has the key: Untracked
2026-04-27 09:12:14.128 [warning] Using default string since no string found in i18n bundle that has the key: Untracked
2026-04-27 09:12:14.128 [warning] Using default string since no string found in i18n bundle that has the key: Untracked
2026-04-27 09:12:14.128 [warning] Using default string since no string found in i18n bundle that has the key: Untracked
2026-04-27 09:12:14.128 [warning] Using default string since no string found in i18n bundle that has the key: Untracked
2026-04-27 09:12:14.128 [warning] Using default string since no string found in i18n bundle that has the key: Untracked
2026-04-27 09:12:14.128 [warning] Using default string since no string found in i18n bundle that has the key: Untracked
2026-04-27 09:12:14.128 [warning] Using default string since no string found in i18n bundle that has the key: Untracked
2026-04-27 09:12:14.128 [warning] Using default string since no string found in i18n bundle that has the key: Untracked
2026-04-27 09:12:14.128 [warning] Using default string since no string found in i18n bundle that has the key: Untracked
2026-04-27 09:12:14.128 [warning] Using default string since no string found in i18n bundle that has the key: Untracked
2026-04-27 09:12:14.128 [warning] Using default string since no string found in i18n bundle that has the key: Untracked
2026-04-27 09:12:14.128 [warning] Using default string since no string found in i18n bundle that has the key: Untracked
2026-04-27 09:12:14.128 [warning] Using default string since no string found in i18n bundle that has the key: Untracked
2026-04-27 09:12:14.128 [warning] Using default string since no string found in i18n bundle that has the key: Untracked
2026-04-27 09:12:14.128 [warning] Using default string since no string found in i18n bundle that has the key: Untracked
2026-04-27 09:12:14.128 [warning] Using default string since no string found in i18n bundle that has the key: Untracked
2026-04-27 09:12:14.128 [warning] Using default string since no string found in i18n bundle that has the key: Untracked
2026-04-27 09:12:14.128 [warning] Using default string since no string found in i18n bundle that has the key: Untracked
2026-04-27 09:12:14.128 [warning] Using default string since no string found in i18n bundle that has the key: Untracked
2026-04-27 09:12:14.128 [warning] Using default string since no string found in i18n bundle that has the key: Untracked
2026-04-27 09:12:14.128 [warning] Using default string since no string found in i18n bundle that has the key: Untracked
2026-04-27 09:12:14.128 [warning] Using default string since no string found in i18n bundle that has the key: Untracked
2026-04-27 09:12:14.128 [warning] Using default string since no string found in i18n bundle that has the key: Untracked
2026-04-27 09:12:14.128 [warning] Using default string since no string found in i18n bundle that has the key: Untracked
2026-04-27 09:12:14.128 [warning] Using default string since no string found in i18n bundle that has the key: Untracked
2026-04-27 09:12:14.128 [warning] Using default string since no string found in i18n bundle that has the key: Untracked
2026-04-27 09:12:14.128 [warning] Using default string since no string found in i18n bundle that has the key: Untracked
2026-04-27 09:12:14.128 [warning] Using default string since no string found in i18n bundle that has the key: Untracked
2026-04-27 09:12:14.128 [warning] Using default string since no string found in i18n bundle that has the key: Untracked
2026-04-27 09:12:14.128 [warning] Using default string since no string found in i18n bundle that has the key: Untracked
2026-04-27 09:12:14.128 [warning] Using default string since no string found in i18n bundle that has the key: Untracked
2026-04-27 09:12:14.128 [warning] Using default string since no string found in i18n bundle that has the key: Untracked
2026-04-27 09:12:14.128 [warning] Using default string since no string found in i18n bundle that has the key: Untracked
2026-04-27 09:12:14.128 [warning] Using default string since no string found in i18n bundle that has the key: Untracked
2026-04-27 09:12:14.128 [warning] Using default string since no string found in i18n bundle that has the key: Untracked
2026-04-27 09:12:14.128 [warning] Using default string since no string found in i18n bundle that has the key: Untracked
2026-04-27 09:12:14.128 [warning] Using default string since no string found in i18n bundle that has the key: Untracked
2026-04-27 09:12:14.128 [warning] Using default string since no string found in i18n bundle that has the key: Untracked
2026-04-27 09:12:14.128 [warning] Using default string since no string found in i18n bundle that has the key: Untracked
2026-04-27 09:12:14.128 [warning] Using default string since no string found in i18n bundle that has the key: Untracked
2026-04-27 09:12:14.128 [warning] Using default string since no string found in i18n bundle that has the key: Untracked
2026-04-27 09:12:14.128 [warning] Using default string since no string found in i18n bundle that has the key: Untracked
2026-04-27 09:12:14.128 [warning] Using default string since no string found in i18n bundle that has the key: Untracked
2026-04-27 09:12:14.128 [warning] Using default string since no string found in i18n bundle that has the key: Untracked
2026-04-27 09:12:14.128 [warning] Using default string since no string found in i18n bundle that has the key: Untracked
2026-04-27 09:12:14.128 [warning] Using default string since no string found in i18n bundle that has the key: Untracked
2026-04-27 09:12:14.128 [warning] Using default string since no string found in i18n bundle that has the key: Untracked
2026-04-27 09:12:14.128 [warning] Using default string since no string found in i18n bundle that has the key: Untracked
2026-04-27 09:12:14.128 [warning] Using default string since no string found in i18n bundle that has the key: Untracked
2026-04-27 09:12:14.128 [warning] Using default string since no string found in i18n bundle that has the key: Untracked
2026-04-27 09:12:14.128 [warning] Using default string since no string found in i18n bundle that has the key: Untracked
2026-04-27 09:12:14.128 [warning] Using default string since no string found in i18n bundle that has the key: Untracked
2026-04-27 09:12:14.128 [warning] Using default string since no string found in i18n bundle that has the key: Untracked
2026-04-27 09:12:14.128 [warning] Using default string since no string found in i18n bundle that has the key: Untracked
2026-04-27 09:12:14.128 [warning] Using default string since no string found in i18n bundle that has the key: Untracked
2026-04-27 09:12:14.128 [warning] Using default string since no string found in i18n bundle that has the key: Untracked
2026-04-27 09:12:14.128 [warning] Using default string since no string found in i18n bundle that has the key: Untracked
2026-04-27 09:12:14.128 [warning] Using default string since no string found in i18n bundle that has the key: Untracked
2026-04-27 09:12:14.128 [warning] Using default string since no string found in i18n bundle that has the key: Untracked
2026-04-27 09:12:14.128 [warning] Using default string since no string found in i18n bundle that has the key: Untracked
2026-04-27 09:12:14.128 [warning] Using default string since no string found in i18n bundle that has the key: Untracked
2026-04-27 09:12:14.128 [warning] Using default string since no string found in i18n bundle that has the key: Untracked
2026-04-27 09:12:14.128 [warning] Using default string since no string found in i18n bundle that has the key: Untracked
2026-04-27 09:12:14.128 [warning] Using default string since no string found in i18n bundle that has the key: Untracked
2026-04-27 09:12:14.128 [warning] Using default string since no string found in i18n bundle that has the key: Untracked
2026-04-27 09:12:14.128 [warning] Using default string since no string found in i18n bundle that has the key: Untracked
2026-04-27 09:12:14.128 [warning] Using default string since no string found in i18n bundle that has the key: Untracked
2026-04-27 09:12:14.128 [warning] Using default string since no string found in i18n bundle that has the key: Untracked
2026-04-27 09:12:14.128 [warning] Using default string since no string found in i18n bundle that has the key: Untracked
2026-04-27 09:12:14.128 [warning] Using default string since no string found in i18n bundle that has the key: Untracked
2026-04-27 09:12:14.128 [warning] Using default string since no string found in i18n bundle that has the key: Untracked
2026-04-27 09:12:14.128 [warning] Using default string since no string found in i18n bundle that has the key: Untracked
2026-04-27 09:12:14.128 [warning] Using default string since no string found in i18n bundle that has the key: Untracked
2026-04-27 09:12:14.128 [warning] Using default string since no string found in i18n bundle that has the key: Untracked
2026-04-27 09:12:14.128 [warning] Using default string since no string found in i18n bundle that has the key: Untracked
2026-04-27 09:12:14.128 [warning] Using default string since no string found in i18n bundle that has the key: Untracked
2026-04-27 09:12:14.128 [warning] Using default string since no string found in i18n bundle that has the key: Untracked
2026-04-27 09:12:14.128 [warning] Using default string since no string found in i18n bundle that has the key: Untracked
2026-04-27 09:12:14.128 [warning] Using default string since no string found in i18n bundle that has the key: Untracked
2026-04-27 09:12:14.128 [warning] Using default string since no string found in i18n bundle that has the key: Untracked
2026-04-27 09:12:14.128 [warning] Using default string since no string found in i18n bundle that has the key: Untracked
2026-04-27 09:12:14.128 [warning] Using default string since no string found in i18n bundle that has the key: Untracked
2026-04-27 09:12:14.128 [warning] Using default string since no string found in i18n bundle that has the key: Untracked
2026-04-27 09:12:14.128 [warning] Using default string since no string found in i18n bundle that has the key: Untracked
2026-04-27 09:12:14.128 [warning] Using default string since no string found in i18n bundle that has the key: Untracked
2026-04-27 09:12:14.128 [warning] Using default string since no string found in i18n bundle that has the key: Untracked
2026-04-27 09:12:14.128 [warning] Using default string since no string found in i18n bundle that has the key: Untracked
2026-04-27 09:12:14.128 [warning] Using default string since no string found in i18n bundle that has the key: Untracked
2026-04-27 09:12:14.128 [warning] Using default string since no string found in i18n bundle that has the key: Untracked
2026-04-27 09:12:14.128 [warning] Using default string since no string found in i18n bundle that has the key: Untracked
2026-04-27 09:12:14.128 [warning] Using default string since no string found in i18n bundle that has the key: Untracked
2026-04-27 09:12:14.128 [warning] Using default string since no string found in i18n bundle that has the key: Untracked
2026-04-27 09:12:14.128 [warning] Using default string since no string found in i18n bundle that has the key: Untracked
2026-04-27 09:12:14.128 [warning] Using default string since no string found in i18n bundle that has the key: Untracked
2026-04-27 09:12:14.128 [warning] Using default string since no string found in i18n bundle that has the key: Untracked
2026-04-27 09:12:14.128 [warning] Using default string since no string found in i18n bundle that has the key: Untracked
2026-04-27 09:12:14.128 [warning] Using default string since no string found in i18n bundle that has the key: Untracked
2026-04-27 09:12:14.128 [warning] Using default string since no string found in i18n bundle that has the key: Untracked
2026-04-27 09:12:14.128 [warning] Using default string since no string found in i18n bundle that has the key: Untracked
2026-04-27 09:12:14.128 [warning] Using default string since no string found in i18n bundle that has the key: Untracked
2026-04-27 09:12:14.128 [warning] Using default string since no string found in i18n bundle that has the key: Untracked
2026-04-27 09:12:14.128 [warning] Using default string since no string found in i18n bundle that has the key: Untracked
2026-04-27 09:12:14.128 [warning] Using default string since no string found in i18n bundle that has the key: Untracked
2026-04-27 09:12:14.128 [warning] Using default string since no string found in i18n bundle that has the key: Untracked
2026-04-27 09:12:14.128 [warning] Using default string since no string found in i18n bundle that has the key: Untracked
2026-04-27 09:12:14.128 [warning] Using default string since no string found in i18n bundle that has the key: Untracked
2026-04-27 09:12:14.128 [warning] Using default string since no string found in i18n bundle that has the key: Untracked
2026-04-27 09:12:14.128 [warning] Using default string since no string found in i18n bundle that has the key: Untracked
2026-04-27 09:12:14.128 [warning] Using default string since no string found in i18n bundle that has the key: Untracked
2026-04-27 09:12:14.128 [warning] Using default string since no string found in i18n bundle that has the key: Untracked
2026-04-27 09:12:14.128 [warning] Using default string since no string found in i18n bundle that has the key: Untracked
2026-04-27 09:12:14.128 [warning] Using default string since no string found in i18n bundle that has the key: Untracked
2026-04-27 09:12:14.128 [warning] Using default string since no string found in i18n bundle that has the key: Untracked
2026-04-27 09:12:14.128 [warning] Using default string since no string found in i18n bundle that has the key: Untracked
2026-04-27 09:12:14.128 [warning] Using default string since no string found in i18n bundle that has the key: Untracked
2026-04-27 09:12:14.128 [warning] Using default string since no string found in i18n bundle that has the key: Untracked
2026-04-27 09:12:14.128 [warning] Using default string since no string found in i18n bundle that has the key: Untracked
2026-04-27 09:12:14.128 [warning] Using default string since no string found in i18n bundle that has the key: Untracked
2026-04-27 09:12:14.128 [warning] Using default string since no string found in i18n bundle that has the key: Untracked
2026-04-27 09:12:14.128 [warning] Using default string since no string found in i18n bundle that has the key: Untracked
2026-04-27 09:12:14.128 [warning] Using default string since no string found in i18n bundle that has the key: Untracked
2026-04-27 09:12:14.128 [warning] Using default string since no string found in i18n bundle that has the key: Untracked
2026-04-27 09:12:14.128 [warning] Using default string since no string found in i18n bundle that has the key: Untracked
2026-04-27 09:12:14.128 [warning] Using default string since no string found in i18n bundle that has the key: Untracked
2026-04-27 09:12:14.128 [warning] Using default string since no string found in i18n bundle that has the key: Untracked
2026-04-27 09:12:14.128 [warning] Using default string since no string found in i18n bundle that has the key: Untracked
2026-04-27 09:12:14.128 [warning] Using default string since no string found in i18n bundle that has the key: Untracked
2026-04-27 09:12:14.128 [warning] Using default string since no string found in i18n bundle that has the key: Untracked
2026-04-27 09:12:14.128 [warning] Using default string since no string found in i18n bundle that has the key: Untracked
2026-04-27 09:12:14.128 [warning] Using default string since no string found in i18n bundle that has the key: Untracked
2026-04-27 09:12:14.128 [warning] Using default string since no string found in i18n bundle that has the key: Untracked
2026-04-27 09:12:14.128 [warning] Using default string since no string found in i18n bundle that has the key: Untracked
2026-04-27 09:12:14.128 [warning] Using default string since no string found in i18n bundle that has the key: Untracked
2026-04-27 09:12:14.128 [warning] Using default string since no string found in i18n bundle that has the key: Untracked
2026-04-27 09:12:14.128 [warning] Using default string since no string found in i18n bundle that has the key: Untracked
2026-04-27 09:12:14.128 [warning] Using default string since no string found in i18n bundle that has the key: Untracked
2026-04-27 09:12:14.128 [warning] Using default string since no string found in i18n bundle that has the key: Untracked
2026-04-27 09:12:14.128 [warning] Using default string since no string found in i18n bundle that has the key: Untracked
2026-04-27 09:12:14.128 [warning] Using default string since no string found in i18n bundle that has the key: Untracked
2026-04-27 09:12:14.128 [warning] Using default string since no string found in i18n bundle that has the key: Untracked
2026-04-27 09:12:14.128 [warning] Using default string since no string found in i18n bundle that has the key: Untracked
2026-04-27 09:12:14.128 [warning] Using default string since no string found in i18n bundle that has the key: Untracked
2026-04-27 09:12:14.128 [warning] Using default string since no string found in i18n bundle that has the key: Untracked
2026-04-27 09:12:14.128 [warning] Using default string since no string found in i18n bundle that has the key: Untracked
2026-04-27 09:12:14.128 [warning] Using default string since no string found in i18n bundle that has the key: Untracked
2026-04-27 09:12:14.128 [warning] Using default string since no string found in i18n bundle that has the key: Untracked
2026-04-27 09:12:14.128 [warning] Using default string since no string found in i18n bundle that has the key: Untracked
2026-04-27 09:12:14.128 [warning] Using default string since no string found in i18n bundle that has the key: Untracked
2026-04-27 09:12:14.128 [warning] Using default string since no string found in i18n bundle that has the key: Untracked
2026-04-27 09:12:14.128 [warning] Using default string since no string found in i18n bundle that has the key: Untracked
2026-04-27 09:12:14.128 [warning] Using default string since no string found in i18n bundle that has the key: Untracked
2026-04-27 09:12:14.128 [warning] Using default string since no string found in i18n bundle that has the key: Untracked
2026-04-27 09:12:14.128 [warning] Using default string since no string found in i18n bundle that has the key: Untracked
2026-04-27 09:12:14.128 [warning] Using default string since no string found in i18n bundle that has the key: Untracked
2026-04-27 09:12:14.128 [warning] Using default string since no string found in i18n bundle that has the key: Untracked
2026-04-27 09:12:14.128 [warning] Using default string since no string found in i18n bundle that has the key: Untracked
2026-04-27 09:12:14.128 [warning] Using default string since no string found in i18n bundle that has the key: Untracked
2026-04-27 09:12:14.128 [warning] Using default string since no string found in i18n bundle that has the key: Untracked
2026-04-27 09:12:14.128 [warning] Using default string since no string found in i18n bundle that has the key: Untracked
2026-04-27 09:12:14.128 [warning] Using default string since no string found in i18n bundle that has the key: Untracked
2026-04-27 09:12:14.128 [warning] Using default string since no string found in i18n bundle that has the key: Untracked
2026-04-27 09:12:14.128 [warning] Using default string since no string found in i18n bundle that has the key: Untracked
2026-04-27 09:12:14.128 [warning] Using default string since no string found in i18n bundle that has the key: Untracked
2026-04-27 09:12:14.128 [warning] Using default string since no string found in i18n bundle that has the key: Untracked
2026-04-27 09:12:14.128 [warning] Using default string since no string found in i18n bundle that has the key: Untracked
2026-04-27 09:12:14.128 [warning] Using default string since no string found in i18n bundle that has the key: Untracked
2026-04-27 09:12:14.128 [warning] Using default string since no string found in i18n bundle that has the key: Untracked
2026-04-27 09:12:14.128 [warning] Using default string since no string found in i18n bundle that has the key: Untracked
2026-04-27 09:12:14.128 [warning] Using default string since no string found in i18n bundle that has the key: Untracked
2026-04-27 09:12:14.128 [warning] Using default string since no string found in i18n bundle that has the key: Untracked
2026-04-27 09:12:14.128 [warning] Using default string since no string found in i18n bundle that has the key: Untracked
2026-04-27 09:12:14.128 [warning] Using default string since no string found in i18n bundle that has the key: Untracked
2026-04-27 09:12:14.128 [warning] Using default string since no string found in i18n bundle that has the key: Untracked
2026-04-27 09:12:14.128 [warning] Using default string since no string found in i18n bundle that has the key: Untracked
2026-04-27 09:12:14.128 [warning] Using default string since no string found in i18n bundle that has the key: Untracked
2026-04-27 09:12:14.128 [warning] Using default string since no string found in i18n bundle that has the key: Untracked
2026-04-27 09:12:14.128 [warning] Using default string since no string found in i18n bundle that has the key: Untracked
2026-04-27 09:12:14.128 [warning] Using default string since no string found in i18n bundle that has the key: Untracked
2026-04-27 09:12:14.128 [warning] Using default string since no string found in i18n bundle that has the key: Untracked
2026-04-27 09:12:14.128 [warning] Using default string since no string found in i18n bundle that has the key: Untracked
2026-04-27 09:12:14.128 [warning] Using default string since no string found in i18n bundle that has the key: Untracked
2026-04-27 09:12:14.128 [warning] Using default string since no string found in i18n bundle that has the key: Untracked
2026-04-27 09:12:14.128 [warning] Using default string since no string found in i18n bundle that has the key: Untracked
2026-04-27 09:12:14.128 [warning] Using default string since no string found in i18n bundle that has the key: Untracked
2026-04-27 09:12:14.128 [warning] Using default string since no string found in i18n bundle that has the key: Untracked
2026-04-27 09:12:14.128 [warning] Using default string since no string found in i18n bundle that has the key: Untracked
2026-04-27 09:12:14.128 [warning] Using default string since no string found in i18n bundle that has the key: Untracked
2026-04-27 09:12:14.128 [warning] Using default string since no string found in i18n bundle that has the key: Untracked
2026-04-27 09:12:14.128 [warning] Using default string since no string found in i18n bundle that has the key: Untracked
2026-04-27 09:12:14.128 [warning] Using default string since no string found in i18n bundle that has the key: Untracked
2026-04-27 09:12:14.128 [warning] Using default string since no string found in i18n bundle that has the key: Untracked
2026-04-27 09:12:14.128 [warning] Using default string since no string found in i18n bundle that has the key: Untracked
2026-04-27 09:12:14.129 [warning] Using default string since no string found in i18n bundle that has the key: Untracked
2026-04-27 09:12:14.129 [warning] Using default string since no string found in i18n bundle that has the key: Untracked
2026-04-27 09:12:14.129 [warning] Using default string since no string found in i18n bundle that has the key: Untracked
2026-04-27 09:12:14.129 [warning] Using default string since no string found in i18n bundle that has the key: Untracked
2026-04-27 09:12:14.129 [warning] Using default string since no string found in i18n bundle that has the key: Untracked
2026-04-27 09:12:14.129 [warning] Using default string since no string found in i18n bundle that has the key: Untracked
2026-04-27 09:12:14.129 [warning] Using default string since no string found in i18n bundle that has the key: Untracked
2026-04-27 09:12:14.129 [warning] Using default string since no string found in i18n bundle that has the key: Untracked
2026-04-27 09:12:14.129 [warning] Using default string since no string found in i18n bundle that has the key: Untracked
2026-04-27 09:12:14.129 [warning] Using default string since no string found in i18n bundle that has the key: Untracked
2026-04-27 09:12:14.129 [warning] Using default string since no string found in i18n bundle that has the key: Untracked
2026-04-27 09:12:14.129 [warning] Using default string since no string found in i18n bundle that has the key: Untracked
2026-04-27 09:12:14.129 [warning] Using default string since no string found in i18n bundle that has the key: Untracked
2026-04-27 09:12:14.129 [warning] Using default string since no string found in i18n bundle that has the key: Untracked
2026-04-27 09:12:14.129 [warning] Using default string since no string found in i18n bundle that has the key: Untracked
2026-04-27 09:12:14.129 [warning] Using default string since no string found in i18n bundle that has the key: Untracked
2026-04-27 09:12:14.129 [warning] Using default string since no string found in i18n bundle that has the key: Untracked
2026-04-27 09:12:14.129 [warning] Using default string since no string found in i18n bundle that has the key: Untracked
2026-04-27 09:12:14.129 [warning] Using default string since no string found in i18n bundle that has the key: Untracked
2026-04-27 09:45:10.292 [info] Extension host terminating: parent process 944 does not exist anymore: kill ESRCH (code: ESRCH) (errno: -3)
2026-04-27 09:45:10.381 [info] Lock '/home/guan/code-server-me/.run/fullbuild-user-data/User/workspaceStorage/-7b607652/vscode.lock': Marking the lockfile as scheduled to be released in 6000 ms.
2026-04-27 09:45:10.427 [error] An error occurred when disposing the subscriptions for extension 'redhat.devspaces-copilot-chat-integration':
2026-04-27 09:45:10.428 [error] Error: Channel has been closed
	at validate (file:///home/guan/code-server-me/release/lib/vscode/out/vs/workbench/api/node/extensionHostProcess.js:55564:15)
	at Object.info (file:///home/guan/code-server-me/release/lib/vscode/out/vs/workbench/api/node/extensionHostProcess.js:55593:9)
	at VWe.logIt (/home/guan/code-server-me/.run/fullbuild-extensions/redhat.devspaces-copilot-chat-integration-0.41.2-universal/dist/extension.js:2762:2181)
	at /home/guan/code-server-me/.run/fullbuild-extensions/redhat.devspaces-copilot-chat-integration-0.41.2-universal/dist/extension.js:1127:2241
	at Array.forEach (<anonymous>)
	at Tft._logIt (/home/guan/code-server-me/.run/fullbuild-extensions/redhat.devspaces-copilot-chat-integration-0.41.2-universal/dist/extension.js:1127:2228)
	at Tft.info (/home/guan/code-server-me/.run/fullbuild-extensions/redhat.devspaces-copilot-chat-integration-0.41.2-universal/dist/extension.js:1127:2318)
	at t.info (/home/guan/code-server-me/.run/fullbuild-extensions/redhat.devspaces-copilot-chat-integration-0.41.2-universal/dist/extension.js:1127:2837)
	at lft._fn (/home/guan/code-server-me/.run/fullbuild-extensions/redhat.devspaces-copilot-chat-integration-0.41.2-universal/dist/extension.js:2201:43184)
	at lft.dispose (/home/guan/code-server-me/.run/fullbuild-extensions/redhat.devspaces-copilot-chat-integration-0.41.2-universal/dist/extension.js:22:582)
	at UC (/home/guan/code-server-me/.run/fullbuild-extensions/redhat.devspaces-copilot-chat-integration-0.41.2-universal/dist/extension.js:5:15256)
	at t.clear (/home/guan/code-server-me/.run/fullbuild-extensions/redhat.devspaces-copilot-chat-integration-0.41.2-universal/dist/extension.js:22:862)
	at t.dispose (/home/guan/code-server-me/.run/fullbuild-extensions/redhat.devspaces-copilot-chat-integration-0.41.2-universal/dist/extension.js:22:772)
	at KGe.dispose (/home/guan/code-server-me/.run/fullbuild-extensions/redhat.devspaces-copilot-chat-integration-0.41.2-universal/dist/extension.js:22:1660)
	at UC (/home/guan/code-server-me/.run/fullbuild-extensions/redhat.devspaces-copilot-chat-integration-0.41.2-universal/dist/extension.js:5:15256)
	at t.clear (/home/guan/code-server-me/.run/fullbuild-extensions/redhat.devspaces-copilot-chat-integration-0.41.2-universal/dist/extension.js:22:862)
	at t.dispose (/home/guan/code-server-me/.run/fullbuild-extensions/redhat.devspaces-copilot-chat-integration-0.41.2-universal/dist/extension.js:22:772)
	at hae.dispose (/home/guan/code-server-me/.run/fullbuild-extensions/redhat.devspaces-copilot-chat-integration-0.41.2-universal/dist/extension.js:22:1660)
	at UC (/home/guan/code-server-me/.run/fullbuild-extensions/redhat.devspaces-copilot-chat-integration-0.41.2-universal/dist/extension.js:5:15256)
	at t.clear (/home/guan/code-server-me/.run/fullbuild-extensions/redhat.devspaces-copilot-chat-integration-0.41.2-universal/dist/extension.js:22:862)
	at t.dispose (/home/guan/code-server-me/.run/fullbuild-extensions/redhat.devspaces-copilot-chat-integration-0.41.2-universal/dist/extension.js:22:772)
	at ase.dispose (/home/guan/code-server-me/.run/fullbuild-extensions/redhat.devspaces-copilot-chat-integration-0.41.2-universal/dist/extension.js:22:1660)
	at UC (/home/guan/code-server-me/.run/fullbuild-extensions/redhat.devspaces-copilot-chat-integration-0.41.2-universal/dist/extension.js:5:15256)
	at t.clear (/home/guan/code-server-me/.run/fullbuild-extensions/redhat.devspaces-copilot-chat-integration-0.41.2-universal/dist/extension.js:22:862)
	at t.dispose (/home/guan/code-server-me/.run/fullbuild-extensions/redhat.devspaces-copilot-chat-integration-0.41.2-universal/dist/extension.js:22:772)
	at A9.dispose (/home/guan/code-server-me/.run/fullbuild-extensions/redhat.devspaces-copilot-chat-integration-0.41.2-universal/dist/extension.js:22:1660)
	at dispose (file:///home/guan/code-server-me/release/lib/vscode/out/vs/workbench/api/node/extensionHostProcess.js:2420:13)
	at FunctionDisposable._fn (file:///home/guan/code-server-me/release/lib/vscode/out/vs/workbench/api/node/extensionHostProcess.js:54498:9)
	at FunctionDisposable.dispose (file:///home/guan/code-server-me/release/lib/vscode/out/vs/workbench/api/node/extensionHostProcess.js:2457:10)
	at ExtHostExtensionService._deactivate (file:///home/guan/code-server-me/release/lib/vscode/out/vs/workbench/api/node/extensionHostProcess.js:54349:28)
	at file:///home/guan/code-server-me/release/lib/vscode/out/vs/workbench/api/node/extensionHostProcess.js:54212:21
	at Array.map (<anonymous>)
	at ExtHostExtensionService._deactivateAll (file:///home/guan/code-server-me/release/lib/vscode/out/vs/workbench/api/node/extensionHostProcess.js:54211:41)
	at ExtHostExtensionService.terminate (file:///home/guan/code-server-me/release/lib/vscode/out/vs/workbench/api/node/extensionHostProcess.js:54231:40)
	at _ExtensionHostMain.terminate (file:///home/guan/code-server-me/release/lib/vscode/out/vs/workbench/api/node/extensionHostProcess.js:55172:28)
	at onTerminate (file:///home/guan/code-server-me/release/lib/vscode/out/vs/workbench/api/node/extensionHostProcess.js:111031:47)
	at Timeout._onTimeout (file:///home/guan/code-server-me/release/lib/vscode/out/vs/workbench/api/node/extensionHostProcess.js:110946:15)
	at listOnTimeout (node:internal/timers:585:17)
	at process.processTimers (node:internal/timers:521:7)
2026-04-27 09:45:10.639 [info] Extension host with pid 1051 exiting with code 0
