2026-04-25 16:55:56.984 [warning] Using default string since no string found in i18n bundle that has the key: remote branches
2026-04-25 16:55:56.984 [warning] Using default string since no string found in i18n bundle that has the key: Remote branch at {0}
2026-04-25 16:55:56.984 [warning] Using default string since no string found in i18n bundle that has the key: remote branches
2026-04-25 16:55:56.984 [warning] Using default string since no string found in i18n bundle that has the key: Remote branch at {0}
2026-04-25 16:55:56.984 [warning] Using default string since no string found in i18n bundle that has the key: remote branches
2026-04-25 16:55:56.984 [warning] Using default string since no string found in i18n bundle that has the key: Remote branch at {0}
2026-04-25 16:55:56.984 [warning] Using default string since no string found in i18n bundle that has the key: remote branches
2026-04-25 16:55:56.984 [warning] Using default string since no string found in i18n bundle that has the key: Remote branch at {0}
2026-04-25 16:55:56.984 [warning] Using default string since no string found in i18n bundle that has the key: remote branches
2026-04-25 16:55:56.984 [warning] Using default string since no string found in i18n bundle that has the key: Remote branch at {0}
2026-04-25 16:55:56.984 [warning] Using default string since no string found in i18n bundle that has the key: remote branches
2026-04-25 16:55:56.984 [warning] Using default string since no string found in i18n bundle that has the key: Remote branch at {0}
2026-04-25 16:55:56.984 [warning] Using default string since no string found in i18n bundle that has the key: remote branches
2026-04-25 16:55:56.984 [warning] Using default string since no string found in i18n bundle that has the key: Remote branch at {0}
2026-04-25 16:55:56.984 [warning] Using default string since no string found in i18n bundle that has the key: remote branches
2026-04-25 16:55:56.984 [warning] Using default string since no string found in i18n bundle that has the key: Remote branch at {0}
2026-04-25 16:55:56.984 [warning] Using default string since no string found in i18n bundle that has the key: remote branches
2026-04-25 16:55:56.985 [warning] Using default string since no string found in i18n bundle that has the key: Remote branch at {0}
2026-04-25 16:55:56.985 [warning] Using default string since no string found in i18n bundle that has the key: remote branches
2026-04-25 16:55:56.985 [warning] Using default string since no string found in i18n bundle that has the key: Remote branch at {0}
2026-04-25 16:55:56.985 [warning] Using default string since no string found in i18n bundle that has the key: remote branches
2026-04-25 16:55:56.985 [warning] Using default string since no string found in i18n bundle that has the key: Remote branch at {0}
2026-04-25 16:55:56.985 [warning] Using default string since no string found in i18n bundle that has the key: remote branches
2026-04-25 16:55:56.985 [warning] Using default string since no string found in i18n bundle that has the key: Remote branch at {0}
2026-04-25 16:55:56.985 [warning] Using default string since no string found in i18n bundle that has the key: remote branches
2026-04-25 16:55:56.985 [warning] Using default string since no string found in i18n bundle that has the key: Remote branch at {0}
2026-04-25 16:55:56.985 [warning] Using default string since no string found in i18n bundle that has the key: remote branches
2026-04-25 16:55:56.985 [warning] Using default string since no string found in i18n bundle that has the key: Remote branch at {0}
2026-04-25 16:55:56.985 [warning] Using default string since no string found in i18n bundle that has the key: remote branches
2026-04-25 16:55:56.985 [warning] Using default string since no string found in i18n bundle that has the key: Remote branch at {0}
2026-04-25 16:55:56.985 [warning] Using default string since no string found in i18n bundle that has the key: remote branches
2026-04-25 16:55:56.985 [warning] Using default string since no string found in i18n bundle that has the key: Remote branch at {0}
2026-04-25 16:55:56.985 [warning] Using default string since no string found in i18n bundle that has the key: remote branches
2026-04-25 16:55:56.985 [warning] Using default string since no string found in i18n bundle that has the key: Tag at {0}
2026-04-25 16:55:56.985 [warning] Using default string since no string found in i18n bundle that has the key: tags
2026-04-25 16:55:56.985 [warning] Using default string since no string found in i18n bundle that has the key: Remote branch at {0}
2026-04-25 16:55:56.985 [warning] Using default string since no string found in i18n bundle that has the key: remote branches
2026-04-25 16:55:56.985 [warning] Using default string since no string found in i18n bundle that has the key: Remote branch at {0}
2026-04-25 16:55:56.985 [warning] Using default string since no string found in i18n bundle that has the key: remote branches
2026-04-25 16:55:56.985 [warning] Using default string since no string found in i18n bundle that has the key: Tag at {0}
2026-04-25 16:55:56.985 [warning] Using default string since no string found in i18n bundle that has the key: tags
2026-04-25 16:55:56.985 [warning] Using default string since no string found in i18n bundle that has the key: Remote branch at {0}
2026-04-25 16:55:56.985 [warning] Using default string since no string found in i18n bundle that has the key: remote branches
2026-04-25 16:55:56.985 [warning] Using default string since no string found in i18n bundle that has the key: Remote branch at {0}
2026-04-25 16:55:56.985 [warning] Using default string since no string found in i18n bundle that has the key: remote branches
2026-04-25 16:55:56.985 [warning] Using default string since no string found in i18n bundle that has the key: Tag at {0}
2026-04-25 16:55:56.985 [warning] Using default string since no string found in i18n bundle that has the key: tags
2026-04-25 16:55:56.985 [warning] Using default string since no string found in i18n bundle that has the key: Remote branch at {0}
2026-04-25 16:55:56.985 [warning] Using default string since no string found in i18n bundle that has the key: remote branches
2026-04-25 16:55:56.985 [warning] Using default string since no string found in i18n bundle that has the key: Remote branch at {0}
2026-04-25 16:55:56.985 [warning] Using default string since no string found in i18n bundle that has the key: remote branches
2026-04-25 16:55:56.985 [warning] Using default string since no string found in i18n bundle that has the key: Remote branch at {0}
2026-04-25 16:55:56.985 [warning] Using default string since no string found in i18n bundle that has the key: remote branches
2026-04-25 16:55:56.985 [warning] Using default string since no string found in i18n bundle that has the key: Remote branch at {0}
2026-04-25 16:55:56.985 [warning] Using default string since no string found in i18n bundle that has the key: remote branches
2026-04-25 16:55:56.985 [warning] Using default string since no string found in i18n bundle that has the key: Remote branch at {0}
2026-04-25 16:55:56.985 [warning] Using default string since no string found in i18n bundle that has the key: remote branches
2026-04-25 16:55:56.985 [warning] Using default string since no string found in i18n bundle that has the key: Remote branch at {0}
2026-04-25 16:55:56.985 [warning] Using default string since no string found in i18n bundle that has the key: remote branches
2026-04-25 16:55:56.985 [warning] Using default string since no string found in i18n bundle that has the key: Remote branch at {0}
2026-04-25 16:55:56.985 [warning] Using default string since no string found in i18n bundle that has the key: remote branches
2026-04-25 16:55:56.985 [warning] Using default string since no string found in i18n bundle that has the key: Remote branch at {0}
2026-04-25 16:55:56.985 [warning] Using default string since no string found in i18n bundle that has the key: remote branches
2026-04-25 16:55:56.985 [warning] Using default string since no string found in i18n bundle that has the key: Remote branch at {0}
2026-04-25 16:55:56.985 [warning] Using default string since no string found in i18n bundle that has the key: remote branches
2026-04-25 16:55:56.985 [warning] Using default string since no string found in i18n bundle that has the key: Remote branch at {0}
2026-04-25 16:55:56.985 [warning] Using default string since no string found in i18n bundle that has the key: remote branches
2026-04-25 16:55:56.985 [warning] Using default string since no string found in i18n bundle that has the key: Remote branch at {0}
2026-04-25 16:55:56.985 [warning] Using default string since no string found in i18n bundle that has the key: remote branches
2026-04-25 16:55:56.985 [warning] Using default string since no string found in i18n bundle that has the key: Remote branch at {0}
2026-04-25 16:55:56.985 [warning] Using default string since no string found in i18n bundle that has the key: remote branches
2026-04-25 16:55:56.985 [warning] Using default string since no string found in i18n bundle that has the key: Remote branch at {0}
2026-04-25 16:55:56.985 [warning] Using default string since no string found in i18n bundle that has the key: remote branches
2026-04-25 16:55:56.985 [warning] Using default string since no string found in i18n bundle that has the key: Remote branch at {0}
2026-04-25 16:55:56.985 [warning] Using default string since no string found in i18n bundle that has the key: remote branches
2026-04-25 16:55:56.985 [warning] Using default string since no string found in i18n bundle that has the key: Remote branch at {0}
2026-04-25 16:55:56.985 [warning] Using default string since no string found in i18n bundle that has the key: remote branches
2026-04-25 16:55:56.985 [warning] Using default string since no string found in i18n bundle that has the key: Remote branch at {0}
2026-04-25 16:55:56.985 [warning] Using default string since no string found in i18n bundle that has the key: remote branches
2026-04-25 16:55:56.985 [warning] Using default string since no string found in i18n bundle that has the key: Remote branch at {0}
2026-04-25 16:55:56.985 [warning] Using default string since no string found in i18n bundle that has the key: remote branches
2026-04-25 16:55:56.985 [warning] Using default string since no string found in i18n bundle that has the key: Tag at {0}
2026-04-25 16:55:56.985 [warning] Using default string since no string found in i18n bundle that has the key: tags
2026-04-25 16:55:56.985 [warning] Using default string since no string found in i18n bundle that has the key: Tag at {0}
2026-04-25 16:55:56.985 [warning] Using default string since no string found in i18n bundle that has the key: tags
2026-04-25 16:55:56.985 [warning] Using default string since no string found in i18n bundle that has the key: Remote branch at {0}
2026-04-25 16:55:56.985 [warning] Using default string since no string found in i18n bundle that has the key: remote branches
2026-04-25 16:55:56.985 [warning] Using default string since no string found in i18n bundle that has the key: Remote branch at {0}
2026-04-25 16:55:56.985 [warning] Using default string since no string found in i18n bundle that has the key: remote branches
2026-04-25 16:55:56.985 [warning] Using default string since no string found in i18n bundle that has the key: Remote branch at {0}
2026-04-25 16:55:56.985 [warning] Using default string since no string found in i18n bundle that has the key: remote branches
2026-04-25 16:55:56.985 [warning] Using default string since no string found in i18n bundle that has the key: Remote branch at {0}
2026-04-25 16:55:56.985 [warning] Using default string since no string found in i18n bundle that has the key: remote branches
2026-04-25 16:55:56.985 [warning] Using default string since no string found in i18n bundle that has the key: Remote branch at {0}
2026-04-25 16:55:56.985 [warning] Using default string since no string found in i18n bundle that has the key: remote branches
2026-04-25 16:55:56.985 [warning] Using default string since no string found in i18n bundle that has the key: Tag at {0}
2026-04-25 16:55:56.985 [warning] Using default string since no string found in i18n bundle that has the key: tags
2026-04-25 16:55:56.985 [warning] Using default string since no string found in i18n bundle that has the key: Remote branch at {0}
2026-04-25 16:55:56.985 [warning] Using default string since no string found in i18n bundle that has the key: remote branches
2026-04-25 16:55:56.985 [warning] Using default string since no string found in i18n bundle that has the key: Remote branch at {0}
2026-04-25 16:55:56.985 [warning] Using default string since no string found in i18n bundle that has the key: remote branches
2026-04-25 16:55:56.985 [warning] Using default string since no string found in i18n bundle that has the key: Remote branch at {0}
2026-04-25 16:55:56.985 [warning] Using default string since no string found in i18n bundle that has the key: remote branches
2026-04-25 16:55:56.985 [warning] Using default string since no string found in i18n bundle that has the key: Remote branch at {0}
2026-04-25 16:55:56.985 [warning] Using default string since no string found in i18n bundle that has the key: remote branches
2026-04-25 16:55:56.985 [warning] Using default string since no string found in i18n bundle that has the key: Remote branch at {0}
2026-04-25 16:55:56.985 [warning] Using default string since no string found in i18n bundle that has the key: remote branches
2026-04-25 16:55:56.985 [warning] Using default string since no string found in i18n bundle that has the key: Remote branch at {0}
2026-04-25 16:55:56.985 [warning] Using default string since no string found in i18n bundle that has the key: remote branches
2026-04-25 16:55:56.985 [warning] Using default string since no string found in i18n bundle that has the key: Tag at {0}
2026-04-25 16:55:56.985 [warning] Using default string since no string found in i18n bundle that has the key: tags
2026-04-25 16:55:56.985 [warning] Using default string since no string found in i18n bundle that has the key: Remote branch at {0}
2026-04-25 16:55:56.985 [warning] Using default string since no string found in i18n bundle that has the key: remote branches
2026-04-25 16:55:56.985 [warning] Using default string since no string found in i18n bundle that has the key: Remote branch at {0}
2026-04-25 16:55:56.985 [warning] Using default string since no string found in i18n bundle that has the key: remote branches
2026-04-25 16:55:56.985 [warning] Using default string since no string found in i18n bundle that has the key: Tag at {0}
2026-04-25 16:55:56.985 [warning] Using default string since no string found in i18n bundle that has the key: tags
2026-04-25 16:55:56.985 [warning] Using default string since no string found in i18n bundle that has the key: Remote branch at {0}
2026-04-25 16:55:56.985 [warning] Using default string since no string found in i18n bundle that has the key: remote branches
2026-04-25 16:55:56.985 [warning] Using default string since no string found in i18n bundle that has the key: Remote branch at {0}
2026-04-25 16:55:56.985 [warning] Using default string since no string found in i18n bundle that has the key: remote branches
2026-04-25 16:55:56.985 [warning] Using default string since no string found in i18n bundle that has the key: Remote branch at {0}
2026-04-25 16:55:56.985 [warning] Using default string since no string found in i18n bundle that has the key: remote branches
2026-04-25 16:55:56.985 [warning] Using default string since no string found in i18n bundle that has the key: Remote branch at {0}
2026-04-25 16:55:56.985 [warning] Using default string since no string found in i18n bundle that has the key: remote branches
2026-04-25 16:55:56.985 [warning] Using default string since no string found in i18n bundle that has the key: Tag at {0}
2026-04-25 16:55:56.985 [warning] Using default string since no string found in i18n bundle that has the key: tags
2026-04-25 16:55:56.985 [warning] Using default string since no string found in i18n bundle that has the key: Remote branch at {0}
2026-04-25 16:55:56.985 [warning] Using default string since no string found in i18n bundle that has the key: remote branches
2026-04-25 16:55:56.985 [warning] Using default string since no string found in i18n bundle that has the key: Remote branch at {0}
2026-04-25 16:55:56.985 [warning] Using default string since no string found in i18n bundle that has the key: remote branches
2026-04-25 16:55:56.985 [warning] Using default string since no string found in i18n bundle that has the key: Remote branch at {0}
2026-04-25 16:55:56.985 [warning] Using default string since no string found in i18n bundle that has the key: remote branches
2026-04-25 16:55:56.985 [warning] Using default string since no string found in i18n bundle that has the key: Remote branch at {0}
2026-04-25 16:55:56.985 [warning] Using default string since no string found in i18n bundle that has the key: remote branches
2026-04-25 16:55:56.985 [warning] Using default string since no string found in i18n bundle that has the key: Remote branch at {0}
2026-04-25 16:55:56.985 [warning] Using default string since no string found in i18n bundle that has the key: remote branches
2026-04-25 16:55:56.985 [warning] Using default string since no string found in i18n bundle that has the key: Remote branch at {0}
2026-04-25 16:55:56.985 [warning] Using default string since no string found in i18n bundle that has the key: remote branches
2026-04-25 16:55:56.985 [warning] Using default string since no string found in i18n bundle that has the key: Remote branch at {0}
2026-04-25 16:55:56.985 [warning] Using default string since no string found in i18n bundle that has the key: remote branches
2026-04-25 16:55:56.985 [warning] Using default string since no string found in i18n bundle that has the key: Tag at {0}
2026-04-25 16:55:56.985 [warning] Using default string since no string found in i18n bundle that has the key: tags
2026-04-25 16:55:56.985 [warning] Using default string since no string found in i18n bundle that has the key: Remote branch at {0}
2026-04-25 16:55:56.985 [warning] Using default string since no string found in i18n bundle that has the key: remote branches
2026-04-25 16:55:56.985 [warning] Using default string since no string found in i18n bundle that has the key: Remote branch at {0}
2026-04-25 16:55:56.985 [warning] Using default string since no string found in i18n bundle that has the key: remote branches
2026-04-25 16:55:56.985 [warning] Using default string since no string found in i18n bundle that has the key: Remote branch at {0}
2026-04-25 16:55:56.985 [warning] Using default string since no string found in i18n bundle that has the key: remote branches
2026-04-25 16:55:56.985 [warning] Using default string since no string found in i18n bundle that has the key: Remote branch at {0}
2026-04-25 16:55:56.985 [warning] Using default string since no string found in i18n bundle that has the key: remote branches
2026-04-25 16:55:56.985 [warning] Using default string since no string found in i18n bundle that has the key: Remote branch at {0}
2026-04-25 16:55:56.985 [warning] Using default string since no string found in i18n bundle that has the key: remote branches
2026-04-25 16:55:56.985 [warning] Using default string since no string found in i18n bundle that has the key: Tag at {0}
2026-04-25 16:55:56.985 [warning] Using default string since no string found in i18n bundle that has the key: tags
2026-04-25 16:55:56.985 [warning] Using default string since no string found in i18n bundle that has the key: Tag at {0}
2026-04-25 16:55:56.985 [warning] Using default string since no string found in i18n bundle that has the key: tags
2026-04-25 16:55:56.985 [warning] Using default string since no string found in i18n bundle that has the key: Remote branch at {0}
2026-04-25 16:55:56.985 [warning] Using default string since no string found in i18n bundle that has the key: remote branches
2026-04-25 16:55:56.985 [warning] Using default string since no string found in i18n bundle that has the key: Remote branch at {0}
2026-04-25 16:55:56.985 [warning] Using default string since no string found in i18n bundle that has the key: remote branches
2026-04-25 16:55:56.985 [warning] Using default string since no string found in i18n bundle that has the key: Remote branch at {0}
2026-04-25 16:55:56.985 [warning] Using default string since no string found in i18n bundle that has the key: remote branches
2026-04-25 16:55:56.985 [warning] Using default string since no string found in i18n bundle that has the key: Remote branch at {0}
2026-04-25 16:55:56.985 [warning] Using default string since no string found in i18n bundle that has the key: remote branches
2026-04-25 16:55:56.985 [warning] Using default string since no string found in i18n bundle that has the key: Remote branch at {0}
2026-04-25 16:55:56.985 [warning] Using default string since no string found in i18n bundle that has the key: remote branches
2026-04-25 16:55:56.985 [warning] Using default string since no string found in i18n bundle that has the key: Remote branch at {0}
2026-04-25 16:55:56.985 [warning] Using default string since no string found in i18n bundle that has the key: remote branches
2026-04-25 16:55:56.985 [warning] Using default string since no string found in i18n bundle that has the key: Remote branch at {0}
2026-04-25 16:55:56.985 [warning] Using default string since no string found in i18n bundle that has the key: remote branches
2026-04-25 16:55:56.985 [warning] Using default string since no string found in i18n bundle that has the key: Remote branch at {0}
2026-04-25 16:55:56.985 [warning] Using default string since no string found in i18n bundle that has the key: remote branches
2026-04-25 16:55:56.985 [warning] Using default string since no string found in i18n bundle that has the key: Tag at {0}
2026-04-25 16:55:56.985 [warning] Using default string since no string found in i18n bundle that has the key: tags
2026-04-25 16:55:56.985 [warning] Using default string since no string found in i18n bundle that has the key: Remote branch at {0}
2026-04-25 16:55:56.985 [warning] Using default string since no string found in i18n bundle that has the key: remote branches
2026-04-25 16:55:56.985 [warning] Using default string since no string found in i18n bundle that has the key: Remote branch at {0}
2026-04-25 16:55:56.985 [warning] Using default string since no string found in i18n bundle that has the key: remote branches
2026-04-25 16:55:56.985 [warning] Using default string since no string found in i18n bundle that has the key: Remote branch at {0}
2026-04-25 16:55:56.985 [warning] Using default string since no string found in i18n bundle that has the key: remote branches
2026-04-25 16:55:56.985 [warning] Using default string since no string found in i18n bundle that has the key: Remote branch at {0}
2026-04-25 16:55:56.985 [warning] Using default string since no string found in i18n bundle that has the key: remote branches
2026-04-25 16:55:56.985 [warning] Using default string since no string found in i18n bundle that has the key: Remote branch at {0}
2026-04-25 16:55:56.985 [warning] Using default string since no string found in i18n bundle that has the key: remote branches
2026-04-25 16:55:56.985 [warning] Using default string since no string found in i18n bundle that has the key: Tag at {0}
2026-04-25 16:55:56.985 [warning] Using default string since no string found in i18n bundle that has the key: tags
2026-04-25 16:55:56.985 [warning] Using default string since no string found in i18n bundle that has the key: Remote branch at {0}
2026-04-25 16:55:56.985 [warning] Using default string since no string found in i18n bundle that has the key: remote branches
2026-04-25 16:55:56.985 [warning] Using default string since no string found in i18n bundle that has the key: Remote branch at {0}
2026-04-25 16:55:56.985 [warning] Using default string since no string found in i18n bundle that has the key: remote branches
2026-04-25 16:55:56.985 [warning] Using default string since no string found in i18n bundle that has the key: Remote branch at {0}
2026-04-25 16:55:56.985 [warning] Using default string since no string found in i18n bundle that has the key: remote branches
2026-04-25 16:55:56.985 [warning] Using default string since no string found in i18n bundle that has the key: Remote branch at {0}
2026-04-25 16:55:56.985 [warning] Using default string since no string found in i18n bundle that has the key: remote branches
2026-04-25 16:55:56.985 [warning] Using default string since no string found in i18n bundle that has the key: Remote branch at {0}
2026-04-25 16:55:56.985 [warning] Using default string since no string found in i18n bundle that has the key: remote branches
2026-04-25 16:55:56.985 [warning] Using default string since no string found in i18n bundle that has the key: Remote branch at {0}
2026-04-25 16:55:56.985 [warning] Using default string since no string found in i18n bundle that has the key: remote branches
2026-04-25 16:55:56.985 [warning] Using default string since no string found in i18n bundle that has the key: Tag at {0}
2026-04-25 16:55:56.985 [warning] Using default string since no string found in i18n bundle that has the key: tags
2026-04-25 16:55:56.985 [warning] Using default string since no string found in i18n bundle that has the key: Remote branch at {0}
2026-04-25 16:55:56.985 [warning] Using default string since no string found in i18n bundle that has the key: remote branches
2026-04-25 16:55:56.985 [warning] Using default string since no string found in i18n bundle that has the key: Remote branch at {0}
2026-04-25 16:55:56.985 [warning] Using default string since no string found in i18n bundle that has the key: remote branches
2026-04-25 16:55:56.985 [warning] Using default string since no string found in i18n bundle that has the key: Remote branch at {0}
2026-04-25 16:55:56.985 [warning] Using default string since no string found in i18n bundle that has the key: remote branches
2026-04-25 16:55:56.985 [warning] Using default string since no string found in i18n bundle that has the key: Remote branch at {0}
2026-04-25 16:55:56.985 [warning] Using default string since no string found in i18n bundle that has the key: remote branches
2026-04-25 16:55:56.985 [warning] Using default string since no string found in i18n bundle that has the key: Remote branch at {0}
2026-04-25 16:55:56.985 [warning] Using default string since no string found in i18n bundle that has the key: remote branches
2026-04-25 16:55:56.985 [warning] Using default string since no string found in i18n bundle that has the key: Tag at {0}
2026-04-25 16:55:56.985 [warning] Using default string since no string found in i18n bundle that has the key: tags
2026-04-25 16:55:56.985 [warning] Using default string since no string found in i18n bundle that has the key: Remote branch at {0}
2026-04-25 16:55:56.985 [warning] Using default string since no string found in i18n bundle that has the key: remote branches
2026-04-25 16:55:56.985 [warning] Using default string since no string found in i18n bundle that has the key: Tag at {0}
2026-04-25 16:55:56.985 [warning] Using default string since no string found in i18n bundle that has the key: tags
2026-04-25 16:55:56.985 [warning] Using default string since no string found in i18n bundle that has the key: Remote branch at {0}
2026-04-25 16:55:56.985 [warning] Using default string since no string found in i18n bundle that has the key: remote branches
2026-04-25 16:55:56.985 [warning] Using default string since no string found in i18n bundle that has the key: Remote branch at {0}
2026-04-25 16:55:56.985 [warning] Using default string since no string found in i18n bundle that has the key: remote branches
2026-04-25 16:55:56.985 [warning] Using default string since no string found in i18n bundle that has the key: Remote branch at {0}
2026-04-25 16:55:56.985 [warning] Using default string since no string found in i18n bundle that has the key: remote branches
2026-04-25 16:55:56.985 [warning] Using default string since no string found in i18n bundle that has the key: Remote branch at {0}
2026-04-25 16:55:56.985 [warning] Using default string since no string found in i18n bundle that has the key: remote branches
2026-04-25 16:55:56.985 [warning] Using default string since no string found in i18n bundle that has the key: Tag at {0}
2026-04-25 16:55:56.985 [warning] Using default string since no string found in i18n bundle that has the key: tags
2026-04-25 16:55:56.985 [warning] Using default string since no string found in i18n bundle that has the key: Remote branch at {0}
2026-04-25 16:55:56.985 [warning] Using default string since no string found in i18n bundle that has the key: remote branches
2026-04-25 16:55:56.985 [warning] Using default string since no string found in i18n bundle that has the key: Remote branch at {0}
2026-04-25 16:55:56.985 [warning] Using default string since no string found in i18n bundle that has the key: remote branches
2026-04-25 16:55:56.985 [warning] Using default string since no string found in i18n bundle that has the key: Remote branch at {0}
2026-04-25 16:55:56.985 [warning] Using default string since no string found in i18n bundle that has the key: remote branches
2026-04-25 16:55:56.985 [warning] Using default string since no string found in i18n bundle that has the key: Tag at {0}
2026-04-25 16:55:56.985 [warning] Using default string since no string found in i18n bundle that has the key: tags
2026-04-25 16:55:56.985 [warning] Using default string since no string found in i18n bundle that has the key: Remote branch at {0}
2026-04-25 16:55:56.985 [warning] Using default string since no string found in i18n bundle that has the key: remote branches
2026-04-25 16:55:56.985 [warning] Using default string since no string found in i18n bundle that has the key: Remote branch at {0}
2026-04-25 16:55:56.985 [warning] Using default string since no string found in i18n bundle that has the key: remote branches
2026-04-25 16:55:56.985 [warning] Using default string since no string found in i18n bundle that has the key: Remote branch at {0}
2026-04-25 16:55:56.985 [warning] Using default string since no string found in i18n bundle that has the key: remote branches
2026-04-25 16:55:56.985 [warning] Using default string since no string found in i18n bundle that has the key: Remote branch at {0}
2026-04-25 16:55:56.985 [warning] Using default string since no string found in i18n bundle that has the key: remote branches
2026-04-25 16:55:56.985 [warning] Using default string since no string found in i18n bundle that has the key: Remote branch at {0}
2026-04-25 16:55:56.985 [warning] Using default string since no string found in i18n bundle that has the key: remote branches
2026-04-25 16:55:56.985 [warning] Using default string since no string found in i18n bundle that has the key: Remote branch at {0}
2026-04-25 16:55:56.985 [warning] Using default string since no string found in i18n bundle that has the key: remote branches
2026-04-25 16:55:56.985 [warning] Using default string since no string found in i18n bundle that has the key: Remote branch at {0}
2026-04-25 16:55:56.985 [warning] Using default string since no string found in i18n bundle that has the key: remote branches
2026-04-25 16:55:56.985 [warning] Using default string since no string found in i18n bundle that has the key: Tag at {0}
2026-04-25 16:55:56.985 [warning] Using default string since no string found in i18n bundle that has the key: tags
2026-04-25 16:55:56.985 [warning] Using default string since no string found in i18n bundle that has the key: Remote branch at {0}
2026-04-25 16:55:56.985 [warning] Using default string since no string found in i18n bundle that has the key: remote branches
2026-04-25 16:55:56.985 [warning] Using default string since no string found in i18n bundle that has the key: Remote branch at {0}
2026-04-25 16:55:56.985 [warning] Using default string since no string found in i18n bundle that has the key: remote branches
2026-04-25 16:55:56.985 [warning] Using default string since no string found in i18n bundle that has the key: Remote branch at {0}
2026-04-25 16:55:56.985 [warning] Using default string since no string found in i18n bundle that has the key: remote branches
2026-04-25 16:55:56.985 [warning] Using default string since no string found in i18n bundle that has the key: Tag at {0}
2026-04-25 16:55:56.985 [warning] Using default string since no string found in i18n bundle that has the key: tags
2026-04-25 16:55:56.985 [warning] Using default string since no string found in i18n bundle that has the key: Remote branch at {0}
2026-04-25 16:55:56.985 [warning] Using default string since no string found in i18n bundle that has the key: remote branches
2026-04-25 16:55:56.985 [warning] Using default string since no string found in i18n bundle that has the key: Tag at {0}
2026-04-25 16:55:56.985 [warning] Using default string since no string found in i18n bundle that has the key: tags
2026-04-25 16:55:56.985 [warning] Using default string since no string found in i18n bundle that has the key: Remote branch at {0}
2026-04-25 16:55:56.985 [warning] Using default string since no string found in i18n bundle that has the key: remote branches
2026-04-25 16:55:56.985 [warning] Using default string since no string found in i18n bundle that has the key: Remote branch at {0}
2026-04-25 16:55:56.985 [warning] Using default string since no string found in i18n bundle that has the key: remote branches
2026-04-25 16:55:56.985 [warning] Using default string since no string found in i18n bundle that has the key: Remote branch at {0}
2026-04-25 16:55:56.985 [warning] Using default string since no string found in i18n bundle that has the key: remote branches
2026-04-25 16:55:56.985 [warning] Using default string since no string found in i18n bundle that has the key: Remote branch at {0}
2026-04-25 16:55:56.986 [warning] Using default string since no string found in i18n bundle that has the key: remote branches
2026-04-25 16:55:56.986 [warning] Using default string since no string found in i18n bundle that has the key: Remote branch at {0}
2026-04-25 16:55:56.986 [warning] Using default string since no string found in i18n bundle that has the key: remote branches
2026-04-25 16:55:56.986 [warning] Using default string since no string found in i18n bundle that has the key: Remote branch at {0}
2026-04-25 16:55:56.986 [warning] Using default string since no string found in i18n bundle that has the key: remote branches
2026-04-25 16:55:56.986 [warning] Using default string since no string found in i18n bundle that has the key: Tag at {0}
2026-04-25 16:55:56.986 [warning] Using default string since no string found in i18n bundle that has the key: tags
2026-04-25 16:55:56.986 [warning] Using default string since no string found in i18n bundle that has the key: Tag at {0}
2026-04-25 16:55:56.986 [warning] Using default string since no string found in i18n bundle that has the key: tags
2026-04-25 16:55:56.986 [warning] Using default string since no string found in i18n bundle that has the key: Remote branch at {0}
2026-04-25 16:55:56.986 [warning] Using default string since no string found in i18n bundle that has the key: remote branches
2026-04-25 16:55:56.986 [warning] Using default string since no string found in i18n bundle that has the key: Remote branch at {0}
2026-04-25 16:55:56.986 [warning] Using default string since no string found in i18n bundle that has the key: remote branches
2026-04-25 16:55:56.986 [warning] Using default string since no string found in i18n bundle that has the key: Tag at {0}
2026-04-25 16:55:56.986 [warning] Using default string since no string found in i18n bundle that has the key: tags
2026-04-25 16:55:56.986 [warning] Using default string since no string found in i18n bundle that has the key: Remote branch at {0}
2026-04-25 16:55:56.986 [warning] Using default string since no string found in i18n bundle that has the key: remote branches
2026-04-25 16:55:56.986 [warning] Using default string since no string found in i18n bundle that has the key: Remote branch at {0}
2026-04-25 16:55:56.986 [warning] Using default string since no string found in i18n bundle that has the key: remote branches
2026-04-25 16:55:56.986 [warning] Using default string since no string found in i18n bundle that has the key: Remote branch at {0}
2026-04-25 16:55:56.986 [warning] Using default string since no string found in i18n bundle that has the key: remote branches
2026-04-25 16:55:56.986 [warning] Using default string since no string found in i18n bundle that has the key: Remote branch at {0}
2026-04-25 16:55:56.986 [warning] Using default string since no string found in i18n bundle that has the key: remote branches
2026-04-25 16:55:56.986 [warning] Using default string since no string found in i18n bundle that has the key: Remote branch at {0}
2026-04-25 16:55:56.986 [warning] Using default string since no string found in i18n bundle that has the key: remote branches
2026-04-25 16:55:56.986 [warning] Using default string since no string found in i18n bundle that has the key: Remote branch at {0}
2026-04-25 16:55:56.986 [warning] Using default string since no string found in i18n bundle that has the key: remote branches
2026-04-25 16:55:56.986 [warning] Using default string since no string found in i18n bundle that has the key: Remote branch at {0}
2026-04-25 16:55:56.986 [warning] Using default string since no string found in i18n bundle that has the key: remote branches
2026-04-25 16:55:56.986 [warning] Using default string since no string found in i18n bundle that has the key: Remote branch at {0}
2026-04-25 16:55:56.986 [warning] Using default string since no string found in i18n bundle that has the key: remote branches
2026-04-25 16:55:56.986 [warning] Using default string since no string found in i18n bundle that has the key: Remote branch at {0}
2026-04-25 16:55:56.986 [warning] Using default string since no string found in i18n bundle that has the key: remote branches
2026-04-25 16:55:56.986 [warning] Using default string since no string found in i18n bundle that has the key: Tag at {0}
2026-04-25 16:55:56.986 [warning] Using default string since no string found in i18n bundle that has the key: tags
2026-04-25 16:55:56.986 [warning] Using default string since no string found in i18n bundle that has the key: Remote branch at {0}
2026-04-25 16:55:56.986 [warning] Using default string since no string found in i18n bundle that has the key: remote branches
2026-04-25 16:55:56.986 [warning] Using default string since no string found in i18n bundle that has the key: Tag at {0}
2026-04-25 16:55:56.986 [warning] Using default string since no string found in i18n bundle that has the key: tags
2026-04-25 16:55:56.986 [warning] Using default string since no string found in i18n bundle that has the key: Remote branch at {0}
2026-04-25 16:55:56.986 [warning] Using default string since no string found in i18n bundle that has the key: remote branches
2026-04-25 16:55:56.986 [warning] Using default string since no string found in i18n bundle that has the key: Remote branch at {0}
2026-04-25 16:55:56.986 [warning] Using default string since no string found in i18n bundle that has the key: remote branches
2026-04-25 16:55:56.986 [warning] Using default string since no string found in i18n bundle that has the key: Remote branch at {0}
2026-04-25 16:55:56.986 [warning] Using default string since no string found in i18n bundle that has the key: remote branches
2026-04-25 16:55:56.986 [warning] Using default string since no string found in i18n bundle that has the key: Remote branch at {0}
2026-04-25 16:55:56.986 [warning] Using default string since no string found in i18n bundle that has the key: remote branches
2026-04-25 16:55:56.986 [warning] Using default string since no string found in i18n bundle that has the key: Remote branch at {0}
2026-04-25 16:55:56.986 [warning] Using default string since no string found in i18n bundle that has the key: remote branches
2026-04-25 16:55:56.986 [warning] Using default string since no string found in i18n bundle that has the key: Remote branch at {0}
2026-04-25 16:55:56.986 [warning] Using default string since no string found in i18n bundle that has the key: remote branches
2026-04-25 16:55:56.986 [warning] Using default string since no string found in i18n bundle that has the key: Remote branch at {0}
2026-04-25 16:55:56.986 [warning] Using default string since no string found in i18n bundle that has the key: remote branches
2026-04-25 16:55:56.986 [warning] Using default string since no string found in i18n bundle that has the key: Remote branch at {0}
2026-04-25 16:55:56.986 [warning] Using default string since no string found in i18n bundle that has the key: remote branches
2026-04-25 16:55:56.986 [warning] Using default string since no string found in i18n bundle that has the key: Remote branch at {0}
2026-04-25 16:55:56.986 [warning] Using default string since no string found in i18n bundle that has the key: remote branches
2026-04-25 16:55:56.986 [warning] Using default string since no string found in i18n bundle that has the key: Remote branch at {0}
2026-04-25 16:55:56.986 [warning] Using default string since no string found in i18n bundle that has the key: remote branches
2026-04-25 16:55:56.986 [warning] Using default string since no string found in i18n bundle that has the key: Remote branch at {0}
2026-04-25 16:55:56.986 [warning] Using default string since no string found in i18n bundle that has the key: remote branches
2026-04-25 16:55:56.986 [warning] Using default string since no string found in i18n bundle that has the key: Tag at {0}
2026-04-25 16:55:56.986 [warning] Using default string since no string found in i18n bundle that has the key: tags
2026-04-25 16:55:56.986 [warning] Using default string since no string found in i18n bundle that has the key: Remote branch at {0}
2026-04-25 16:55:56.986 [warning] Using default string since no string found in i18n bundle that has the key: remote branches
2026-04-25 16:55:56.986 [warning] Using default string since no string found in i18n bundle that has the key: Remote branch at {0}
2026-04-25 16:55:56.986 [warning] Using default string since no string found in i18n bundle that has the key: remote branches
2026-04-25 16:55:56.986 [warning] Using default string since no string found in i18n bundle that has the key: Remote branch at {0}
2026-04-25 16:55:56.986 [warning] Using default string since no string found in i18n bundle that has the key: remote branches
2026-04-25 16:55:56.986 [warning] Using default string since no string found in i18n bundle that has the key: Remote branch at {0}
2026-04-25 16:55:56.986 [warning] Using default string since no string found in i18n bundle that has the key: remote branches
2026-04-25 16:55:56.986 [warning] Using default string since no string found in i18n bundle that has the key: Remote branch at {0}
2026-04-25 16:55:56.986 [warning] Using default string since no string found in i18n bundle that has the key: remote branches
2026-04-25 16:55:56.986 [warning] Using default string since no string found in i18n bundle that has the key: Remote branch at {0}
2026-04-25 16:55:56.986 [warning] Using default string since no string found in i18n bundle that has the key: remote branches
2026-04-25 16:55:56.986 [warning] Using default string since no string found in i18n bundle that has the key: Remote branch at {0}
2026-04-25 16:55:56.986 [warning] Using default string since no string found in i18n bundle that has the key: remote branches
2026-04-25 16:55:56.986 [warning] Using default string since no string found in i18n bundle that has the key: Remote branch at {0}
2026-04-25 16:55:56.986 [warning] Using default string since no string found in i18n bundle that has the key: remote branches
2026-04-25 16:55:56.986 [warning] Using default string since no string found in i18n bundle that has the key: Remote branch at {0}
2026-04-25 16:55:56.986 [warning] Using default string since no string found in i18n bundle that has the key: remote branches
2026-04-25 16:55:56.986 [warning] Using default string since no string found in i18n bundle that has the key: Remote branch at {0}
2026-04-25 16:55:56.986 [warning] Using default string since no string found in i18n bundle that has the key: remote branches
2026-04-25 16:55:56.986 [warning] Using default string since no string found in i18n bundle that has the key: Remote branch at {0}
2026-04-25 16:55:56.986 [warning] Using default string since no string found in i18n bundle that has the key: remote branches
2026-04-25 16:55:56.986 [warning] Using default string since no string found in i18n bundle that has the key: Remote branch at {0}
2026-04-25 16:55:56.986 [warning] Using default string since no string found in i18n bundle that has the key: remote branches
2026-04-25 16:55:56.986 [warning] Using default string since no string found in i18n bundle that has the key: Remote branch at {0}
2026-04-25 16:55:56.986 [warning] Using default string since no string found in i18n bundle that has the key: remote branches
2026-04-25 16:55:56.986 [warning] Using default string since no string found in i18n bundle that has the key: Remote branch at {0}
2026-04-25 16:55:56.986 [warning] Using default string since no string found in i18n bundle that has the key: remote branches
2026-04-25 16:55:56.986 [warning] Using default string since no string found in i18n bundle that has the key: Remote branch at {0}
2026-04-25 16:55:56.986 [warning] Using default string since no string found in i18n bundle that has the key: remote branches
2026-04-25 16:55:56.986 [warning] Using default string since no string found in i18n bundle that has the key: Remote branch at {0}
2026-04-25 16:55:56.986 [warning] Using default string since no string found in i18n bundle that has the key: remote branches
2026-04-25 16:55:56.986 [warning] Using default string since no string found in i18n bundle that has the key: Remote branch at {0}
2026-04-25 16:55:56.986 [warning] Using default string since no string found in i18n bundle that has the key: remote branches
2026-04-25 16:55:56.986 [warning] Using default string since no string found in i18n bundle that has the key: Remote branch at {0}
2026-04-25 16:55:56.986 [warning] Using default string since no string found in i18n bundle that has the key: remote branches
2026-04-25 16:55:56.986 [warning] Using default string since no string found in i18n bundle that has the key: Remote branch at {0}
2026-04-25 16:55:56.986 [warning] Using default string since no string found in i18n bundle that has the key: remote branches
2026-04-25 16:55:56.986 [warning] Using default string since no string found in i18n bundle that has the key: Remote branch at {0}
2026-04-25 16:55:56.986 [warning] Using default string since no string found in i18n bundle that has the key: remote branches
2026-04-25 16:55:56.986 [warning] Using default string since no string found in i18n bundle that has the key: Tag at {0}
2026-04-25 16:55:56.986 [warning] Using default string since no string found in i18n bundle that has the key: tags
2026-04-25 16:55:56.986 [warning] Using default string since no string found in i18n bundle that has the key: Remote branch at {0}
2026-04-25 16:55:56.986 [warning] Using default string since no string found in i18n bundle that has the key: remote branches
2026-04-25 16:55:56.986 [warning] Using default string since no string found in i18n bundle that has the key: Remote branch at {0}
2026-04-25 16:55:56.986 [warning] Using default string since no string found in i18n bundle that has the key: remote branches
2026-04-25 16:55:56.986 [warning] Using default string since no string found in i18n bundle that has the key: Remote branch at {0}
2026-04-25 16:55:56.986 [warning] Using default string since no string found in i18n bundle that has the key: remote branches
2026-04-25 16:55:56.986 [warning] Using default string since no string found in i18n bundle that has the key: Remote branch at {0}
2026-04-25 16:55:56.986 [warning] Using default string since no string found in i18n bundle that has the key: remote branches
2026-04-25 16:55:56.986 [warning] Using default string since no string found in i18n bundle that has the key: Remote branch at {0}
2026-04-25 16:55:56.986 [warning] Using default string since no string found in i18n bundle that has the key: remote branches
2026-04-25 16:55:56.986 [warning] Using default string since no string found in i18n bundle that has the key: Remote branch at {0}
2026-04-25 16:55:56.986 [warning] Using default string since no string found in i18n bundle that has the key: remote branches
2026-04-25 16:55:56.986 [warning] Using default string since no string found in i18n bundle that has the key: Remote branch at {0}
2026-04-25 16:55:56.986 [warning] Using default string since no string found in i18n bundle that has the key: remote branches
2026-04-25 16:55:56.986 [warning] Using default string since no string found in i18n bundle that has the key: Tag at {0}
2026-04-25 16:55:56.986 [warning] Using default string since no string found in i18n bundle that has the key: tags
2026-04-25 16:55:56.986 [warning] Using default string since no string found in i18n bundle that has the key: Remote branch at {0}
2026-04-25 16:55:56.986 [warning] Using default string since no string found in i18n bundle that has the key: remote branches
2026-04-25 16:55:56.986 [warning] Using default string since no string found in i18n bundle that has the key: Remote branch at {0}
2026-04-25 16:55:56.986 [warning] Using default string since no string found in i18n bundle that has the key: remote branches
2026-04-25 16:55:56.986 [warning] Using default string since no string found in i18n bundle that has the key: Remote branch at {0}
2026-04-25 16:55:56.986 [warning] Using default string since no string found in i18n bundle that has the key: remote branches
2026-04-25 16:55:56.986 [warning] Using default string since no string found in i18n bundle that has the key: Tag at {0}
2026-04-25 16:55:56.986 [warning] Using default string since no string found in i18n bundle that has the key: tags
2026-04-25 16:55:56.986 [warning] Using default string since no string found in i18n bundle that has the key: Remote branch at {0}
2026-04-25 16:55:56.986 [warning] Using default string since no string found in i18n bundle that has the key: remote branches
2026-04-25 16:55:56.986 [warning] Using default string since no string found in i18n bundle that has the key: Remote branch at {0}
2026-04-25 16:55:56.986 [warning] Using default string since no string found in i18n bundle that has the key: remote branches
2026-04-25 16:55:56.986 [warning] Using default string since no string found in i18n bundle that has the key: Remote branch at {0}
2026-04-25 16:55:56.986 [warning] Using default string since no string found in i18n bundle that has the key: remote branches
2026-04-25 16:55:56.986 [warning] Using default string since no string found in i18n bundle that has the key: Tag at {0}
2026-04-25 16:55:56.986 [warning] Using default string since no string found in i18n bundle that has the key: tags
2026-04-25 16:55:56.986 [warning] Using default string since no string found in i18n bundle that has the key: Remote branch at {0}
2026-04-25 16:55:56.986 [warning] Using default string since no string found in i18n bundle that has the key: remote branches
2026-04-25 16:55:56.986 [warning] Using default string since no string found in i18n bundle that has the key: Remote branch at {0}
2026-04-25 16:55:56.986 [warning] Using default string since no string found in i18n bundle that has the key: remote branches
2026-04-25 16:55:56.986 [warning] Using default string since no string found in i18n bundle that has the key: Remote branch at {0}
2026-04-25 16:55:56.986 [warning] Using default string since no string found in i18n bundle that has the key: remote branches
2026-04-25 16:55:56.986 [warning] Using default string since no string found in i18n bundle that has the key: Remote branch at {0}
2026-04-25 16:55:56.986 [warning] Using default string since no string found in i18n bundle that has the key: remote branches
2026-04-25 16:55:56.986 [warning] Using default string since no string found in i18n bundle that has the key: Remote branch at {0}
2026-04-25 16:55:56.986 [warning] Using default string since no string found in i18n bundle that has the key: remote branches
2026-04-25 16:55:56.986 [warning] Using default string since no string found in i18n bundle that has the key: Remote branch at {0}
2026-04-25 16:55:56.986 [warning] Using default string since no string found in i18n bundle that has the key: remote branches
2026-04-25 16:55:56.986 [warning] Using default string since no string found in i18n bundle that has the key: Remote branch at {0}
2026-04-25 16:55:56.986 [warning] Using default string since no string found in i18n bundle that has the key: remote branches
2026-04-25 16:55:56.986 [warning] Using default string since no string found in i18n bundle that has the key: Remote branch at {0}
2026-04-25 16:55:56.986 [warning] Using default string since no string found in i18n bundle that has the key: remote branches
2026-04-25 16:55:56.986 [warning] Using default string since no string found in i18n bundle that has the key: Remote branch at {0}
2026-04-25 16:55:56.986 [warning] Using default string since no string found in i18n bundle that has the key: remote branches
2026-04-25 16:55:56.986 [warning] Using default string since no string found in i18n bundle that has the key: Tag at {0}
2026-04-25 16:55:56.986 [warning] Using default string since no string found in i18n bundle that has the key: tags
2026-04-25 16:55:56.986 [warning] Using default string since no string found in i18n bundle that has the key: Remote branch at {0}
2026-04-25 16:55:56.986 [warning] Using default string since no string found in i18n bundle that has the key: remote branches
2026-04-25 16:55:56.986 [warning] Using default string since no string found in i18n bundle that has the key: Remote branch at {0}
2026-04-25 16:55:56.986 [warning] Using default string since no string found in i18n bundle that has the key: remote branches
2026-04-25 16:55:56.986 [warning] Using default string since no string found in i18n bundle that has the key: Remote branch at {0}
2026-04-25 16:55:56.986 [warning] Using default string since no string found in i18n bundle that has the key: remote branches
2026-04-25 16:55:56.986 [warning] Using default string since no string found in i18n bundle that has the key: Remote branch at {0}
2026-04-25 16:55:56.986 [warning] Using default string since no string found in i18n bundle that has the key: remote branches
2026-04-25 16:55:56.986 [warning] Using default string since no string found in i18n bundle that has the key: Tag at {0}
2026-04-25 16:55:56.986 [warning] Using default string since no string found in i18n bundle that has the key: tags
2026-04-25 16:55:56.986 [warning] Using default string since no string found in i18n bundle that has the key: Remote branch at {0}
2026-04-25 16:55:56.986 [warning] Using default string since no string found in i18n bundle that has the key: remote branches
2026-04-25 16:55:56.986 [warning] Using default string since no string found in i18n bundle that has the key: Tag at {0}
2026-04-25 16:55:56.986 [warning] Using default string since no string found in i18n bundle that has the key: tags
2026-04-25 16:55:56.986 [warning] Using default string since no string found in i18n bundle that has the key: Remote branch at {0}
2026-04-25 16:55:56.986 [warning] Using default string since no string found in i18n bundle that has the key: remote branches
2026-04-25 16:55:56.986 [warning] Using default string since no string found in i18n bundle that has the key: Remote branch at {0}
2026-04-25 16:55:56.986 [warning] Using default string since no string found in i18n bundle that has the key: remote branches
2026-04-25 16:55:56.986 [warning] Using default string since no string found in i18n bundle that has the key: Remote branch at {0}
2026-04-25 16:55:56.986 [warning] Using default string since no string found in i18n bundle that has the key: remote branches
2026-04-25 16:55:56.986 [warning] Using default string since no string found in i18n bundle that has the key: Tag at {0}
2026-04-25 16:55:56.986 [warning] Using default string since no string found in i18n bundle that has the key: tags
2026-04-25 16:55:56.986 [warning] Using default string since no string found in i18n bundle that has the key: Remote branch at {0}
2026-04-25 16:55:56.986 [warning] Using default string since no string found in i18n bundle that has the key: remote branches
2026-04-25 16:55:56.986 [warning] Using default string since no string found in i18n bundle that has the key: Remote branch at {0}
2026-04-25 16:55:56.986 [warning] Using default string since no string found in i18n bundle that has the key: remote branches
2026-04-25 16:55:56.986 [warning] Using default string since no string found in i18n bundle that has the key: Remote branch at {0}
2026-04-25 16:55:56.986 [warning] Using default string since no string found in i18n bundle that has the key: remote branches
2026-04-25 16:55:56.986 [warning] Using default string since no string found in i18n bundle that has the key: Remote branch at {0}
2026-04-25 16:55:56.986 [warning] Using default string since no string found in i18n bundle that has the key: remote branches
2026-04-25 16:55:56.986 [warning] Using default string since no string found in i18n bundle that has the key: Remote branch at {0}
2026-04-25 16:55:56.986 [warning] Using default string since no string found in i18n bundle that has the key: remote branches
2026-04-25 16:55:56.986 [warning] Using default string since no string found in i18n bundle that has the key: Remote branch at {0}
2026-04-25 16:55:56.986 [warning] Using default string since no string found in i18n bundle that has the key: remote branches
2026-04-25 16:55:56.986 [warning] Using default string since no string found in i18n bundle that has the key: Remote branch at {0}
2026-04-25 16:55:56.986 [warning] Using default string since no string found in i18n bundle that has the key: remote branches
2026-04-25 16:55:56.986 [warning] Using default string since no string found in i18n bundle that has the key: Remote branch at {0}
2026-04-25 16:55:56.986 [warning] Using default string since no string found in i18n bundle that has the key: remote branches
2026-04-25 16:55:56.986 [warning] Using default string since no string found in i18n bundle that has the key: Remote branch at {0}
2026-04-25 16:55:56.986 [warning] Using default string since no string found in i18n bundle that has the key: remote branches
2026-04-25 16:55:56.986 [warning] Using default string since no string found in i18n bundle that has the key: Remote branch at {0}
2026-04-25 16:55:56.986 [warning] Using default string since no string found in i18n bundle that has the key: remote branches
2026-04-25 16:55:56.986 [warning] Using default string since no string found in i18n bundle that has the key: Remote branch at {0}
2026-04-25 16:55:56.986 [warning] Using default string since no string found in i18n bundle that has the key: remote branches
2026-04-25 16:55:56.986 [warning] Using default string since no string found in i18n bundle that has the key: Remote branch at {0}
2026-04-25 16:55:56.986 [warning] Using default string since no string found in i18n bundle that has the key: remote branches
2026-04-25 16:55:56.986 [warning] Using default string since no string found in i18n bundle that has the key: Remote branch at {0}
2026-04-25 16:55:56.986 [warning] Using default string since no string found in i18n bundle that has the key: remote branches
2026-04-25 16:55:56.986 [warning] Using default string since no string found in i18n bundle that has the key: Remote branch at {0}
2026-04-25 16:55:56.986 [warning] Using default string since no string found in i18n bundle that has the key: remote branches
2026-04-25 16:55:56.986 [warning] Using default string since no string found in i18n bundle that has the key: Remote branch at {0}
2026-04-25 16:55:56.986 [warning] Using default string since no string found in i18n bundle that has the key: remote branches
2026-04-25 16:55:56.986 [warning] Using default string since no string found in i18n bundle that has the key: Remote branch at {0}
2026-04-25 16:55:56.986 [warning] Using default string since no string found in i18n bundle that has the key: remote branches
2026-04-25 16:55:56.986 [warning] Using default string since no string found in i18n bundle that has the key: Tag at {0}
2026-04-25 16:55:56.986 [warning] Using default string since no string found in i18n bundle that has the key: tags
2026-04-25 16:55:56.986 [warning] Using default string since no string found in i18n bundle that has the key: Remote branch at {0}
2026-04-25 16:55:56.986 [warning] Using default string since no string found in i18n bundle that has the key: remote branches
2026-04-25 16:55:56.986 [warning] Using default string since no string found in i18n bundle that has the key: Remote branch at {0}
2026-04-25 16:55:56.986 [warning] Using default string since no string found in i18n bundle that has the key: remote branches
2026-04-25 16:55:56.986 [warning] Using default string since no string found in i18n bundle that has the key: Remote branch at {0}
2026-04-25 16:55:56.986 [warning] Using default string since no string found in i18n bundle that has the key: remote branches
2026-04-25 16:55:56.986 [warning] Using default string since no string found in i18n bundle that has the key: Remote branch at {0}
2026-04-25 16:55:56.986 [warning] Using default string since no string found in i18n bundle that has the key: remote branches
2026-04-25 16:55:56.986 [warning] Using default string since no string found in i18n bundle that has the key: Remote branch at {0}
2026-04-25 16:55:56.986 [warning] Using default string since no string found in i18n bundle that has the key: remote branches
2026-04-25 16:55:56.986 [warning] Using default string since no string found in i18n bundle that has the key: Remote branch at {0}
2026-04-25 16:55:56.986 [warning] Using default string since no string found in i18n bundle that has the key: remote branches
2026-04-25 16:55:56.986 [warning] Using default string since no string found in i18n bundle that has the key: Tag at {0}
2026-04-25 16:55:56.986 [warning] Using default string since no string found in i18n bundle that has the key: tags
2026-04-25 16:55:56.986 [warning] Using default string since no string found in i18n bundle that has the key: Remote branch at {0}
2026-04-25 16:55:56.986 [warning] Using default string since no string found in i18n bundle that has the key: remote branches
2026-04-25 16:55:56.986 [warning] Using default string since no string found in i18n bundle that has the key: Remote branch at {0}
2026-04-25 16:55:56.986 [warning] Using default string since no string found in i18n bundle that has the key: remote branches
2026-04-25 16:55:56.986 [warning] Using default string since no string found in i18n bundle that has the key: Remote branch at {0}
2026-04-25 16:55:56.986 [warning] Using default string since no string found in i18n bundle that has the key: remote branches
2026-04-25 16:55:56.986 [warning] Using default string since no string found in i18n bundle that has the key: Remote branch at {0}
2026-04-25 16:55:56.986 [warning] Using default string since no string found in i18n bundle that has the key: remote branches
2026-04-25 16:55:56.986 [warning] Using default string since no string found in i18n bundle that has the key: Remote branch at {0}
2026-04-25 16:55:56.986 [warning] Using default string since no string found in i18n bundle that has the key: remote branches
2026-04-25 16:55:56.986 [warning] Using default string since no string found in i18n bundle that has the key: Remote branch at {0}
2026-04-25 16:55:56.986 [warning] Using default string since no string found in i18n bundle that has the key: remote branches
2026-04-25 16:55:56.986 [warning] Using default string since no string found in i18n bundle that has the key: Remote branch at {0}
2026-04-25 16:55:56.986 [warning] Using default string since no string found in i18n bundle that has the key: remote branches
2026-04-25 16:55:56.986 [warning] Using default string since no string found in i18n bundle that has the key: Remote branch at {0}
2026-04-25 16:55:56.986 [warning] Using default string since no string found in i18n bundle that has the key: remote branches
2026-04-25 16:55:56.986 [warning] Using default string since no string found in i18n bundle that has the key: Remote branch at {0}
2026-04-25 16:55:56.986 [warning] Using default string since no string found in i18n bundle that has the key: remote branches
2026-04-25 16:55:56.986 [warning] Using default string since no string found in i18n bundle that has the key: Remote branch at {0}
2026-04-25 16:55:56.986 [warning] Using default string since no string found in i18n bundle that has the key: remote branches
2026-04-25 16:55:56.986 [warning] Using default string since no string found in i18n bundle that has the key: Remote branch at {0}
2026-04-25 16:55:56.986 [warning] Using default string since no string found in i18n bundle that has the key: remote branches
2026-04-25 16:55:56.986 [warning] Using default string since no string found in i18n bundle that has the key: Remote branch at {0}
2026-04-25 16:55:56.986 [warning] Using default string since no string found in i18n bundle that has the key: remote branches
2026-04-25 16:55:56.986 [warning] Using default string since no string found in i18n bundle that has the key: Remote branch at {0}
2026-04-25 16:55:56.986 [warning] Using default string since no string found in i18n bundle that has the key: remote branches
2026-04-25 16:55:56.986 [warning] Using default string since no string found in i18n bundle that has the key: Remote branch at {0}
2026-04-25 16:55:56.986 [warning] Using default string since no string found in i18n bundle that has the key: remote branches
2026-04-25 16:55:56.987 [warning] Using default string since no string found in i18n bundle that has the key: Remote branch at {0}
2026-04-25 16:55:56.987 [warning] Using default string since no string found in i18n bundle that has the key: remote branches
2026-04-25 16:55:56.987 [warning] Using default string since no string found in i18n bundle that has the key: Tag at {0}
2026-04-25 16:55:56.987 [warning] Using default string since no string found in i18n bundle that has the key: tags
2026-04-25 16:55:56.987 [warning] Using default string since no string found in i18n bundle that has the key: Remote branch at {0}
2026-04-25 16:55:56.987 [warning] Using default string since no string found in i18n bundle that has the key: remote branches
2026-04-25 16:55:56.987 [warning] Using default string since no string found in i18n bundle that has the key: Remote branch at {0}
2026-04-25 16:55:56.987 [warning] Using default string since no string found in i18n bundle that has the key: remote branches
2026-04-25 16:55:56.987 [warning] Using default string since no string found in i18n bundle that has the key: Remote branch at {0}
2026-04-25 16:55:56.987 [warning] Using default string since no string found in i18n bundle that has the key: remote branches
2026-04-25 16:55:56.987 [warning] Using default string since no string found in i18n bundle that has the key: Remote branch at {0}
2026-04-25 16:55:56.987 [warning] Using default string since no string found in i18n bundle that has the key: remote branches
2026-04-25 16:55:56.987 [warning] Using default string since no string found in i18n bundle that has the key: Remote branch at {0}
2026-04-25 16:55:56.987 [warning] Using default string since no string found in i18n bundle that has the key: remote branches
2026-04-25 16:55:56.987 [warning] Using default string since no string found in i18n bundle that has the key: Remote branch at {0}
2026-04-25 16:55:56.987 [warning] Using default string since no string found in i18n bundle that has the key: remote branches
2026-04-25 16:55:56.987 [warning] Using default string since no string found in i18n bundle that has the key: Remote branch at {0}
2026-04-25 16:55:56.987 [warning] Using default string since no string found in i18n bundle that has the key: remote branches
2026-04-25 16:55:56.987 [warning] Using default string since no string found in i18n bundle that has the key: Remote branch at {0}
2026-04-25 16:55:56.987 [warning] Using default string since no string found in i18n bundle that has the key: remote branches
2026-04-25 16:55:56.987 [warning] Using default string since no string found in i18n bundle that has the key: Remote branch at {0}
2026-04-25 16:55:56.987 [warning] Using default string since no string found in i18n bundle that has the key: remote branches
2026-04-25 16:55:56.987 [warning] Using default string since no string found in i18n bundle that has the key: Remote branch at {0}
2026-04-25 16:55:56.987 [warning] Using default string since no string found in i18n bundle that has the key: remote branches
2026-04-25 16:55:56.987 [warning] Using default string since no string found in i18n bundle that has the key: Remote branch at {0}
2026-04-25 16:55:56.987 [warning] Using default string since no string found in i18n bundle that has the key: remote branches
2026-04-25 16:55:56.987 [warning] Using default string since no string found in i18n bundle that has the key: Remote branch at {0}
2026-04-25 16:55:56.987 [warning] Using default string since no string found in i18n bundle that has the key: remote branches
2026-04-25 16:55:56.987 [warning] Using default string since no string found in i18n bundle that has the key: Remote branch at {0}
2026-04-25 16:55:56.987 [warning] Using default string since no string found in i18n bundle that has the key: remote branches
2026-04-25 16:55:56.987 [warning] Using default string since no string found in i18n bundle that has the key: Remote branch at {0}
2026-04-25 16:55:56.987 [warning] Using default string since no string found in i18n bundle that has the key: remote branches
2026-04-25 16:55:56.987 [warning] Using default string since no string found in i18n bundle that has the key: Remote branch at {0}
2026-04-25 16:55:56.987 [warning] Using default string since no string found in i18n bundle that has the key: remote branches
2026-04-25 16:55:56.987 [warning] Using default string since no string found in i18n bundle that has the key: Remote branch at {0}
2026-04-25 16:55:56.987 [warning] Using default string since no string found in i18n bundle that has the key: remote branches
2026-04-25 16:55:56.987 [warning] Using default string since no string found in i18n bundle that has the key: Remote branch at {0}
2026-04-25 16:55:56.987 [warning] Using default string since no string found in i18n bundle that has the key: remote branches
2026-04-25 16:55:56.987 [warning] Using default string since no string found in i18n bundle that has the key: Remote branch at {0}
2026-04-25 16:55:56.987 [warning] Using default string since no string found in i18n bundle that has the key: remote branches
2026-04-25 16:55:56.987 [warning] Using default string since no string found in i18n bundle that has the key: Remote branch at {0}
2026-04-25 16:55:56.987 [warning] Using default string since no string found in i18n bundle that has the key: remote branches
2026-04-25 16:55:56.987 [warning] Using default string since no string found in i18n bundle that has the key: Remote branch at {0}
2026-04-25 16:55:56.987 [warning] Using default string since no string found in i18n bundle that has the key: remote branches
2026-04-25 16:55:56.987 [warning] Using default string since no string found in i18n bundle that has the key: Remote branch at {0}
2026-04-25 16:55:56.987 [warning] Using default string since no string found in i18n bundle that has the key: remote branches
2026-04-25 16:55:56.987 [warning] Using default string since no string found in i18n bundle that has the key: Remote branch at {0}
2026-04-25 16:55:56.987 [warning] Using default string since no string found in i18n bundle that has the key: remote branches
2026-04-25 16:55:56.987 [warning] Using default string since no string found in i18n bundle that has the key: Remote branch at {0}
2026-04-25 16:55:56.987 [warning] Using default string since no string found in i18n bundle that has the key: remote branches
2026-04-25 16:55:56.987 [warning] Using default string since no string found in i18n bundle that has the key: Remote branch at {0}
2026-04-25 16:55:56.987 [warning] Using default string since no string found in i18n bundle that has the key: remote branches
2026-04-25 16:55:56.987 [warning] Using default string since no string found in i18n bundle that has the key: Remote branch at {0}
2026-04-25 16:55:56.987 [warning] Using default string since no string found in i18n bundle that has the key: remote branches
2026-04-25 16:55:56.987 [warning] Using default string since no string found in i18n bundle that has the key: Remote branch at {0}
2026-04-25 16:55:56.987 [warning] Using default string since no string found in i18n bundle that has the key: remote branches
2026-04-25 16:55:56.987 [warning] Using default string since no string found in i18n bundle that has the key: Remote branch at {0}
2026-04-25 16:55:56.987 [warning] Using default string since no string found in i18n bundle that has the key: remote branches
2026-04-25 16:55:56.987 [warning] Using default string since no string found in i18n bundle that has the key: Tag at {0}
2026-04-25 16:55:56.987 [warning] Using default string since no string found in i18n bundle that has the key: tags
2026-04-25 16:55:56.987 [warning] Using default string since no string found in i18n bundle that has the key: Remote branch at {0}
2026-04-25 16:55:56.987 [warning] Using default string since no string found in i18n bundle that has the key: remote branches
2026-04-25 16:55:56.987 [warning] Using default string since no string found in i18n bundle that has the key: Tag at {0}
2026-04-25 16:55:56.987 [warning] Using default string since no string found in i18n bundle that has the key: tags
2026-04-25 16:55:56.987 [warning] Using default string since no string found in i18n bundle that has the key: Remote branch at {0}
2026-04-25 16:55:56.987 [warning] Using default string since no string found in i18n bundle that has the key: remote branches
2026-04-25 16:55:56.987 [warning] Using default string since no string found in i18n bundle that has the key: Tag at {0}
2026-04-25 16:55:56.987 [warning] Using default string since no string found in i18n bundle that has the key: tags
2026-04-25 16:55:56.987 [warning] Using default string since no string found in i18n bundle that has the key: Remote branch at {0}
2026-04-25 16:55:56.987 [warning] Using default string since no string found in i18n bundle that has the key: remote branches
2026-04-25 16:55:56.987 [warning] Using default string since no string found in i18n bundle that has the key: Tag at {0}
2026-04-25 16:55:56.987 [warning] Using default string since no string found in i18n bundle that has the key: tags
2026-04-25 16:55:56.987 [warning] Using default string since no string found in i18n bundle that has the key: Remote branch at {0}
2026-04-25 16:55:56.987 [warning] Using default string since no string found in i18n bundle that has the key: remote branches
2026-04-25 16:55:56.987 [warning] Using default string since no string found in i18n bundle that has the key: Remote branch at {0}
2026-04-25 16:55:56.987 [warning] Using default string since no string found in i18n bundle that has the key: remote branches
2026-04-25 16:55:56.987 [warning] Using default string since no string found in i18n bundle that has the key: Remote branch at {0}
2026-04-25 16:55:56.987 [warning] Using default string since no string found in i18n bundle that has the key: remote branches
2026-04-25 16:55:56.987 [warning] Using default string since no string found in i18n bundle that has the key: Remote branch at {0}
2026-04-25 16:55:56.987 [warning] Using default string since no string found in i18n bundle that has the key: remote branches
2026-04-25 16:55:56.987 [warning] Using default string since no string found in i18n bundle that has the key: Tag at {0}
2026-04-25 16:55:56.987 [warning] Using default string since no string found in i18n bundle that has the key: tags
2026-04-25 16:55:56.987 [warning] Using default string since no string found in i18n bundle that has the key: Remote branch at {0}
2026-04-25 16:55:56.987 [warning] Using default string since no string found in i18n bundle that has the key: remote branches
2026-04-25 16:55:56.987 [warning] Using default string since no string found in i18n bundle that has the key: Remote branch at {0}
2026-04-25 16:55:56.987 [warning] Using default string since no string found in i18n bundle that has the key: remote branches
2026-04-25 16:55:56.987 [warning] Using default string since no string found in i18n bundle that has the key: Tag at {0}
2026-04-25 16:55:56.987 [warning] Using default string since no string found in i18n bundle that has the key: tags
2026-04-25 16:55:56.987 [warning] Using default string since no string found in i18n bundle that has the key: Tag at {0}
2026-04-25 16:55:56.987 [warning] Using default string since no string found in i18n bundle that has the key: tags
2026-04-25 16:55:56.987 [warning] Using default string since no string found in i18n bundle that has the key: Remote branch at {0}
2026-04-25 16:55:56.987 [warning] Using default string since no string found in i18n bundle that has the key: remote branches
2026-04-25 16:55:56.987 [warning] Using default string since no string found in i18n bundle that has the key: Remote branch at {0}
2026-04-25 16:55:56.987 [warning] Using default string since no string found in i18n bundle that has the key: remote branches
2026-04-25 16:55:56.987 [warning] Using default string since no string found in i18n bundle that has the key: Remote branch at {0}
2026-04-25 16:55:56.987 [warning] Using default string since no string found in i18n bundle that has the key: remote branches
2026-04-25 16:55:56.987 [warning] Using default string since no string found in i18n bundle that has the key: Remote branch at {0}
2026-04-25 16:55:56.987 [warning] Using default string since no string found in i18n bundle that has the key: remote branches
2026-04-25 16:55:56.987 [warning] Using default string since no string found in i18n bundle that has the key: Remote branch at {0}
2026-04-25 16:55:56.987 [warning] Using default string since no string found in i18n bundle that has the key: remote branches
2026-04-25 16:55:56.987 [warning] Using default string since no string found in i18n bundle that has the key: Remote branch at {0}
2026-04-25 16:55:56.987 [warning] Using default string since no string found in i18n bundle that has the key: remote branches
2026-04-25 16:55:56.987 [warning] Using default string since no string found in i18n bundle that has the key: Remote branch at {0}
2026-04-25 16:55:56.987 [warning] Using default string since no string found in i18n bundle that has the key: remote branches
2026-04-25 16:55:56.987 [warning] Using default string since no string found in i18n bundle that has the key: Remote branch at {0}
2026-04-25 16:55:56.987 [warning] Using default string since no string found in i18n bundle that has the key: remote branches
2026-04-25 16:55:56.987 [warning] Using default string since no string found in i18n bundle that has the key: Remote branch at {0}
2026-04-25 16:55:56.987 [warning] Using default string since no string found in i18n bundle that has the key: remote branches
2026-04-25 16:55:56.987 [warning] Using default string since no string found in i18n bundle that has the key: Remote branch at {0}
2026-04-25 16:55:56.987 [warning] Using default string since no string found in i18n bundle that has the key: remote branches
2026-04-25 16:55:56.987 [warning] Using default string since no string found in i18n bundle that has the key: Remote branch at {0}
2026-04-25 16:55:56.987 [warning] Using default string since no string found in i18n bundle that has the key: remote branches
2026-04-25 16:55:56.987 [warning] Using default string since no string found in i18n bundle that has the key: Remote branch at {0}
2026-04-25 16:55:56.987 [warning] Using default string since no string found in i18n bundle that has the key: remote branches
2026-04-25 16:55:56.987 [warning] Using default string since no string found in i18n bundle that has the key: Remote branch at {0}
2026-04-25 16:55:56.987 [warning] Using default string since no string found in i18n bundle that has the key: remote branches
2026-04-25 16:55:56.987 [warning] Using default string since no string found in i18n bundle that has the key: Remote branch at {0}
2026-04-25 16:55:56.987 [warning] Using default string since no string found in i18n bundle that has the key: remote branches
2026-04-25 16:55:56.987 [warning] Using default string since no string found in i18n bundle that has the key: Tag at {0}
2026-04-25 16:55:56.987 [warning] Using default string since no string found in i18n bundle that has the key: tags
2026-04-25 16:55:56.987 [warning] Using default string since no string found in i18n bundle that has the key: Remote branch at {0}
2026-04-25 16:55:56.987 [warning] Using default string since no string found in i18n bundle that has the key: remote branches
2026-04-25 16:55:56.987 [warning] Using default string since no string found in i18n bundle that has the key: Remote branch at {0}
2026-04-25 16:55:56.987 [warning] Using default string since no string found in i18n bundle that has the key: remote branches
2026-04-25 16:55:56.987 [warning] Using default string since no string found in i18n bundle that has the key: Tag at {0}
2026-04-25 16:55:56.987 [warning] Using default string since no string found in i18n bundle that has the key: tags
2026-04-25 16:55:56.987 [warning] Using default string since no string found in i18n bundle that has the key: Remote branch at {0}
2026-04-25 16:55:56.987 [warning] Using default string since no string found in i18n bundle that has the key: remote branches
2026-04-25 16:55:56.987 [warning] Using default string since no string found in i18n bundle that has the key: Remote branch at {0}
2026-04-25 16:55:56.987 [warning] Using default string since no string found in i18n bundle that has the key: remote branches
2026-04-25 16:55:56.987 [warning] Using default string since no string found in i18n bundle that has the key: Remote branch at {0}
2026-04-25 16:55:56.987 [warning] Using default string since no string found in i18n bundle that has the key: remote branches
2026-04-25 16:55:56.987 [warning] Using default string since no string found in i18n bundle that has the key: Remote branch at {0}
2026-04-25 16:55:56.987 [warning] Using default string since no string found in i18n bundle that has the key: remote branches
2026-04-25 16:55:56.987 [warning] Using default string since no string found in i18n bundle that has the key: Remote branch at {0}
2026-04-25 16:55:56.987 [warning] Using default string since no string found in i18n bundle that has the key: remote branches
2026-04-25 16:55:56.987 [warning] Using default string since no string found in i18n bundle that has the key: Tag at {0}
2026-04-25 16:55:56.987 [warning] Using default string since no string found in i18n bundle that has the key: tags
2026-04-25 16:55:56.987 [warning] Using default string since no string found in i18n bundle that has the key: Tag at {0}
2026-04-25 16:55:56.987 [warning] Using default string since no string found in i18n bundle that has the key: tags
2026-04-25 16:55:56.987 [warning] Using default string since no string found in i18n bundle that has the key: Remote branch at {0}
2026-04-25 16:55:56.987 [warning] Using default string since no string found in i18n bundle that has the key: remote branches
2026-04-25 16:55:56.987 [warning] Using default string since no string found in i18n bundle that has the key: Remote branch at {0}
2026-04-25 16:55:56.987 [warning] Using default string since no string found in i18n bundle that has the key: remote branches
2026-04-25 16:55:56.987 [warning] Using default string since no string found in i18n bundle that has the key: Remote branch at {0}
2026-04-25 16:55:56.987 [warning] Using default string since no string found in i18n bundle that has the key: remote branches
2026-04-25 16:55:56.987 [warning] Using default string since no string found in i18n bundle that has the key: Remote branch at {0}
2026-04-25 16:55:56.987 [warning] Using default string since no string found in i18n bundle that has the key: remote branches
2026-04-25 16:55:56.987 [warning] Using default string since no string found in i18n bundle that has the key: Remote branch at {0}
2026-04-25 16:55:56.987 [warning] Using default string since no string found in i18n bundle that has the key: remote branches
2026-04-25 16:55:56.987 [warning] Using default string since no string found in i18n bundle that has the key: Remote branch at {0}
2026-04-25 16:55:56.987 [warning] Using default string since no string found in i18n bundle that has the key: remote branches
2026-04-25 16:55:56.987 [warning] Using default string since no string found in i18n bundle that has the key: Remote branch at {0}
2026-04-25 16:55:56.987 [warning] Using default string since no string found in i18n bundle that has the key: remote branches
2026-04-25 16:55:56.987 [warning] Using default string since no string found in i18n bundle that has the key: Remote branch at {0}
2026-04-25 16:55:56.987 [warning] Using default string since no string found in i18n bundle that has the key: remote branches
2026-04-25 16:55:56.987 [warning] Using default string since no string found in i18n bundle that has the key: Tag at {0}
2026-04-25 16:55:56.987 [warning] Using default string since no string found in i18n bundle that has the key: tags
2026-04-25 16:55:56.987 [warning] Using default string since no string found in i18n bundle that has the key: Tag at {0}
2026-04-25 16:55:56.987 [warning] Using default string since no string found in i18n bundle that has the key: tags
2026-04-25 16:55:56.987 [warning] Using default string since no string found in i18n bundle that has the key: Remote branch at {0}
2026-04-25 16:55:56.987 [warning] Using default string since no string found in i18n bundle that has the key: remote branches
2026-04-25 16:55:56.987 [warning] Using default string since no string found in i18n bundle that has the key: Remote branch at {0}
2026-04-25 16:55:56.987 [warning] Using default string since no string found in i18n bundle that has the key: remote branches
2026-04-25 16:55:56.987 [warning] Using default string since no string found in i18n bundle that has the key: Tag at {0}
2026-04-25 16:55:56.987 [warning] Using default string since no string found in i18n bundle that has the key: tags
2026-04-25 16:55:56.987 [warning] Using default string since no string found in i18n bundle that has the key: Remote branch at {0}
2026-04-25 16:55:56.987 [warning] Using default string since no string found in i18n bundle that has the key: remote branches
2026-04-25 16:55:56.987 [warning] Using default string since no string found in i18n bundle that has the key: Remote branch at {0}
2026-04-25 16:55:56.987 [warning] Using default string since no string found in i18n bundle that has the key: remote branches
2026-04-25 16:55:56.987 [warning] Using default string since no string found in i18n bundle that has the key: Tag at {0}
2026-04-25 16:55:56.987 [warning] Using default string since no string found in i18n bundle that has the key: tags
2026-04-25 16:55:56.987 [warning] Using default string since no string found in i18n bundle that has the key: Remote branch at {0}
2026-04-25 16:55:56.987 [warning] Using default string since no string found in i18n bundle that has the key: remote branches
2026-04-25 16:55:56.987 [warning] Using default string since no string found in i18n bundle that has the key: Tag at {0}
2026-04-25 16:55:56.987 [warning] Using default string since no string found in i18n bundle that has the key: tags
2026-04-25 16:55:56.987 [warning] Using default string since no string found in i18n bundle that has the key: Tag at {0}
2026-04-25 16:55:56.987 [warning] Using default string since no string found in i18n bundle that has the key: tags
2026-04-25 16:55:56.987 [warning] Using default string since no string found in i18n bundle that has the key: Remote branch at {0}
2026-04-25 16:55:56.987 [warning] Using default string since no string found in i18n bundle that has the key: remote branches
2026-04-25 16:55:56.987 [warning] Using default string since no string found in i18n bundle that has the key: Remote branch at {0}
2026-04-25 16:55:56.987 [warning] Using default string since no string found in i18n bundle that has the key: remote branches
2026-04-25 16:55:56.987 [warning] Using default string since no string found in i18n bundle that has the key: Remote branch at {0}
2026-04-25 16:55:56.987 [warning] Using default string since no string found in i18n bundle that has the key: remote branches
2026-04-25 16:55:56.987 [warning] Using default string since no string found in i18n bundle that has the key: Tag at {0}
2026-04-25 16:55:56.987 [warning] Using default string since no string found in i18n bundle that has the key: tags
2026-04-25 16:55:56.987 [warning] Using default string since no string found in i18n bundle that has the key: Remote branch at {0}
2026-04-25 16:55:56.987 [warning] Using default string since no string found in i18n bundle that has the key: remote branches
2026-04-25 16:55:56.987 [warning] Using default string since no string found in i18n bundle that has the key: Tag at {0}
2026-04-25 16:55:56.987 [warning] Using default string since no string found in i18n bundle that has the key: tags
2026-04-25 16:55:56.987 [warning] Using default string since no string found in i18n bundle that has the key: Remote branch at {0}
2026-04-25 16:55:56.987 [warning] Using default string since no string found in i18n bundle that has the key: remote branches
2026-04-25 16:55:56.987 [warning] Using default string since no string found in i18n bundle that has the key: Remote branch at {0}
2026-04-25 16:55:56.987 [warning] Using default string since no string found in i18n bundle that has the key: remote branches
2026-04-25 16:55:56.987 [warning] Using default string since no string found in i18n bundle that has the key: Tag at {0}
2026-04-25 16:55:56.987 [warning] Using default string since no string found in i18n bundle that has the key: tags
2026-04-25 16:55:56.987 [warning] Using default string since no string found in i18n bundle that has the key: Remote branch at {0}
2026-04-25 16:55:56.987 [warning] Using default string since no string found in i18n bundle that has the key: remote branches
2026-04-25 16:55:56.987 [warning] Using default string since no string found in i18n bundle that has the key: Remote branch at {0}
2026-04-25 16:55:56.987 [warning] Using default string since no string found in i18n bundle that has the key: remote branches
2026-04-25 16:55:56.987 [warning] Using default string since no string found in i18n bundle that has the key: Remote branch at {0}
2026-04-25 16:55:56.987 [warning] Using default string since no string found in i18n bundle that has the key: remote branches
2026-04-25 16:55:56.987 [warning] Using default string since no string found in i18n bundle that has the key: Remote branch at {0}
2026-04-25 16:55:56.987 [warning] Using default string since no string found in i18n bundle that has the key: remote branches
2026-04-25 16:55:56.987 [warning] Using default string since no string found in i18n bundle that has the key: Remote branch at {0}
2026-04-25 16:55:56.987 [warning] Using default string since no string found in i18n bundle that has the key: remote branches
2026-04-25 16:55:56.987 [warning] Using default string since no string found in i18n bundle that has the key: Tag at {0}
2026-04-25 16:55:56.987 [warning] Using default string since no string found in i18n bundle that has the key: tags
2026-04-25 16:55:56.987 [warning] Using default string since no string found in i18n bundle that has the key: Remote branch at {0}
2026-04-25 16:55:56.987 [warning] Using default string since no string found in i18n bundle that has the key: remote branches
2026-04-25 16:55:56.987 [warning] Using default string since no string found in i18n bundle that has the key: Tag at {0}
2026-04-25 16:55:56.987 [warning] Using default string since no string found in i18n bundle that has the key: tags
2026-04-25 16:55:56.987 [warning] Using default string since no string found in i18n bundle that has the key: Remote branch at {0}
2026-04-25 16:55:56.987 [warning] Using default string since no string found in i18n bundle that has the key: remote branches
2026-04-25 16:55:56.987 [warning] Using default string since no string found in i18n bundle that has the key: Tag at {0}
2026-04-25 16:55:56.987 [warning] Using default string since no string found in i18n bundle that has the key: tags
2026-04-25 16:55:56.987 [warning] Using default string since no string found in i18n bundle that has the key: Remote branch at {0}
2026-04-25 16:55:56.987 [warning] Using default string since no string found in i18n bundle that has the key: remote branches
2026-04-25 16:55:56.987 [warning] Using default string since no string found in i18n bundle that has the key: Tag at {0}
2026-04-25 16:55:56.987 [warning] Using default string since no string found in i18n bundle that has the key: tags
2026-04-25 16:55:56.987 [warning] Using default string since no string found in i18n bundle that has the key: Remote branch at {0}
2026-04-25 16:55:56.987 [warning] Using default string since no string found in i18n bundle that has the key: remote branches
2026-04-25 16:55:56.987 [warning] Using default string since no string found in i18n bundle that has the key: Remote branch at {0}
2026-04-25 16:55:56.987 [warning] Using default string since no string found in i18n bundle that has the key: remote branches
2026-04-25 16:55:56.987 [warning] Using default string since no string found in i18n bundle that has the key: Remote branch at {0}
2026-04-25 16:55:56.987 [warning] Using default string since no string found in i18n bundle that has the key: remote branches
2026-04-25 16:55:56.988 [warning] Using default string since no string found in i18n bundle that has the key: Tag at {0}
2026-04-25 16:55:56.988 [warning] Using default string since no string found in i18n bundle that has the key: tags
2026-04-25 16:55:56.988 [warning] Using default string since no string found in i18n bundle that has the key: Tag at {0}
2026-04-25 16:55:56.988 [warning] Using default string since no string found in i18n bundle that has the key: tags
2026-04-25 16:55:56.988 [warning] Using default string since no string found in i18n bundle that has the key: Remote branch at {0}
2026-04-25 16:55:56.988 [warning] Using default string since no string found in i18n bundle that has the key: remote branches
2026-04-25 16:55:56.988 [warning] Using default string since no string found in i18n bundle that has the key: Remote branch at {0}
2026-04-25 16:55:56.988 [warning] Using default string since no string found in i18n bundle that has the key: remote branches
2026-04-25 16:55:56.988 [warning] Using default string since no string found in i18n bundle that has the key: Remote branch at {0}
2026-04-25 16:55:56.988 [warning] Using default string since no string found in i18n bundle that has the key: remote branches
2026-04-25 16:55:56.988 [warning] Using default string since no string found in i18n bundle that has the key: Tag at {0}
2026-04-25 16:55:56.988 [warning] Using default string since no string found in i18n bundle that has the key: tags
2026-04-25 16:55:56.988 [warning] Using default string since no string found in i18n bundle that has the key: Tag at {0}
2026-04-25 16:55:56.988 [warning] Using default string since no string found in i18n bundle that has the key: tags
2026-04-25 16:55:56.988 [warning] Using default string since no string found in i18n bundle that has the key: Remote branch at {0}
2026-04-25 16:55:56.988 [warning] Using default string since no string found in i18n bundle that has the key: remote branches
2026-04-25 16:55:56.988 [warning] Using default string since no string found in i18n bundle that has the key: Remote branch at {0}
2026-04-25 16:55:56.988 [warning] Using default string since no string found in i18n bundle that has the key: remote branches
2026-04-25 16:55:56.988 [warning] Using default string since no string found in i18n bundle that has the key: Remote branch at {0}
2026-04-25 16:55:56.988 [warning] Using default string since no string found in i18n bundle that has the key: remote branches
2026-04-25 16:55:56.988 [warning] Using default string since no string found in i18n bundle that has the key: Tag at {0}
2026-04-25 16:55:56.988 [warning] Using default string since no string found in i18n bundle that has the key: tags
2026-04-25 16:55:56.988 [warning] Using default string since no string found in i18n bundle that has the key: Tag at {0}
2026-04-25 16:55:56.988 [warning] Using default string since no string found in i18n bundle that has the key: tags
2026-04-25 16:55:56.988 [warning] Using default string since no string found in i18n bundle that has the key: Tag at {0}
2026-04-25 16:55:56.988 [warning] Using default string since no string found in i18n bundle that has the key: tags
2026-04-25 16:55:56.988 [warning] Using default string since no string found in i18n bundle that has the key: Remote branch at {0}
2026-04-25 16:55:56.988 [warning] Using default string since no string found in i18n bundle that has the key: remote branches
2026-04-25 16:55:56.988 [warning] Using default string since no string found in i18n bundle that has the key: Remote branch at {0}
2026-04-25 16:55:56.988 [warning] Using default string since no string found in i18n bundle that has the key: remote branches
2026-04-25 16:55:56.988 [warning] Using default string since no string found in i18n bundle that has the key: Remote branch at {0}
2026-04-25 16:55:56.988 [warning] Using default string since no string found in i18n bundle that has the key: remote branches
2026-04-25 16:55:56.988 [warning] Using default string since no string found in i18n bundle that has the key: Tag at {0}
2026-04-25 16:55:56.988 [warning] Using default string since no string found in i18n bundle that has the key: tags
2026-04-25 16:55:56.988 [warning] Using default string since no string found in i18n bundle that has the key: Remote branch at {0}
2026-04-25 16:55:56.988 [warning] Using default string since no string found in i18n bundle that has the key: remote branches
2026-04-25 16:55:56.988 [warning] Using default string since no string found in i18n bundle that has the key: Remote branch at {0}
2026-04-25 16:55:56.988 [warning] Using default string since no string found in i18n bundle that has the key: remote branches
2026-04-25 16:55:56.988 [warning] Using default string since no string found in i18n bundle that has the key: Tag at {0}
2026-04-25 16:55:56.988 [warning] Using default string since no string found in i18n bundle that has the key: tags
2026-04-25 16:55:56.988 [warning] Using default string since no string found in i18n bundle that has the key: Remote branch at {0}
2026-04-25 16:55:56.988 [warning] Using default string since no string found in i18n bundle that has the key: remote branches
2026-04-25 16:55:56.988 [warning] Using default string since no string found in i18n bundle that has the key: Tag at {0}
2026-04-25 16:55:56.988 [warning] Using default string since no string found in i18n bundle that has the key: tags
2026-04-25 16:55:56.988 [warning] Using default string since no string found in i18n bundle that has the key: Remote branch at {0}
2026-04-25 16:55:56.988 [warning] Using default string since no string found in i18n bundle that has the key: remote branches
2026-04-25 16:55:56.988 [warning] Using default string since no string found in i18n bundle that has the key: Remote branch at {0}
2026-04-25 16:55:56.988 [warning] Using default string since no string found in i18n bundle that has the key: remote branches
2026-04-25 16:55:56.988 [warning] Using default string since no string found in i18n bundle that has the key: Remote branch at {0}
2026-04-25 16:55:56.988 [warning] Using default string since no string found in i18n bundle that has the key: remote branches
2026-04-25 16:55:56.988 [warning] Using default string since no string found in i18n bundle that has the key: Remote branch at {0}
2026-04-25 16:55:56.988 [warning] Using default string since no string found in i18n bundle that has the key: remote branches
2026-04-25 16:55:56.988 [warning] Using default string since no string found in i18n bundle that has the key: Tag at {0}
2026-04-25 16:55:56.988 [warning] Using default string since no string found in i18n bundle that has the key: tags
2026-04-25 16:55:56.988 [warning] Using default string since no string found in i18n bundle that has the key: Remote branch at {0}
2026-04-25 16:55:56.988 [warning] Using default string since no string found in i18n bundle that has the key: remote branches
2026-04-25 16:55:56.988 [warning] Using default string since no string found in i18n bundle that has the key: Remote branch at {0}
2026-04-25 16:55:56.988 [warning] Using default string since no string found in i18n bundle that has the key: remote branches
2026-04-25 16:55:56.988 [warning] Using default string since no string found in i18n bundle that has the key: Tag at {0}
2026-04-25 16:55:56.988 [warning] Using default string since no string found in i18n bundle that has the key: tags
2026-04-25 16:55:56.988 [warning] Using default string since no string found in i18n bundle that has the key: Remote branch at {0}
2026-04-25 16:55:56.988 [warning] Using default string since no string found in i18n bundle that has the key: remote branches
2026-04-25 16:55:56.988 [warning] Using default string since no string found in i18n bundle that has the key: Remote branch at {0}
2026-04-25 16:55:56.988 [warning] Using default string since no string found in i18n bundle that has the key: remote branches
2026-04-25 16:55:56.988 [warning] Using default string since no string found in i18n bundle that has the key: Remote branch at {0}
2026-04-25 16:55:56.988 [warning] Using default string since no string found in i18n bundle that has the key: remote branches
2026-04-25 16:55:56.988 [warning] Using default string since no string found in i18n bundle that has the key: Remote branch at {0}
2026-04-25 16:55:56.988 [warning] Using default string since no string found in i18n bundle that has the key: remote branches
2026-04-25 16:55:56.988 [warning] Using default string since no string found in i18n bundle that has the key: Remote branch at {0}
2026-04-25 16:55:56.988 [warning] Using default string since no string found in i18n bundle that has the key: remote branches
2026-04-25 16:55:56.988 [warning] Using default string since no string found in i18n bundle that has the key: Remote branch at {0}
2026-04-25 16:55:56.988 [warning] Using default string since no string found in i18n bundle that has the key: remote branches
2026-04-25 16:55:56.988 [warning] Using default string since no string found in i18n bundle that has the key: Tag at {0}
2026-04-25 16:55:56.988 [warning] Using default string since no string found in i18n bundle that has the key: tags
2026-04-25 16:55:56.988 [warning] Using default string since no string found in i18n bundle that has the key: Remote branch at {0}
2026-04-25 16:55:56.988 [warning] Using default string since no string found in i18n bundle that has the key: remote branches
2026-04-25 16:55:56.988 [warning] Using default string since no string found in i18n bundle that has the key: Tag at {0}
2026-04-25 16:55:56.988 [warning] Using default string since no string found in i18n bundle that has the key: tags
2026-04-25 16:55:56.988 [warning] Using default string since no string found in i18n bundle that has the key: Remote branch at {0}
2026-04-25 16:55:56.988 [warning] Using default string since no string found in i18n bundle that has the key: remote branches
2026-04-25 16:55:56.988 [warning] Using default string since no string found in i18n bundle that has the key: Remote branch at {0}
2026-04-25 16:55:56.988 [warning] Using default string since no string found in i18n bundle that has the key: remote branches
2026-04-25 16:55:56.988 [warning] Using default string since no string found in i18n bundle that has the key: Remote branch at {0}
2026-04-25 16:55:56.988 [warning] Using default string since no string found in i18n bundle that has the key: remote branches
2026-04-25 16:55:56.988 [warning] Using default string since no string found in i18n bundle that has the key: Tag at {0}
2026-04-25 16:55:56.988 [warning] Using default string since no string found in i18n bundle that has the key: tags
2026-04-25 16:55:56.988 [warning] Using default string since no string found in i18n bundle that has the key: Remote branch at {0}
2026-04-25 16:55:56.988 [warning] Using default string since no string found in i18n bundle that has the key: remote branches
2026-04-25 16:55:56.988 [warning] Using default string since no string found in i18n bundle that has the key: Tag at {0}
2026-04-25 16:55:56.988 [warning] Using default string since no string found in i18n bundle that has the key: tags
2026-04-25 16:55:56.988 [warning] Using default string since no string found in i18n bundle that has the key: Remote branch at {0}
2026-04-25 16:55:56.988 [warning] Using default string since no string found in i18n bundle that has the key: remote branches
2026-04-25 16:55:56.988 [warning] Using default string since no string found in i18n bundle that has the key: Remote branch at {0}
2026-04-25 16:55:56.988 [warning] Using default string since no string found in i18n bundle that has the key: remote branches
2026-04-25 16:55:56.988 [warning] Using default string since no string found in i18n bundle that has the key: Tag at {0}
2026-04-25 16:55:56.988 [warning] Using default string since no string found in i18n bundle that has the key: tags
2026-04-25 16:55:56.988 [warning] Using default string since no string found in i18n bundle that has the key: Remote branch at {0}
2026-04-25 16:55:56.988 [warning] Using default string since no string found in i18n bundle that has the key: remote branches
2026-04-25 16:55:56.988 [warning] Using default string since no string found in i18n bundle that has the key: Remote branch at {0}
2026-04-25 16:55:56.988 [warning] Using default string since no string found in i18n bundle that has the key: remote branches
2026-04-25 16:55:56.988 [warning] Using default string since no string found in i18n bundle that has the key: Remote branch at {0}
2026-04-25 16:55:56.988 [warning] Using default string since no string found in i18n bundle that has the key: remote branches
2026-04-25 16:55:56.988 [warning] Using default string since no string found in i18n bundle that has the key: Tag at {0}
2026-04-25 16:55:56.988 [warning] Using default string since no string found in i18n bundle that has the key: tags
2026-04-25 16:55:56.988 [warning] Using default string since no string found in i18n bundle that has the key: Remote branch at {0}
2026-04-25 16:55:56.988 [warning] Using default string since no string found in i18n bundle that has the key: remote branches
2026-04-25 16:55:56.988 [warning] Using default string since no string found in i18n bundle that has the key: Tag at {0}
2026-04-25 16:55:56.988 [warning] Using default string since no string found in i18n bundle that has the key: tags
2026-04-25 16:55:56.988 [warning] Using default string since no string found in i18n bundle that has the key: Remote branch at {0}
2026-04-25 16:55:56.988 [warning] Using default string since no string found in i18n bundle that has the key: remote branches
2026-04-25 16:55:56.988 [warning] Using default string since no string found in i18n bundle that has the key: Tag at {0}
2026-04-25 16:55:56.988 [warning] Using default string since no string found in i18n bundle that has the key: tags
2026-04-25 16:55:56.988 [warning] Using default string since no string found in i18n bundle that has the key: Tag at {0}
2026-04-25 16:55:56.988 [warning] Using default string since no string found in i18n bundle that has the key: tags
2026-04-25 16:55:56.988 [warning] Using default string since no string found in i18n bundle that has the key: Remote branch at {0}
2026-04-25 16:55:56.988 [warning] Using default string since no string found in i18n bundle that has the key: remote branches
2026-04-25 16:55:56.988 [warning] Using default string since no string found in i18n bundle that has the key: Remote branch at {0}
2026-04-25 16:55:56.988 [warning] Using default string since no string found in i18n bundle that has the key: remote branches
2026-04-25 16:55:56.988 [warning] Using default string since no string found in i18n bundle that has the key: Remote branch at {0}
2026-04-25 16:55:56.988 [warning] Using default string since no string found in i18n bundle that has the key: remote branches
2026-04-25 16:55:56.988 [warning] Using default string since no string found in i18n bundle that has the key: Remote branch at {0}
2026-04-25 16:55:56.988 [warning] Using default string since no string found in i18n bundle that has the key: remote branches
2026-04-25 16:55:56.988 [warning] Using default string since no string found in i18n bundle that has the key: Tag at {0}
2026-04-25 16:55:56.988 [warning] Using default string since no string found in i18n bundle that has the key: tags
2026-04-25 16:55:56.988 [warning] Using default string since no string found in i18n bundle that has the key: Tag at {0}
2026-04-25 16:55:56.988 [warning] Using default string since no string found in i18n bundle that has the key: tags
2026-04-25 16:55:56.988 [warning] Using default string since no string found in i18n bundle that has the key: Remote branch at {0}
2026-04-25 16:55:56.988 [warning] Using default string since no string found in i18n bundle that has the key: remote branches
2026-04-25 16:55:56.988 [warning] Using default string since no string found in i18n bundle that has the key: Remote branch at {0}
2026-04-25 16:55:56.988 [warning] Using default string since no string found in i18n bundle that has the key: remote branches
2026-04-25 16:55:56.988 [warning] Using default string since no string found in i18n bundle that has the key: Tag at {0}
2026-04-25 16:55:56.988 [warning] Using default string since no string found in i18n bundle that has the key: tags
2026-04-25 16:55:56.988 [warning] Using default string since no string found in i18n bundle that has the key: Remote branch at {0}
2026-04-25 16:55:56.988 [warning] Using default string since no string found in i18n bundle that has the key: remote branches
2026-04-25 16:55:56.988 [warning] Using default string since no string found in i18n bundle that has the key: Tag at {0}
2026-04-25 16:55:56.988 [warning] Using default string since no string found in i18n bundle that has the key: tags
2026-04-25 16:55:56.988 [warning] Using default string since no string found in i18n bundle that has the key: Remote branch at {0}
2026-04-25 16:55:56.988 [warning] Using default string since no string found in i18n bundle that has the key: remote branches
2026-04-25 16:55:56.988 [warning] Using default string since no string found in i18n bundle that has the key: Tag at {0}
2026-04-25 16:55:56.988 [warning] Using default string since no string found in i18n bundle that has the key: tags
2026-04-25 16:55:56.988 [warning] Using default string since no string found in i18n bundle that has the key: Remote branch at {0}
2026-04-25 16:55:56.988 [warning] Using default string since no string found in i18n bundle that has the key: remote branches
2026-04-25 16:55:56.988 [warning] Using default string since no string found in i18n bundle that has the key: Remote branch at {0}
2026-04-25 16:55:56.988 [warning] Using default string since no string found in i18n bundle that has the key: remote branches
2026-04-25 16:55:56.988 [warning] Using default string since no string found in i18n bundle that has the key: Tag at {0}
2026-04-25 16:55:56.988 [warning] Using default string since no string found in i18n bundle that has the key: tags
2026-04-25 16:55:56.988 [warning] Using default string since no string found in i18n bundle that has the key: Remote branch at {0}
2026-04-25 16:55:56.988 [warning] Using default string since no string found in i18n bundle that has the key: remote branches
2026-04-25 16:55:56.988 [warning] Using default string since no string found in i18n bundle that has the key: Remote branch at {0}
2026-04-25 16:55:56.988 [warning] Using default string since no string found in i18n bundle that has the key: remote branches
2026-04-25 16:55:56.988 [warning] Using default string since no string found in i18n bundle that has the key: Remote branch at {0}
2026-04-25 16:55:56.988 [warning] Using default string since no string found in i18n bundle that has the key: remote branches
2026-04-25 16:55:56.988 [warning] Using default string since no string found in i18n bundle that has the key: Tag at {0}
2026-04-25 16:55:56.988 [warning] Using default string since no string found in i18n bundle that has the key: tags
2026-04-25 16:55:56.988 [warning] Using default string since no string found in i18n bundle that has the key: Remote branch at {0}
2026-04-25 16:55:56.988 [warning] Using default string since no string found in i18n bundle that has the key: remote branches
2026-04-25 16:55:56.988 [warning] Using default string since no string found in i18n bundle that has the key: Remote branch at {0}
2026-04-25 16:55:56.988 [warning] Using default string since no string found in i18n bundle that has the key: remote branches
2026-04-25 16:55:56.988 [warning] Using default string since no string found in i18n bundle that has the key: Remote branch at {0}
2026-04-25 16:55:56.988 [warning] Using default string since no string found in i18n bundle that has the key: remote branches
2026-04-25 16:55:56.988 [warning] Using default string since no string found in i18n bundle that has the key: Tag at {0}
2026-04-25 16:55:56.988 [warning] Using default string since no string found in i18n bundle that has the key: tags
2026-04-25 16:55:56.988 [warning] Using default string since no string found in i18n bundle that has the key: Remote branch at {0}
2026-04-25 16:55:56.988 [warning] Using default string since no string found in i18n bundle that has the key: remote branches
2026-04-25 16:55:56.988 [warning] Using default string since no string found in i18n bundle that has the key: Remote branch at {0}
2026-04-25 16:55:56.988 [warning] Using default string since no string found in i18n bundle that has the key: remote branches
2026-04-25 16:55:56.988 [warning] Using default string since no string found in i18n bundle that has the key: Tag at {0}
2026-04-25 16:55:56.988 [warning] Using default string since no string found in i18n bundle that has the key: tags
2026-04-25 16:55:56.988 [warning] Using default string since no string found in i18n bundle that has the key: Remote branch at {0}
2026-04-25 16:55:56.988 [warning] Using default string since no string found in i18n bundle that has the key: remote branches
2026-04-25 16:55:56.988 [warning] Using default string since no string found in i18n bundle that has the key: Tag at {0}
2026-04-25 16:55:56.988 [warning] Using default string since no string found in i18n bundle that has the key: tags
2026-04-25 16:55:56.988 [warning] Using default string since no string found in i18n bundle that has the key: Remote branch at {0}
2026-04-25 16:55:56.988 [warning] Using default string since no string found in i18n bundle that has the key: remote branches
2026-04-25 16:55:56.988 [warning] Using default string since no string found in i18n bundle that has the key: Remote branch at {0}
2026-04-25 16:55:56.988 [warning] Using default string since no string found in i18n bundle that has the key: remote branches
2026-04-25 16:55:56.988 [warning] Using default string since no string found in i18n bundle that has the key: Remote branch at {0}
2026-04-25 16:55:56.988 [warning] Using default string since no string found in i18n bundle that has the key: remote branches
2026-04-25 16:55:56.988 [warning] Using default string since no string found in i18n bundle that has the key: Tag at {0}
2026-04-25 16:55:56.988 [warning] Using default string since no string found in i18n bundle that has the key: tags
2026-04-25 16:55:56.988 [warning] Using default string since no string found in i18n bundle that has the key: Remote branch at {0}
2026-04-25 16:55:56.988 [warning] Using default string since no string found in i18n bundle that has the key: remote branches
2026-04-25 16:55:56.988 [warning] Using default string since no string found in i18n bundle that has the key: Remote branch at {0}
2026-04-25 16:55:56.988 [warning] Using default string since no string found in i18n bundle that has the key: remote branches
2026-04-25 16:55:56.988 [warning] Using default string since no string found in i18n bundle that has the key: Tag at {0}
2026-04-25 16:55:56.988 [warning] Using default string since no string found in i18n bundle that has the key: tags
2026-04-25 16:55:56.988 [warning] Using default string since no string found in i18n bundle that has the key: Remote branch at {0}
2026-04-25 16:55:56.988 [warning] Using default string since no string found in i18n bundle that has the key: remote branches
2026-04-25 16:55:56.988 [warning] Using default string since no string found in i18n bundle that has the key: Tag at {0}
2026-04-25 16:55:56.988 [warning] Using default string since no string found in i18n bundle that has the key: tags
2026-04-25 16:55:56.988 [warning] Using default string since no string found in i18n bundle that has the key: Remote branch at {0}
2026-04-25 16:55:56.988 [warning] Using default string since no string found in i18n bundle that has the key: remote branches
2026-04-25 16:55:56.988 [warning] Using default string since no string found in i18n bundle that has the key: Tag at {0}
2026-04-25 16:55:56.988 [warning] Using default string since no string found in i18n bundle that has the key: tags
2026-04-25 16:55:56.988 [warning] Using default string since no string found in i18n bundle that has the key: Remote branch at {0}
2026-04-25 16:55:56.988 [warning] Using default string since no string found in i18n bundle that has the key: remote branches
2026-04-25 16:55:56.988 [warning] Using default string since no string found in i18n bundle that has the key: Remote branch at {0}
2026-04-25 16:55:56.988 [warning] Using default string since no string found in i18n bundle that has the key: remote branches
2026-04-25 16:55:56.988 [warning] Using default string since no string found in i18n bundle that has the key: Tag at {0}
2026-04-25 16:55:56.988 [warning] Using default string since no string found in i18n bundle that has the key: tags
2026-04-25 16:55:56.988 [warning] Using default string since no string found in i18n bundle that has the key: Remote branch at {0}
2026-04-25 16:55:56.988 [warning] Using default string since no string found in i18n bundle that has the key: remote branches
2026-04-25 16:55:56.988 [warning] Using default string since no string found in i18n bundle that has the key: Tag at {0}
2026-04-25 16:55:56.988 [warning] Using default string since no string found in i18n bundle that has the key: tags
2026-04-25 16:55:56.988 [warning] Using default string since no string found in i18n bundle that has the key: Remote branch at {0}
2026-04-25 16:55:56.988 [warning] Using default string since no string found in i18n bundle that has the key: remote branches
2026-04-25 16:55:56.988 [warning] Using default string since no string found in i18n bundle that has the key: Remote branch at {0}
2026-04-25 16:55:56.988 [warning] Using default string since no string found in i18n bundle that has the key: remote branches
2026-04-25 16:55:56.988 [warning] Using default string since no string found in i18n bundle that has the key: Tag at {0}
2026-04-25 16:55:56.988 [warning] Using default string since no string found in i18n bundle that has the key: tags
2026-04-25 16:55:56.988 [warning] Using default string since no string found in i18n bundle that has the key: Tag at {0}
2026-04-25 16:55:56.988 [warning] Using default string since no string found in i18n bundle that has the key: tags
2026-04-25 16:55:56.988 [warning] Using default string since no string found in i18n bundle that has the key: Remote branch at {0}
2026-04-25 16:55:56.988 [warning] Using default string since no string found in i18n bundle that has the key: remote branches
2026-04-25 16:55:56.988 [warning] Using default string since no string found in i18n bundle that has the key: Remote branch at {0}
2026-04-25 16:55:56.988 [warning] Using default string since no string found in i18n bundle that has the key: remote branches
2026-04-25 16:55:56.988 [warning] Using default string since no string found in i18n bundle that has the key: Tag at {0}
2026-04-25 16:55:56.988 [warning] Using default string since no string found in i18n bundle that has the key: tags
2026-04-25 16:55:56.988 [warning] Using default string since no string found in i18n bundle that has the key: Remote branch at {0}
2026-04-25 16:55:56.988 [warning] Using default string since no string found in i18n bundle that has the key: remote branches
2026-04-25 16:55:56.988 [warning] Using default string since no string found in i18n bundle that has the key: Tag at {0}
2026-04-25 16:55:56.988 [warning] Using default string since no string found in i18n bundle that has the key: tags
2026-04-25 16:55:56.988 [warning] Using default string since no string found in i18n bundle that has the key: Remote branch at {0}
2026-04-25 16:55:56.988 [warning] Using default string since no string found in i18n bundle that has the key: remote branches
2026-04-25 16:55:56.988 [warning] Using default string since no string found in i18n bundle that has the key: Remote branch at {0}
2026-04-25 16:55:56.988 [warning] Using default string since no string found in i18n bundle that has the key: remote branches
2026-04-25 16:55:56.988 [warning] Using default string since no string found in i18n bundle that has the key: Tag at {0}
2026-04-25 16:55:56.988 [warning] Using default string since no string found in i18n bundle that has the key: tags
2026-04-25 16:55:56.988 [warning] Using default string since no string found in i18n bundle that has the key: Tag at {0}
2026-04-25 16:55:56.988 [warning] Using default string since no string found in i18n bundle that has the key: tags
2026-04-25 16:55:56.988 [warning] Using default string since no string found in i18n bundle that has the key: Remote branch at {0}
2026-04-25 16:55:56.988 [warning] Using default string since no string found in i18n bundle that has the key: remote branches
2026-04-25 16:55:56.988 [warning] Using default string since no string found in i18n bundle that has the key: Remote branch at {0}
2026-04-25 16:55:56.988 [warning] Using default string since no string found in i18n bundle that has the key: remote branches
2026-04-25 16:55:56.988 [warning] Using default string since no string found in i18n bundle that has the key: Remote branch at {0}
2026-04-25 16:55:56.988 [warning] Using default string since no string found in i18n bundle that has the key: remote branches
2026-04-25 16:55:56.988 [warning] Using default string since no string found in i18n bundle that has the key: Remote branch at {0}
2026-04-25 16:55:56.988 [warning] Using default string since no string found in i18n bundle that has the key: remote branches
2026-04-25 16:55:56.988 [warning] Using default string since no string found in i18n bundle that has the key: Tag at {0}
2026-04-25 16:55:56.988 [warning] Using default string since no string found in i18n bundle that has the key: tags
2026-04-25 16:55:56.988 [warning] Using default string since no string found in i18n bundle that has the key: Tag at {0}
2026-04-25 16:55:56.988 [warning] Using default string since no string found in i18n bundle that has the key: tags
2026-04-25 16:55:56.988 [warning] Using default string since no string found in i18n bundle that has the key: Remote branch at {0}
2026-04-25 16:55:56.988 [warning] Using default string since no string found in i18n bundle that has the key: remote branches
2026-04-25 16:55:56.988 [warning] Using default string since no string found in i18n bundle that has the key: Tag at {0}
2026-04-25 16:55:56.988 [warning] Using default string since no string found in i18n bundle that has the key: tags
2026-04-25 16:55:56.988 [warning] Using default string since no string found in i18n bundle that has the key: Remote branch at {0}
2026-04-25 16:55:56.988 [warning] Using default string since no string found in i18n bundle that has the key: remote branches
2026-04-25 16:55:56.988 [warning] Using default string since no string found in i18n bundle that has the key: Remote branch at {0}
2026-04-25 16:55:56.989 [warning] Using default string since no string found in i18n bundle that has the key: remote branches
2026-04-25 16:55:56.989 [warning] Using default string since no string found in i18n bundle that has the key: Remote branch at {0}
2026-04-25 16:55:56.989 [warning] Using default string since no string found in i18n bundle that has the key: remote branches
2026-04-25 16:55:56.989 [warning] Using default string since no string found in i18n bundle that has the key: Remote branch at {0}
2026-04-25 16:55:56.989 [warning] Using default string since no string found in i18n bundle that has the key: remote branches
2026-04-25 16:55:56.989 [warning] Using default string since no string found in i18n bundle that has the key: Tag at {0}
2026-04-25 16:55:56.989 [warning] Using default string since no string found in i18n bundle that has the key: tags
2026-04-25 16:55:56.989 [warning] Using default string since no string found in i18n bundle that has the key: Remote branch at {0}
2026-04-25 16:55:56.989 [warning] Using default string since no string found in i18n bundle that has the key: remote branches
2026-04-25 16:55:56.989 [warning] Using default string since no string found in i18n bundle that has the key: Tag at {0}
2026-04-25 16:55:56.989 [warning] Using default string since no string found in i18n bundle that has the key: tags
2026-04-25 16:55:56.989 [warning] Using default string since no string found in i18n bundle that has the key: Remote branch at {0}
2026-04-25 16:55:56.989 [warning] Using default string since no string found in i18n bundle that has the key: remote branches
2026-04-25 16:55:56.989 [warning] Using default string since no string found in i18n bundle that has the key: Tag at {0}
2026-04-25 16:55:56.989 [warning] Using default string since no string found in i18n bundle that has the key: tags
2026-04-25 16:55:56.989 [warning] Using default string since no string found in i18n bundle that has the key: Remote branch at {0}
2026-04-25 16:55:56.989 [warning] Using default string since no string found in i18n bundle that has the key: remote branches
2026-04-25 16:55:56.989 [warning] Using default string since no string found in i18n bundle that has the key: Remote branch at {0}
2026-04-25 16:55:56.989 [warning] Using default string since no string found in i18n bundle that has the key: remote branches
2026-04-25 16:55:56.989 [warning] Using default string since no string found in i18n bundle that has the key: Remote branch at {0}
2026-04-25 16:55:56.989 [warning] Using default string since no string found in i18n bundle that has the key: remote branches
2026-04-25 16:55:56.989 [warning] Using default string since no string found in i18n bundle that has the key: Tag at {0}
2026-04-25 16:55:56.989 [warning] Using default string since no string found in i18n bundle that has the key: tags
2026-04-25 16:55:56.989 [warning] Using default string since no string found in i18n bundle that has the key: Tag at {0}
2026-04-25 16:55:56.989 [warning] Using default string since no string found in i18n bundle that has the key: tags
2026-04-25 16:55:56.989 [warning] Using default string since no string found in i18n bundle that has the key: Remote branch at {0}
2026-04-25 16:55:56.989 [warning] Using default string since no string found in i18n bundle that has the key: remote branches
2026-04-25 16:55:56.989 [warning] Using default string since no string found in i18n bundle that has the key: Remote branch at {0}
2026-04-25 16:55:56.989 [warning] Using default string since no string found in i18n bundle that has the key: remote branches
2026-04-25 16:55:56.989 [warning] Using default string since no string found in i18n bundle that has the key: Tag at {0}
2026-04-25 16:55:56.989 [warning] Using default string since no string found in i18n bundle that has the key: tags
2026-04-25 16:55:56.989 [warning] Using default string since no string found in i18n bundle that has the key: Tag at {0}
2026-04-25 16:55:56.989 [warning] Using default string since no string found in i18n bundle that has the key: tags
2026-04-25 16:55:56.989 [warning] Using default string since no string found in i18n bundle that has the key: Remote branch at {0}
2026-04-25 16:55:56.989 [warning] Using default string since no string found in i18n bundle that has the key: remote branches
2026-04-25 16:55:56.989 [warning] Using default string since no string found in i18n bundle that has the key: Tag at {0}
2026-04-25 16:55:56.989 [warning] Using default string since no string found in i18n bundle that has the key: tags
2026-04-25 16:55:56.989 [warning] Using default string since no string found in i18n bundle that has the key: Tag at {0}
2026-04-25 16:55:56.989 [warning] Using default string since no string found in i18n bundle that has the key: tags
2026-04-25 16:55:56.989 [warning] Using default string since no string found in i18n bundle that has the key: Remote branch at {0}
2026-04-25 16:55:56.989 [warning] Using default string since no string found in i18n bundle that has the key: remote branches
2026-04-25 16:55:56.989 [warning] Using default string since no string found in i18n bundle that has the key: Remote branch at {0}
2026-04-25 16:55:56.989 [warning] Using default string since no string found in i18n bundle that has the key: remote branches
2026-04-25 16:55:56.989 [warning] Using default string since no string found in i18n bundle that has the key: Tag at {0}
2026-04-25 16:55:56.989 [warning] Using default string since no string found in i18n bundle that has the key: tags
2026-04-25 16:55:56.989 [warning] Using default string since no string found in i18n bundle that has the key: Tag at {0}
2026-04-25 16:55:56.989 [warning] Using default string since no string found in i18n bundle that has the key: tags
2026-04-25 16:55:56.989 [warning] Using default string since no string found in i18n bundle that has the key: Remote branch at {0}
2026-04-25 16:55:56.989 [warning] Using default string since no string found in i18n bundle that has the key: remote branches
2026-04-25 16:55:56.989 [warning] Using default string since no string found in i18n bundle that has the key: Tag at {0}
2026-04-25 16:55:56.989 [warning] Using default string since no string found in i18n bundle that has the key: tags
2026-04-25 16:55:56.989 [warning] Using default string since no string found in i18n bundle that has the key: Remote branch at {0}
2026-04-25 16:55:56.989 [warning] Using default string since no string found in i18n bundle that has the key: remote branches
2026-04-25 16:55:56.989 [warning] Using default string since no string found in i18n bundle that has the key: Tag at {0}
2026-04-25 16:55:56.989 [warning] Using default string since no string found in i18n bundle that has the key: tags
2026-04-25 16:55:56.989 [warning] Using default string since no string found in i18n bundle that has the key: Tag at {0}
2026-04-25 16:55:56.989 [warning] Using default string since no string found in i18n bundle that has the key: tags
2026-04-25 16:55:56.989 [warning] Using default string since no string found in i18n bundle that has the key: Remote branch at {0}
2026-04-25 16:55:56.989 [warning] Using default string since no string found in i18n bundle that has the key: remote branches
2026-04-25 16:55:56.989 [warning] Using default string since no string found in i18n bundle that has the key: Remote branch at {0}
2026-04-25 16:55:56.989 [warning] Using default string since no string found in i18n bundle that has the key: remote branches
2026-04-25 16:55:56.989 [warning] Using default string since no string found in i18n bundle that has the key: Tag at {0}
2026-04-25 16:55:56.989 [warning] Using default string since no string found in i18n bundle that has the key: tags
2026-04-25 16:55:56.989 [warning] Using default string since no string found in i18n bundle that has the key: Tag at {0}
2026-04-25 16:55:56.989 [warning] Using default string since no string found in i18n bundle that has the key: tags
2026-04-25 16:55:56.989 [warning] Using default string since no string found in i18n bundle that has the key: Remote branch at {0}
2026-04-25 16:55:56.989 [warning] Using default string since no string found in i18n bundle that has the key: remote branches
2026-04-25 16:55:56.989 [warning] Using default string since no string found in i18n bundle that has the key: Tag at {0}
2026-04-25 16:55:56.989 [warning] Using default string since no string found in i18n bundle that has the key: tags
2026-04-25 16:55:56.989 [warning] Using default string since no string found in i18n bundle that has the key: Tag at {0}
2026-04-25 16:55:56.989 [warning] Using default string since no string found in i18n bundle that has the key: tags
2026-04-25 16:55:56.989 [warning] Using default string since no string found in i18n bundle that has the key: Remote branch at {0}
2026-04-25 16:55:56.989 [warning] Using default string since no string found in i18n bundle that has the key: remote branches
2026-04-25 16:55:56.989 [warning] Using default string since no string found in i18n bundle that has the key: Tag at {0}
2026-04-25 16:55:56.989 [warning] Using default string since no string found in i18n bundle that has the key: tags
2026-04-25 16:55:56.989 [warning] Using default string since no string found in i18n bundle that has the key: Tag at {0}
2026-04-25 16:55:56.989 [warning] Using default string since no string found in i18n bundle that has the key: tags
2026-04-25 16:55:56.989 [warning] Using default string since no string found in i18n bundle that has the key: Tag at {0}
2026-04-25 16:55:56.989 [warning] Using default string since no string found in i18n bundle that has the key: tags
2026-04-25 16:55:56.989 [warning] Using default string since no string found in i18n bundle that has the key: Tag at {0}
2026-04-25 16:55:56.989 [warning] Using default string since no string found in i18n bundle that has the key: tags
2026-04-25 16:55:56.989 [warning] Using default string since no string found in i18n bundle that has the key: Tag at {0}
2026-04-25 16:55:56.989 [warning] Using default string since no string found in i18n bundle that has the key: tags
2026-04-25 16:55:56.989 [warning] Using default string since no string found in i18n bundle that has the key: Remote branch at {0}
2026-04-25 16:55:56.989 [warning] Using default string since no string found in i18n bundle that has the key: remote branches
2026-04-25 16:55:56.989 [warning] Using default string since no string found in i18n bundle that has the key: Tag at {0}
2026-04-25 16:55:56.989 [warning] Using default string since no string found in i18n bundle that has the key: tags
2026-04-25 16:55:56.989 [warning] Using default string since no string found in i18n bundle that has the key: Tag at {0}
2026-04-25 16:55:56.989 [warning] Using default string since no string found in i18n bundle that has the key: tags
2026-04-25 16:55:56.989 [warning] Using default string since no string found in i18n bundle that has the key: Remote branch at {0}
2026-04-25 16:55:56.989 [warning] Using default string since no string found in i18n bundle that has the key: remote branches
2026-04-25 16:55:56.989 [warning] Using default string since no string found in i18n bundle that has the key: Tag at {0}
2026-04-25 16:55:56.989 [warning] Using default string since no string found in i18n bundle that has the key: tags
2026-04-25 16:55:56.989 [warning] Using default string since no string found in i18n bundle that has the key: Remote branch at {0}
2026-04-25 16:55:56.989 [warning] Using default string since no string found in i18n bundle that has the key: remote branches
2026-04-25 16:55:56.989 [warning] Using default string since no string found in i18n bundle that has the key: Tag at {0}
2026-04-25 16:55:56.989 [warning] Using default string since no string found in i18n bundle that has the key: tags
2026-04-25 16:55:56.989 [warning] Using default string since no string found in i18n bundle that has the key: Tag at {0}
2026-04-25 16:55:56.989 [warning] Using default string since no string found in i18n bundle that has the key: tags
2026-04-25 16:55:56.989 [warning] Using default string since no string found in i18n bundle that has the key: Remote branch at {0}
2026-04-25 16:55:56.989 [warning] Using default string since no string found in i18n bundle that has the key: remote branches
2026-04-25 16:55:56.989 [warning] Using default string since no string found in i18n bundle that has the key: Tag at {0}
2026-04-25 16:55:56.989 [warning] Using default string since no string found in i18n bundle that has the key: tags
2026-04-25 16:55:56.989 [warning] Using default string since no string found in i18n bundle that has the key: Remote branch at {0}
2026-04-25 16:55:56.989 [warning] Using default string since no string found in i18n bundle that has the key: remote branches
2026-04-25 16:55:56.989 [warning] Using default string since no string found in i18n bundle that has the key: Tag at {0}
2026-04-25 16:55:56.989 [warning] Using default string since no string found in i18n bundle that has the key: tags
2026-04-25 16:55:56.989 [warning] Using default string since no string found in i18n bundle that has the key: Tag at {0}
2026-04-25 16:55:56.989 [warning] Using default string since no string found in i18n bundle that has the key: tags
2026-04-25 16:55:56.989 [warning] Using default string since no string found in i18n bundle that has the key: Tag at {0}
2026-04-25 16:55:56.989 [warning] Using default string since no string found in i18n bundle that has the key: tags
2026-04-25 16:55:56.989 [warning] Using default string since no string found in i18n bundle that has the key: Tag at {0}
2026-04-25 16:55:56.989 [warning] Using default string since no string found in i18n bundle that has the key: tags
2026-04-25 16:55:56.989 [warning] Using default string since no string found in i18n bundle that has the key: Tag at {0}
2026-04-25 16:55:56.989 [warning] Using default string since no string found in i18n bundle that has the key: tags
2026-04-25 16:55:56.989 [warning] Using default string since no string found in i18n bundle that has the key: Tag at {0}
2026-04-25 16:55:56.989 [warning] Using default string since no string found in i18n bundle that has the key: tags
2026-04-25 16:55:56.989 [warning] Using default string since no string found in i18n bundle that has the key: Tag at {0}
2026-04-25 16:55:56.989 [warning] Using default string since no string found in i18n bundle that has the key: tags
2026-04-25 16:55:56.989 [warning] Using default string since no string found in i18n bundle that has the key: Tag at {0}
2026-04-25 16:55:56.989 [warning] Using default string since no string found in i18n bundle that has the key: tags
2026-04-25 16:55:56.989 [warning] Using default string since no string found in i18n bundle that has the key: Tag at {0}
2026-04-25 16:55:56.989 [warning] Using default string since no string found in i18n bundle that has the key: tags
2026-04-25 16:55:56.989 [warning] Using default string since no string found in i18n bundle that has the key: Tag at {0}
2026-04-25 16:55:56.989 [warning] Using default string since no string found in i18n bundle that has the key: tags
2026-04-25 16:55:56.989 [warning] Using default string since no string found in i18n bundle that has the key: Tag at {0}
2026-04-25 16:55:56.989 [warning] Using default string since no string found in i18n bundle that has the key: tags
2026-04-25 16:55:56.989 [warning] Using default string since no string found in i18n bundle that has the key: Tag at {0}
2026-04-25 16:55:56.989 [warning] Using default string since no string found in i18n bundle that has the key: tags
2026-04-25 16:55:56.989 [warning] Using default string since no string found in i18n bundle that has the key: Tag at {0}
2026-04-25 16:55:56.989 [warning] Using default string since no string found in i18n bundle that has the key: tags
2026-04-25 16:55:56.989 [warning] Using default string since no string found in i18n bundle that has the key: Tag at {0}
2026-04-25 16:55:56.989 [warning] Using default string since no string found in i18n bundle that has the key: tags
2026-04-25 16:55:56.989 [warning] Using default string since no string found in i18n bundle that has the key: Tag at {0}
2026-04-25 16:55:56.989 [warning] Using default string since no string found in i18n bundle that has the key: tags
2026-04-25 16:55:56.989 [warning] Using default string since no string found in i18n bundle that has the key: Remote branch at {0}
2026-04-25 16:55:56.989 [warning] Using default string since no string found in i18n bundle that has the key: remote branches
2026-04-25 16:55:56.989 [warning] Using default string since no string found in i18n bundle that has the key: Tag at {0}
2026-04-25 16:55:56.989 [warning] Using default string since no string found in i18n bundle that has the key: tags
2026-04-25 16:55:56.989 [warning] Using default string since no string found in i18n bundle that has the key: Tag at {0}
2026-04-25 16:55:56.989 [warning] Using default string since no string found in i18n bundle that has the key: tags
2026-04-25 16:55:56.989 [warning] Using default string since no string found in i18n bundle that has the key: Tag at {0}
2026-04-25 16:55:56.989 [warning] Using default string since no string found in i18n bundle that has the key: tags
2026-04-25 16:55:56.989 [warning] Using default string since no string found in i18n bundle that has the key: Tag at {0}
2026-04-25 16:55:56.989 [warning] Using default string since no string found in i18n bundle that has the key: tags
2026-04-25 16:55:56.989 [warning] Using default string since no string found in i18n bundle that has the key: Tag at {0}
2026-04-25 16:55:56.989 [warning] Using default string since no string found in i18n bundle that has the key: tags
2026-04-25 16:55:56.989 [warning] Using default string since no string found in i18n bundle that has the key: Remote branch at {0}
2026-04-25 16:55:56.989 [warning] Using default string since no string found in i18n bundle that has the key: remote branches
2026-04-25 16:55:56.989 [warning] Using default string since no string found in i18n bundle that has the key: Remote branch at {0}
2026-04-25 16:55:56.989 [warning] Using default string since no string found in i18n bundle that has the key: remote branches
2026-04-25 16:55:56.989 [warning] Using default string since no string found in i18n bundle that has the key: Tag at {0}
2026-04-25 16:55:56.989 [warning] Using default string since no string found in i18n bundle that has the key: tags
2026-04-25 16:55:56.989 [warning] Using default string since no string found in i18n bundle that has the key: Tag at {0}
2026-04-25 16:55:56.989 [warning] Using default string since no string found in i18n bundle that has the key: tags
2026-04-25 16:55:56.989 [warning] Using default string since no string found in i18n bundle that has the key: Tag at {0}
2026-04-25 16:55:56.989 [warning] Using default string since no string found in i18n bundle that has the key: tags
2026-04-25 16:55:56.989 [warning] Using default string since no string found in i18n bundle that has the key: Remote branch at {0}
2026-04-25 16:55:56.989 [warning] Using default string since no string found in i18n bundle that has the key: remote branches
2026-04-25 16:55:56.989 [warning] Using default string since no string found in i18n bundle that has the key: Tag at {0}
2026-04-25 16:55:56.989 [warning] Using default string since no string found in i18n bundle that has the key: tags
2026-04-25 16:55:56.989 [warning] Using default string since no string found in i18n bundle that has the key: Tag at {0}
2026-04-25 16:55:56.989 [warning] Using default string since no string found in i18n bundle that has the key: tags
2026-04-25 16:55:56.989 [warning] Using default string since no string found in i18n bundle that has the key: Remote branch at {0}
2026-04-25 16:55:56.989 [warning] Using default string since no string found in i18n bundle that has the key: remote branches
2026-04-25 16:55:56.989 [warning] Using default string since no string found in i18n bundle that has the key: Remote branch at {0}
2026-04-25 16:55:56.989 [warning] Using default string since no string found in i18n bundle that has the key: remote branches
2026-04-25 16:55:56.989 [warning] Using default string since no string found in i18n bundle that has the key: Tag at {0}
2026-04-25 16:55:56.989 [warning] Using default string since no string found in i18n bundle that has the key: tags
2026-04-25 16:55:56.989 [warning] Using default string since no string found in i18n bundle that has the key: Tag at {0}
2026-04-25 16:55:56.989 [warning] Using default string since no string found in i18n bundle that has the key: tags
2026-04-25 16:55:56.989 [warning] Using default string since no string found in i18n bundle that has the key: Tag at {0}
2026-04-25 16:55:56.989 [warning] Using default string since no string found in i18n bundle that has the key: tags
2026-04-25 16:55:56.989 [warning] Using default string since no string found in i18n bundle that has the key: Remote branch at {0}
2026-04-25 16:55:56.989 [warning] Using default string since no string found in i18n bundle that has the key: remote branches
2026-04-25 16:55:56.989 [warning] Using default string since no string found in i18n bundle that has the key: Tag at {0}
2026-04-25 16:55:56.989 [warning] Using default string since no string found in i18n bundle that has the key: tags
2026-04-25 16:55:56.989 [warning] Using default string since no string found in i18n bundle that has the key: Tag at {0}
2026-04-25 16:55:56.989 [warning] Using default string since no string found in i18n bundle that has the key: tags
2026-04-25 16:55:56.989 [warning] Using default string since no string found in i18n bundle that has the key: Tag at {0}
2026-04-25 16:55:56.989 [warning] Using default string since no string found in i18n bundle that has the key: tags
2026-04-25 16:55:56.989 [warning] Using default string since no string found in i18n bundle that has the key: Tag at {0}
2026-04-25 16:55:56.989 [warning] Using default string since no string found in i18n bundle that has the key: tags
2026-04-25 16:55:56.989 [warning] Using default string since no string found in i18n bundle that has the key: Tag at {0}
2026-04-25 16:55:56.989 [warning] Using default string since no string found in i18n bundle that has the key: tags
2026-04-25 16:55:56.989 [warning] Using default string since no string found in i18n bundle that has the key: Tag at {0}
2026-04-25 16:55:56.989 [warning] Using default string since no string found in i18n bundle that has the key: tags
2026-04-25 16:55:56.989 [warning] Using default string since no string found in i18n bundle that has the key: Tag at {0}
2026-04-25 16:55:56.989 [warning] Using default string since no string found in i18n bundle that has the key: tags
2026-04-25 16:55:56.989 [warning] Using default string since no string found in i18n bundle that has the key: Tag at {0}
2026-04-25 16:55:56.989 [warning] Using default string since no string found in i18n bundle that has the key: tags
2026-04-25 16:55:56.989 [warning] Using default string since no string found in i18n bundle that has the key: Tag at {0}
2026-04-25 16:55:56.989 [warning] Using default string since no string found in i18n bundle that has the key: tags
2026-04-25 16:55:56.989 [warning] Using default string since no string found in i18n bundle that has the key: Tag at {0}
2026-04-25 16:55:56.989 [warning] Using default string since no string found in i18n bundle that has the key: tags
2026-04-25 16:55:56.989 [warning] Using default string since no string found in i18n bundle that has the key: Tag at {0}
2026-04-25 16:55:56.989 [warning] Using default string since no string found in i18n bundle that has the key: tags
2026-04-25 16:55:56.989 [warning] Using default string since no string found in i18n bundle that has the key: Tag at {0}
2026-04-25 16:55:56.989 [warning] Using default string since no string found in i18n bundle that has the key: tags
2026-04-25 16:55:56.989 [warning] Using default string since no string found in i18n bundle that has the key: Tag at {0}
2026-04-25 16:55:56.989 [warning] Using default string since no string found in i18n bundle that has the key: tags
2026-04-25 16:55:56.989 [warning] Using default string since no string found in i18n bundle that has the key: Tag at {0}
2026-04-25 16:55:56.989 [warning] Using default string since no string found in i18n bundle that has the key: tags
2026-04-25 16:55:56.989 [warning] Using default string since no string found in i18n bundle that has the key: Tag at {0}
2026-04-25 16:55:56.989 [warning] Using default string since no string found in i18n bundle that has the key: tags
2026-04-25 16:55:56.989 [warning] Using default string since no string found in i18n bundle that has the key: Tag at {0}
2026-04-25 16:55:56.989 [warning] Using default string since no string found in i18n bundle that has the key: tags
2026-04-25 16:55:56.989 [warning] Using default string since no string found in i18n bundle that has the key: Tag at {0}
2026-04-25 16:55:56.989 [warning] Using default string since no string found in i18n bundle that has the key: tags
2026-04-25 16:55:56.989 [warning] Using default string since no string found in i18n bundle that has the key: Tag at {0}
2026-04-25 16:55:56.989 [warning] Using default string since no string found in i18n bundle that has the key: tags
2026-04-25 16:55:56.989 [warning] Using default string since no string found in i18n bundle that has the key: Tag at {0}
2026-04-25 16:55:56.989 [warning] Using default string since no string found in i18n bundle that has the key: tags
2026-04-25 16:55:56.989 [warning] Using default string since no string found in i18n bundle that has the key: Tag at {0}
2026-04-25 16:55:56.989 [warning] Using default string since no string found in i18n bundle that has the key: tags
2026-04-25 16:55:56.989 [warning] Using default string since no string found in i18n bundle that has the key: Tag at {0}
2026-04-25 16:55:56.989 [warning] Using default string since no string found in i18n bundle that has the key: tags
2026-04-25 16:55:56.989 [warning] Using default string since no string found in i18n bundle that has the key: Tag at {0}
2026-04-25 16:55:56.989 [warning] Using default string since no string found in i18n bundle that has the key: tags
2026-04-25 16:55:56.989 [warning] Using default string since no string found in i18n bundle that has the key: Tag at {0}
2026-04-25 16:55:56.989 [warning] Using default string since no string found in i18n bundle that has the key: tags
2026-04-25 16:55:56.989 [warning] Using default string since no string found in i18n bundle that has the key: Tag at {0}
2026-04-25 16:55:56.989 [warning] Using default string since no string found in i18n bundle that has the key: tags
2026-04-25 16:55:56.989 [warning] Using default string since no string found in i18n bundle that has the key: Tag at {0}
2026-04-25 16:55:56.989 [warning] Using default string since no string found in i18n bundle that has the key: tags
2026-04-25 16:55:56.989 [warning] Using default string since no string found in i18n bundle that has the key: Tag at {0}
2026-04-25 16:55:56.989 [warning] Using default string since no string found in i18n bundle that has the key: tags
2026-04-25 16:55:56.989 [warning] Using default string since no string found in i18n bundle that has the key: Tag at {0}
2026-04-25 16:55:56.989 [warning] Using default string since no string found in i18n bundle that has the key: tags
2026-04-25 16:55:56.989 [warning] Using default string since no string found in i18n bundle that has the key: Tag at {0}
2026-04-25 16:55:56.989 [warning] Using default string since no string found in i18n bundle that has the key: tags
2026-04-25 16:55:56.989 [warning] Using default string since no string found in i18n bundle that has the key: Tag at {0}
2026-04-25 16:55:56.989 [warning] Using default string since no string found in i18n bundle that has the key: tags
2026-04-25 16:55:56.989 [warning] Using default string since no string found in i18n bundle that has the key: Tag at {0}
2026-04-25 16:55:56.989 [warning] Using default string since no string found in i18n bundle that has the key: tags
2026-04-25 16:55:56.989 [warning] Using default string since no string found in i18n bundle that has the key: Tag at {0}
2026-04-25 16:55:56.989 [warning] Using default string since no string found in i18n bundle that has the key: tags
2026-04-25 16:55:56.989 [warning] Using default string since no string found in i18n bundle that has the key: Tag at {0}
2026-04-25 16:55:56.989 [warning] Using default string since no string found in i18n bundle that has the key: tags
2026-04-25 16:55:56.989 [warning] Using default string since no string found in i18n bundle that has the key: Tag at {0}
2026-04-25 16:55:56.989 [warning] Using default string since no string found in i18n bundle that has the key: tags
2026-04-25 16:55:56.989 [warning] Using default string since no string found in i18n bundle that has the key: Tag at {0}
2026-04-25 16:55:56.990 [warning] Using default string since no string found in i18n bundle that has the key: tags
2026-04-25 16:55:56.990 [warning] Using default string since no string found in i18n bundle that has the key: Tag at {0}
2026-04-25 16:55:56.990 [warning] Using default string since no string found in i18n bundle that has the key: tags
2026-04-25 16:55:56.990 [warning] Using default string since no string found in i18n bundle that has the key: Tag at {0}
2026-04-25 16:55:56.990 [warning] Using default string since no string found in i18n bundle that has the key: tags
2026-04-25 16:55:56.990 [warning] Using default string since no string found in i18n bundle that has the key: Tag at {0}
2026-04-25 16:55:56.990 [warning] Using default string since no string found in i18n bundle that has the key: tags
2026-04-25 16:55:56.990 [warning] Using default string since no string found in i18n bundle that has the key: Tag at {0}
2026-04-25 16:55:56.990 [warning] Using default string since no string found in i18n bundle that has the key: tags
2026-04-25 16:55:56.990 [warning] Using default string since no string found in i18n bundle that has the key: Tag at {0}
2026-04-25 16:55:56.990 [warning] Using default string since no string found in i18n bundle that has the key: tags
2026-04-25 16:55:56.990 [warning] Using default string since no string found in i18n bundle that has the key: Tag at {0}
2026-04-25 16:55:56.990 [warning] Using default string since no string found in i18n bundle that has the key: tags
2026-04-25 16:55:56.990 [warning] Using default string since no string found in i18n bundle that has the key: Tag at {0}
2026-04-25 16:55:56.990 [warning] Using default string since no string found in i18n bundle that has the key: tags
2026-04-25 16:55:56.990 [warning] Using default string since no string found in i18n bundle that has the key: Tag at {0}
2026-04-25 16:55:56.990 [warning] Using default string since no string found in i18n bundle that has the key: tags
2026-04-25 16:55:56.990 [warning] Using default string since no string found in i18n bundle that has the key: Tag at {0}
2026-04-25 16:55:56.990 [warning] Using default string since no string found in i18n bundle that has the key: tags
2026-04-25 16:55:56.990 [warning] Using default string since no string found in i18n bundle that has the key: Tag at {0}
2026-04-25 16:55:56.990 [warning] Using default string since no string found in i18n bundle that has the key: tags
2026-04-25 16:55:56.990 [warning] Using default string since no string found in i18n bundle that has the key: Tag at {0}
2026-04-25 16:55:56.990 [warning] Using default string since no string found in i18n bundle that has the key: tags
2026-04-25 16:55:56.990 [warning] Using default string since no string found in i18n bundle that has the key: Tag at {0}
2026-04-25 16:55:56.990 [warning] Using default string since no string found in i18n bundle that has the key: tags
2026-04-25 16:55:56.990 [warning] Using default string since no string found in i18n bundle that has the key: Tag at {0}
2026-04-25 16:55:56.990 [warning] Using default string since no string found in i18n bundle that has the key: tags
2026-04-25 16:55:56.990 [warning] Using default string since no string found in i18n bundle that has the key: Tag at {0}
2026-04-25 16:55:56.990 [warning] Using default string since no string found in i18n bundle that has the key: tags
2026-04-25 16:55:56.990 [warning] Using default string since no string found in i18n bundle that has the key: Tag at {0}
2026-04-25 16:55:56.990 [warning] Using default string since no string found in i18n bundle that has the key: tags
2026-04-25 16:55:56.990 [warning] Using default string since no string found in i18n bundle that has the key: Tag at {0}
2026-04-25 16:55:56.990 [warning] Using default string since no string found in i18n bundle that has the key: tags
2026-04-25 16:55:56.990 [warning] Using default string since no string found in i18n bundle that has the key: Tag at {0}
2026-04-25 16:55:56.990 [warning] Using default string since no string found in i18n bundle that has the key: tags
2026-04-25 16:55:56.990 [warning] Using default string since no string found in i18n bundle that has the key: Tag at {0}
2026-04-25 16:55:56.990 [warning] Using default string since no string found in i18n bundle that has the key: tags
2026-04-25 16:55:56.990 [warning] Using default string since no string found in i18n bundle that has the key: Tag at {0}
2026-04-25 16:55:56.990 [warning] Using default string since no string found in i18n bundle that has the key: tags
2026-04-25 16:55:56.990 [warning] Using default string since no string found in i18n bundle that has the key: Tag at {0}
2026-04-25 16:55:56.990 [warning] Using default string since no string found in i18n bundle that has the key: tags
2026-04-25 16:55:56.990 [warning] Using default string since no string found in i18n bundle that has the key: Tag at {0}
2026-04-25 16:55:56.990 [warning] Using default string since no string found in i18n bundle that has the key: tags
2026-04-25 16:55:56.990 [warning] Using default string since no string found in i18n bundle that has the key: Tag at {0}
2026-04-25 16:55:56.990 [warning] Using default string since no string found in i18n bundle that has the key: tags
2026-04-25 16:55:56.990 [warning] Using default string since no string found in i18n bundle that has the key: Tag at {0}
2026-04-25 16:55:56.990 [warning] Using default string since no string found in i18n bundle that has the key: tags
2026-04-25 16:55:56.990 [warning] Using default string since no string found in i18n bundle that has the key: Tag at {0}
2026-04-25 16:55:56.990 [warning] Using default string since no string found in i18n bundle that has the key: tags
2026-04-25 16:55:56.990 [warning] Using default string since no string found in i18n bundle that has the key: Tag at {0}
2026-04-25 16:55:56.990 [warning] Using default string since no string found in i18n bundle that has the key: tags
2026-04-25 16:55:56.990 [warning] Using default string since no string found in i18n bundle that has the key: Tag at {0}
2026-04-25 16:55:56.990 [warning] Using default string since no string found in i18n bundle that has the key: tags
2026-04-25 16:55:56.990 [warning] Using default string since no string found in i18n bundle that has the key: Tag at {0}
2026-04-25 16:55:56.990 [warning] Using default string since no string found in i18n bundle that has the key: tags
2026-04-25 16:55:56.990 [warning] Using default string since no string found in i18n bundle that has the key: Tag at {0}
2026-04-25 16:55:56.990 [warning] Using default string since no string found in i18n bundle that has the key: tags
2026-04-25 16:55:56.990 [warning] Using default string since no string found in i18n bundle that has the key: Tag at {0}
2026-04-25 16:55:56.990 [warning] Using default string since no string found in i18n bundle that has the key: tags
2026-04-25 16:55:56.990 [warning] Using default string since no string found in i18n bundle that has the key: Tag at {0}
2026-04-25 16:55:56.990 [warning] Using default string since no string found in i18n bundle that has the key: tags
2026-04-25 16:55:56.990 [warning] Using default string since no string found in i18n bundle that has the key: Tag at {0}
2026-04-25 16:55:56.990 [warning] Using default string since no string found in i18n bundle that has the key: tags
2026-04-25 16:55:56.990 [warning] Using default string since no string found in i18n bundle that has the key: Tag at {0}
2026-04-25 16:55:56.990 [warning] Using default string since no string found in i18n bundle that has the key: tags
2026-04-25 16:55:56.990 [warning] Using default string since no string found in i18n bundle that has the key: Tag at {0}
2026-04-25 16:55:56.990 [warning] Using default string since no string found in i18n bundle that has the key: tags
2026-04-25 16:55:56.990 [warning] Using default string since no string found in i18n bundle that has the key: Tag at {0}
2026-04-25 16:55:56.990 [warning] Using default string since no string found in i18n bundle that has the key: tags
2026-04-25 16:55:56.990 [warning] Using default string since no string found in i18n bundle that has the key: Tag at {0}
2026-04-25 16:55:56.990 [warning] Using default string since no string found in i18n bundle that has the key: tags
2026-04-25 16:55:56.990 [warning] Using default string since no string found in i18n bundle that has the key: Tag at {0}
2026-04-25 16:55:56.990 [warning] Using default string since no string found in i18n bundle that has the key: tags
2026-04-25 16:55:56.990 [warning] Using default string since no string found in i18n bundle that has the key: Tag at {0}
2026-04-25 16:55:56.990 [warning] Using default string since no string found in i18n bundle that has the key: tags
2026-04-25 16:55:56.990 [warning] Using default string since no string found in i18n bundle that has the key: Tag at {0}
2026-04-25 16:55:56.990 [warning] Using default string since no string found in i18n bundle that has the key: tags
2026-04-25 16:55:56.990 [warning] Using default string since no string found in i18n bundle that has the key: Tag at {0}
2026-04-25 16:55:56.990 [warning] Using default string since no string found in i18n bundle that has the key: tags
2026-04-25 16:55:56.990 [warning] Using default string since no string found in i18n bundle that has the key: Tag at {0}
2026-04-25 16:55:56.990 [warning] Using default string since no string found in i18n bundle that has the key: tags
2026-04-25 16:55:56.990 [warning] Using default string since no string found in i18n bundle that has the key: Tag at {0}
2026-04-25 16:55:56.990 [warning] Using default string since no string found in i18n bundle that has the key: tags
2026-04-25 16:55:56.990 [warning] Using default string since no string found in i18n bundle that has the key: Tag at {0}
2026-04-25 16:55:56.990 [warning] Using default string since no string found in i18n bundle that has the key: tags
2026-04-25 16:55:56.996 [warning] Using default string since no string found in i18n bundle that has the key: Checkout Branch/Tag...
2026-04-25 16:55:56.996 [warning] Using default string since no string found in i18n bundle that has the key: Publish Branch
2026-04-25 16:55:56.996 [warning] Using default string since no string found in i18n bundle that has the key: Checkout Branch/Tag...
2026-04-25 16:55:56.996 [warning] Using default string since no string found in i18n bundle that has the key: Publish Branch
2026-04-25 16:55:57.059 [warning] Using default string since no string found in i18n bundle that has the key: {0} (Untracked)
2026-04-25 16:55:57.059 [warning] Using default string since no string found in i18n bundle that has the key: Open
2026-04-25 16:55:57.059 [warning] Using default string since no string found in i18n bundle that has the key: {0} (Working Tree)
2026-04-25 16:55:57.059 [warning] Using default string since no string found in i18n bundle that has the key: Open
2026-04-25 16:55:57.059 [warning] Using default string since no string found in i18n bundle that has the key: Modified
2026-04-25 16:55:57.059 [warning] Using default string since no string found in i18n bundle that has the key: Modified
2026-04-25 16:55:57.059 [warning] Using default string since no string found in i18n bundle that has the key: Modified
2026-04-25 16:55:57.059 [warning] Using default string since no string found in i18n bundle that has the key: Modified
2026-04-25 16:55:57.059 [warning] Using default string since no string found in i18n bundle that has the key: {0} (Untracked)
2026-04-25 16:55:57.059 [warning] Using default string since no string found in i18n bundle that has the key: Open
2026-04-25 16:55:57.059 [warning] Using default string since no string found in i18n bundle that has the key: {0} (Deleted)
2026-04-25 16:55:57.059 [warning] Using default string since no string found in i18n bundle that has the key: Open
2026-04-25 16:55:57.060 [warning] Using default string since no string found in i18n bundle that has the key: {0} (Working Tree)
2026-04-25 16:55:57.060 [warning] Using default string since no string found in i18n bundle that has the key: Open
2026-04-25 16:55:57.060 [warning] Using default string since no string found in i18n bundle that has the key: Modified
2026-04-25 16:55:57.060 [warning] Using default string since no string found in i18n bundle that has the key: Modified
2026-04-25 16:55:57.060 [warning] Using default string since no string found in i18n bundle that has the key: Modified
2026-04-25 16:55:57.060 [warning] Using default string since no string found in i18n bundle that has the key: Modified
2026-04-25 16:55:57.060 [warning] Using default string since no string found in i18n bundle that has the key: {0} (Working Tree)
2026-04-25 16:55:57.060 [warning] Using default string since no string found in i18n bundle that has the key: Open
2026-04-25 16:55:57.060 [warning] Using default string since no string found in i18n bundle that has the key: Modified
2026-04-25 16:55:57.060 [warning] Using default string since no string found in i18n bundle that has the key: Modified
2026-04-25 16:55:57.060 [warning] Using default string since no string found in i18n bundle that has the key: Modified
2026-04-25 16:55:57.060 [warning] Using default string since no string found in i18n bundle that has the key: Modified
2026-04-25 16:55:57.060 [warning] Using default string since no string found in i18n bundle that has the key: {0} (Untracked)
2026-04-25 16:55:57.060 [warning] Using default string since no string found in i18n bundle that has the key: Open
2026-04-25 16:55:57.060 [warning] Using default string since no string found in i18n bundle that has the key: {0} (Untracked)
2026-04-25 16:55:57.060 [warning] Using default string since no string found in i18n bundle that has the key: Open
2026-04-25 16:55:57.060 [warning] Using default string since no string found in i18n bundle that has the key: {0} (Untracked)
2026-04-25 16:55:57.060 [warning] Using default string since no string found in i18n bundle that has the key: Open
2026-04-25 16:55:57.060 [warning] Using default string since no string found in i18n bundle that has the key: {0} (Untracked)
2026-04-25 16:55:57.060 [warning] Using default string since no string found in i18n bundle that has the key: Open
2026-04-25 16:55:57.060 [warning] Using default string since no string found in i18n bundle that has the key: {0} (Untracked)
2026-04-25 16:55:57.060 [warning] Using default string since no string found in i18n bundle that has the key: Open
2026-04-25 16:55:57.060 [warning] Using default string since no string found in i18n bundle that has the key: {0} (Untracked)
2026-04-25 16:55:57.060 [warning] Using default string since no string found in i18n bundle that has the key: Open
2026-04-25 16:55:57.060 [warning] Using default string since no string found in i18n bundle that has the key: {0} (Untracked)
2026-04-25 16:55:57.060 [warning] Using default string since no string found in i18n bundle that has the key: Open
2026-04-25 16:55:57.060 [warning] Using default string since no string found in i18n bundle that has the key: {0} (Untracked)
2026-04-25 16:55:57.060 [warning] Using default string since no string found in i18n bundle that has the key: Open
2026-04-25 16:55:57.061 [warning] Using default string since no string found in i18n bundle that has the key: {0} (Untracked)
2026-04-25 16:55:57.061 [warning] Using default string since no string found in i18n bundle that has the key: Open
2026-04-25 16:55:57.061 [warning] Using default string since no string found in i18n bundle that has the key: {0} (Untracked)
2026-04-25 16:55:57.061 [warning] Using default string since no string found in i18n bundle that has the key: Open
2026-04-25 16:55:57.061 [warning] Using default string since no string found in i18n bundle that has the key: {0} (Untracked)
2026-04-25 16:55:57.061 [warning] Using default string since no string found in i18n bundle that has the key: Open
2026-04-25 16:55:57.061 [warning] Using default string since no string found in i18n bundle that has the key: {0} (Untracked)
2026-04-25 16:55:57.061 [warning] Using default string since no string found in i18n bundle that has the key: Open
2026-04-25 16:55:57.061 [warning] Using default string since no string found in i18n bundle that has the key: {0} (Untracked)
2026-04-25 16:55:57.061 [warning] Using default string since no string found in i18n bundle that has the key: Open
2026-04-25 16:55:57.061 [warning] Using default string since no string found in i18n bundle that has the key: {0} (Untracked)
2026-04-25 16:55:57.061 [warning] Using default string since no string found in i18n bundle that has the key: Open
2026-04-25 16:55:57.061 [warning] Using default string since no string found in i18n bundle that has the key: {0} (Untracked)
2026-04-25 16:55:57.061 [warning] Using default string since no string found in i18n bundle that has the key: Open
2026-04-25 16:55:57.061 [warning] Using default string since no string found in i18n bundle that has the key: {0} (Working Tree)
2026-04-25 16:55:57.061 [warning] Using default string since no string found in i18n bundle that has the key: Open
2026-04-25 16:55:57.061 [warning] Using default string since no string found in i18n bundle that has the key: Modified
2026-04-25 16:55:57.061 [warning] Using default string since no string found in i18n bundle that has the key: Modified
2026-04-25 16:55:57.061 [warning] Using default string since no string found in i18n bundle that has the key: Modified
2026-04-25 16:55:57.061 [warning] Using default string since no string found in i18n bundle that has the key: Modified
2026-04-25 16:55:57.061 [warning] Using default string since no string found in i18n bundle that has the key: {0} (Untracked)
2026-04-25 16:55:57.061 [warning] Using default string since no string found in i18n bundle that has the key: Open
2026-04-25 16:55:57.062 [warning] Using default string since no string found in i18n bundle that has the key: {0} (Untracked)
2026-04-25 16:55:57.062 [warning] Using default string since no string found in i18n bundle that has the key: Open
2026-04-25 16:55:57.062 [warning] Using default string since no string found in i18n bundle that has the key: {0} (Untracked)
2026-04-25 16:55:57.062 [warning] Using default string since no string found in i18n bundle that has the key: Open
2026-04-25 16:55:57.062 [warning] Using default string since no string found in i18n bundle that has the key: {0} (Working Tree)
2026-04-25 16:55:57.062 [warning] Using default string since no string found in i18n bundle that has the key: Open
2026-04-25 16:55:57.062 [warning] Using default string since no string found in i18n bundle that has the key: Modified
2026-04-25 16:55:57.062 [warning] Using default string since no string found in i18n bundle that has the key: Modified
2026-04-25 16:55:57.062 [warning] Using default string since no string found in i18n bundle that has the key: Modified
2026-04-25 16:55:57.062 [warning] Using default string since no string found in i18n bundle that has the key: Modified
2026-04-25 16:55:57.062 [warning] Using default string since no string found in i18n bundle that has the key: {0} (Untracked)
2026-04-25 16:55:57.062 [warning] Using default string since no string found in i18n bundle that has the key: Open
2026-04-25 16:55:57.062 [warning] Using default string since no string found in i18n bundle that has the key: {0} (Untracked)
2026-04-25 16:55:57.062 [warning] Using default string since no string found in i18n bundle that has the key: Open
2026-04-25 16:55:57.062 [warning] Using default string since no string found in i18n bundle that has the key: {0} (Working Tree)
2026-04-25 16:55:57.062 [warning] Using default string since no string found in i18n bundle that has the key: Open
2026-04-25 16:55:57.062 [warning] Using default string since no string found in i18n bundle that has the key: Modified
2026-04-25 16:55:57.062 [warning] Using default string since no string found in i18n bundle that has the key: Modified
2026-04-25 16:55:57.062 [warning] Using default string since no string found in i18n bundle that has the key: Modified
2026-04-25 16:55:57.062 [warning] Using default string since no string found in i18n bundle that has the key: Modified
2026-04-25 16:55:57.062 [warning] Using default string since no string found in i18n bundle that has the key: {0} (Working Tree)
2026-04-25 16:55:57.062 [warning] Using default string since no string found in i18n bundle that has the key: Open
2026-04-25 16:55:57.062 [warning] Using default string since no string found in i18n bundle that has the key: Modified
2026-04-25 16:55:57.062 [warning] Using default string since no string found in i18n bundle that has the key: Modified
2026-04-25 16:55:57.062 [warning] Using default string since no string found in i18n bundle that has the key: Modified
2026-04-25 16:55:57.062 [warning] Using default string since no string found in i18n bundle that has the key: Modified
2026-04-25 16:55:57.062 [warning] Using default string since no string found in i18n bundle that has the key: {0} (Untracked)
2026-04-25 16:55:57.062 [warning] Using default string since no string found in i18n bundle that has the key: Open
2026-04-25 16:55:57.062 [warning] Using default string since no string found in i18n bundle that has the key: {0} (Working Tree)
2026-04-25 16:55:57.062 [warning] Using default string since no string found in i18n bundle that has the key: Open
2026-04-25 16:55:57.062 [warning] Using default string since no string found in i18n bundle that has the key: Modified
2026-04-25 16:55:57.063 [warning] Using default string since no string found in i18n bundle that has the key: Modified
2026-04-25 16:55:57.063 [warning] Using default string since no string found in i18n bundle that has the key: Modified
2026-04-25 16:55:57.063 [warning] Using default string since no string found in i18n bundle that has the key: Modified
2026-04-25 16:55:57.063 [warning] Using default string since no string found in i18n bundle that has the key: {0} (Working Tree)
2026-04-25 16:55:57.063 [warning] Using default string since no string found in i18n bundle that has the key: Open
2026-04-25 16:55:57.063 [warning] Using default string since no string found in i18n bundle that has the key: Modified
2026-04-25 16:55:57.063 [warning] Using default string since no string found in i18n bundle that has the key: Modified
2026-04-25 16:55:57.063 [warning] Using default string since no string found in i18n bundle that has the key: Modified
2026-04-25 16:55:57.063 [warning] Using default string since no string found in i18n bundle that has the key: Modified
2026-04-25 16:55:57.063 [warning] Using default string since no string found in i18n bundle that has the key: {0} (Working Tree)
2026-04-25 16:55:57.063 [warning] Using default string since no string found in i18n bundle that has the key: Open
2026-04-25 16:55:57.063 [warning] Using default string since no string found in i18n bundle that has the key: Modified
2026-04-25 16:55:57.063 [warning] Using default string since no string found in i18n bundle that has the key: Modified
2026-04-25 16:55:57.063 [warning] Using default string since no string found in i18n bundle that has the key: Modified
2026-04-25 16:55:57.063 [warning] Using default string since no string found in i18n bundle that has the key: Modified
2026-04-25 16:55:57.063 [warning] Using default string since no string found in i18n bundle that has the key: {0} (Working Tree)
2026-04-25 16:55:57.063 [warning] Using default string since no string found in i18n bundle that has the key: Open
2026-04-25 16:55:57.063 [warning] Using default string since no string found in i18n bundle that has the key: Modified
2026-04-25 16:55:57.063 [warning] Using default string since no string found in i18n bundle that has the key: Modified
2026-04-25 16:55:57.063 [warning] Using default string since no string found in i18n bundle that has the key: Modified
2026-04-25 16:55:57.063 [warning] Using default string since no string found in i18n bundle that has the key: Modified
2026-04-25 16:55:57.063 [warning] Using default string since no string found in i18n bundle that has the key: {0} (Working Tree)
2026-04-25 16:55:57.063 [warning] Using default string since no string found in i18n bundle that has the key: Open
2026-04-25 16:55:57.063 [warning] Using default string since no string found in i18n bundle that has the key: Modified
2026-04-25 16:55:57.063 [warning] Using default string since no string found in i18n bundle that has the key: Modified
2026-04-25 16:55:57.063 [warning] Using default string since no string found in i18n bundle that has the key: Modified
2026-04-25 16:55:57.063 [warning] Using default string since no string found in i18n bundle that has the key: Modified
2026-04-25 16:55:57.063 [warning] Using default string since no string found in i18n bundle that has the key: {0} (Working Tree)
2026-04-25 16:55:57.063 [warning] Using default string since no string found in i18n bundle that has the key: Open
2026-04-25 16:55:57.063 [warning] Using default string since no string found in i18n bundle that has the key: Modified
2026-04-25 16:55:57.063 [warning] Using default string since no string found in i18n bundle that has the key: Modified
2026-04-25 16:55:57.063 [warning] Using default string since no string found in i18n bundle that has the key: Modified
2026-04-25 16:55:57.063 [warning] Using default string since no string found in i18n bundle that has the key: Modified
2026-04-25 16:55:57.063 [warning] Using default string since no string found in i18n bundle that has the key: {0} (Working Tree)
2026-04-25 16:55:57.063 [warning] Using default string since no string found in i18n bundle that has the key: Open
2026-04-25 16:55:57.063 [warning] Using default string since no string found in i18n bundle that has the key: Modified
2026-04-25 16:55:57.063 [warning] Using default string since no string found in i18n bundle that has the key: Modified
2026-04-25 16:55:57.063 [warning] Using default string since no string found in i18n bundle that has the key: Modified
2026-04-25 16:55:57.063 [warning] Using default string since no string found in i18n bundle that has the key: Modified
2026-04-25 16:55:57.063 [warning] Using default string since no string found in i18n bundle that has the key: {0} (Working Tree)
2026-04-25 16:55:57.063 [warning] Using default string since no string found in i18n bundle that has the key: Open
2026-04-25 16:55:57.063 [warning] Using default string since no string found in i18n bundle that has the key: Modified
2026-04-25 16:55:57.063 [warning] Using default string since no string found in i18n bundle that has the key: Modified
2026-04-25 16:55:57.063 [warning] Using default string since no string found in i18n bundle that has the key: Modified
2026-04-25 16:55:57.063 [warning] Using default string since no string found in i18n bundle that has the key: Modified
2026-04-25 16:55:57.063 [warning] Using default string since no string found in i18n bundle that has the key: {0} (Working Tree)
2026-04-25 16:55:57.063 [warning] Using default string since no string found in i18n bundle that has the key: Open
2026-04-25 16:55:57.063 [warning] Using default string since no string found in i18n bundle that has the key: Modified
2026-04-25 16:55:57.063 [warning] Using default string since no string found in i18n bundle that has the key: Modified
2026-04-25 16:55:57.063 [warning] Using default string since no string found in i18n bundle that has the key: Modified
2026-04-25 16:55:57.063 [warning] Using default string since no string found in i18n bundle that has the key: Modified
2026-04-25 16:55:57.064 [warning] Using default string since no string found in i18n bundle that has the key: {0} (Working Tree)
2026-04-25 16:55:57.064 [warning] Using default string since no string found in i18n bundle that has the key: Open
2026-04-25 16:55:57.064 [warning] Using default string since no string found in i18n bundle that has the key: Modified
2026-04-25 16:55:57.064 [warning] Using default string since no string found in i18n bundle that has the key: Modified
2026-04-25 16:55:57.064 [warning] Using default string since no string found in i18n bundle that has the key: Modified
2026-04-25 16:55:57.064 [warning] Using default string since no string found in i18n bundle that has the key: Modified
2026-04-25 16:55:57.064 [warning] Using default string since no string found in i18n bundle that has the key: {0} (Working Tree)
2026-04-25 16:55:57.064 [warning] Using default string since no string found in i18n bundle that has the key: Open
2026-04-25 16:55:57.064 [warning] Using default string since no string found in i18n bundle that has the key: Modified
2026-04-25 16:55:57.064 [warning] Using default string since no string found in i18n bundle that has the key: Modified
2026-04-25 16:55:57.064 [warning] Using default string since no string found in i18n bundle that has the key: Modified
2026-04-25 16:55:57.064 [warning] Using default string since no string found in i18n bundle that has the key: Modified
2026-04-25 16:55:57.064 [warning] Using default string since no string found in i18n bundle that has the key: {0} (Working Tree)
2026-04-25 16:55:57.064 [warning] Using default string since no string found in i18n bundle that has the key: Open
2026-04-25 16:55:57.064 [warning] Using default string since no string found in i18n bundle that has the key: Modified
2026-04-25 16:55:57.064 [warning] Using default string since no string found in i18n bundle that has the key: Modified
2026-04-25 16:55:57.064 [warning] Using default string since no string found in i18n bundle that has the key: Modified
2026-04-25 16:55:57.064 [warning] Using default string since no string found in i18n bundle that has the key: Modified
2026-04-25 16:55:57.064 [warning] Using default string since no string found in i18n bundle that has the key: {0} (Working Tree)
2026-04-25 16:55:57.064 [warning] Using default string since no string found in i18n bundle that has the key: Open
2026-04-25 16:55:57.064 [warning] Using default string since no string found in i18n bundle that has the key: Modified
2026-04-25 16:55:57.064 [warning] Using default string since no string found in i18n bundle that has the key: Modified
2026-04-25 16:55:57.064 [warning] Using default string since no string found in i18n bundle that has the key: Modified
2026-04-25 16:55:57.064 [warning] Using default string since no string found in i18n bundle that has the key: Modified
2026-04-25 16:55:57.064 [warning] Using default string since no string found in i18n bundle that has the key: Untracked
2026-04-25 16:55:57.064 [warning] Using default string since no string found in i18n bundle that has the key: Untracked
2026-04-25 16:55:57.064 [warning] Using default string since no string found in i18n bundle that has the key: Untracked
2026-04-25 16:55:57.064 [warning] Using default string since no string found in i18n bundle that has the key: Untracked
2026-04-25 16:55:57.064 [warning] Using default string since no string found in i18n bundle that has the key: Untracked
2026-04-25 16:55:57.064 [warning] Using default string since no string found in i18n bundle that has the key: Untracked
2026-04-25 16:55:57.064 [warning] Using default string since no string found in i18n bundle that has the key: Untracked
2026-04-25 16:55:57.064 [warning] Using default string since no string found in i18n bundle that has the key: Untracked
2026-04-25 16:55:57.064 [warning] Using default string since no string found in i18n bundle that has the key: Untracked
2026-04-25 16:55:57.064 [warning] Using default string since no string found in i18n bundle that has the key: Untracked
2026-04-25 16:55:57.064 [warning] Using default string since no string found in i18n bundle that has the key: Untracked
2026-04-25 16:55:57.064 [warning] Using default string since no string found in i18n bundle that has the key: Untracked
2026-04-25 16:55:57.064 [warning] Using default string since no string found in i18n bundle that has the key: Untracked
2026-04-25 16:55:57.064 [warning] Using default string since no string found in i18n bundle that has the key: Untracked
2026-04-25 16:55:57.064 [warning] Using default string since no string found in i18n bundle that has the key: Untracked
2026-04-25 16:55:57.064 [warning] Using default string since no string found in i18n bundle that has the key: Untracked
2026-04-25 16:55:57.064 [warning] Using default string since no string found in i18n bundle that has the key: Untracked
2026-04-25 16:55:57.064 [warning] Using default string since no string found in i18n bundle that has the key: Untracked
2026-04-25 16:55:57.064 [warning] Using default string since no string found in i18n bundle that has the key: Untracked
2026-04-25 16:55:57.064 [warning] Using default string since no string found in i18n bundle that has the key: Untracked
2026-04-25 16:55:57.064 [warning] Using default string since no string found in i18n bundle that has the key: Untracked
2026-04-25 16:55:57.064 [warning] Using default string since no string found in i18n bundle that has the key: Untracked
2026-04-25 16:55:57.064 [warning] Using default string since no string found in i18n bundle that has the key: Deleted
2026-04-25 16:55:57.064 [warning] Using default string since no string found in i18n bundle that has the key: Deleted
2026-04-25 16:55:57.064 [warning] Using default string since no string found in i18n bundle that has the key: Deleted
2026-04-25 16:55:57.064 [warning] Using default string since no string found in i18n bundle that has the key: Deleted
2026-04-25 16:55:57.064 [warning] Using default string since no string found in i18n bundle that has the key: Deleted
2026-04-25 16:55:57.064 [warning] Using default string since no string found in i18n bundle that has the key: Deleted
2026-04-25 16:55:57.064 [warning] Using default string since no string found in i18n bundle that has the key: Deleted
2026-04-25 16:55:57.064 [warning] Using default string since no string found in i18n bundle that has the key: Deleted
2026-04-25 16:55:57.064 [warning] Using default string since no string found in i18n bundle that has the key: Deleted
2026-04-25 16:55:57.064 [warning] Using default string since no string found in i18n bundle that has the key: Deleted
2026-04-25 16:55:57.064 [warning] Using default string since no string found in i18n bundle that has the key: Deleted
2026-04-25 16:55:57.064 [warning] Using default string since no string found in i18n bundle that has the key: Untracked
2026-04-25 16:55:57.064 [warning] Using default string since no string found in i18n bundle that has the key: Untracked
2026-04-25 16:55:57.064 [warning] Using default string since no string found in i18n bundle that has the key: Untracked
2026-04-25 16:55:57.064 [warning] Using default string since no string found in i18n bundle that has the key: Untracked
2026-04-25 16:55:57.064 [warning] Using default string since no string found in i18n bundle that has the key: Untracked
2026-04-25 16:55:57.064 [warning] Using default string since no string found in i18n bundle that has the key: Untracked
2026-04-25 16:55:57.064 [warning] Using default string since no string found in i18n bundle that has the key: Untracked
2026-04-25 16:55:57.064 [warning] Using default string since no string found in i18n bundle that has the key: Untracked
2026-04-25 16:55:57.064 [warning] Using default string since no string found in i18n bundle that has the key: Untracked
2026-04-25 16:55:57.064 [warning] Using default string since no string found in i18n bundle that has the key: Untracked
2026-04-25 16:55:57.064 [warning] Using default string since no string found in i18n bundle that has the key: Untracked
2026-04-25 16:55:57.064 [warning] Using default string since no string found in i18n bundle that has the key: Untracked
2026-04-25 16:55:57.064 [warning] Using default string since no string found in i18n bundle that has the key: Untracked
2026-04-25 16:55:57.064 [warning] Using default string since no string found in i18n bundle that has the key: Untracked
2026-04-25 16:55:57.064 [warning] Using default string since no string found in i18n bundle that has the key: Untracked
2026-04-25 16:55:57.064 [warning] Using default string since no string found in i18n bundle that has the key: Untracked
2026-04-25 16:55:57.064 [warning] Using default string since no string found in i18n bundle that has the key: Untracked
2026-04-25 16:55:57.064 [warning] Using default string since no string found in i18n bundle that has the key: Untracked
2026-04-25 16:55:57.064 [warning] Using default string since no string found in i18n bundle that has the key: Untracked
2026-04-25 16:55:57.064 [warning] Using default string since no string found in i18n bundle that has the key: Untracked
2026-04-25 16:55:57.064 [warning] Using default string since no string found in i18n bundle that has the key: Untracked
2026-04-25 16:55:57.064 [warning] Using default string since no string found in i18n bundle that has the key: Untracked
2026-04-25 16:55:57.064 [warning] Using default string since no string found in i18n bundle that has the key: Untracked
2026-04-25 16:55:57.064 [warning] Using default string since no string found in i18n bundle that has the key: Untracked
2026-04-25 16:55:57.064 [warning] Using default string since no string found in i18n bundle that has the key: Untracked
2026-04-25 16:55:57.064 [warning] Using default string since no string found in i18n bundle that has the key: Untracked
2026-04-25 16:55:57.064 [warning] Using default string since no string found in i18n bundle that has the key: Untracked
2026-04-25 16:55:57.064 [warning] Using default string since no string found in i18n bundle that has the key: Untracked
2026-04-25 16:55:57.064 [warning] Using default string since no string found in i18n bundle that has the key: Untracked
2026-04-25 16:55:57.064 [warning] Using default string since no string found in i18n bundle that has the key: Untracked
2026-04-25 16:55:57.064 [warning] Using default string since no string found in i18n bundle that has the key: Untracked
2026-04-25 16:55:57.064 [warning] Using default string since no string found in i18n bundle that has the key: Untracked
2026-04-25 16:55:57.064 [warning] Using default string since no string found in i18n bundle that has the key: Untracked
2026-04-25 16:55:57.064 [warning] Using default string since no string found in i18n bundle that has the key: Untracked
2026-04-25 16:55:57.064 [warning] Using default string since no string found in i18n bundle that has the key: Untracked
2026-04-25 16:55:57.064 [warning] Using default string since no string found in i18n bundle that has the key: Untracked
2026-04-25 16:55:57.064 [warning] Using default string since no string found in i18n bundle that has the key: Untracked
2026-04-25 16:55:57.064 [warning] Using default string since no string found in i18n bundle that has the key: Untracked
2026-04-25 16:55:57.064 [warning] Using default string since no string found in i18n bundle that has the key: Untracked
2026-04-25 16:55:57.064 [warning] Using default string since no string found in i18n bundle that has the key: Untracked
2026-04-25 16:55:57.064 [warning] Using default string since no string found in i18n bundle that has the key: Untracked
2026-04-25 16:55:57.064 [warning] Using default string since no string found in i18n bundle that has the key: Untracked
2026-04-25 16:55:57.064 [warning] Using default string since no string found in i18n bundle that has the key: Untracked
2026-04-25 16:55:57.064 [warning] Using default string since no string found in i18n bundle that has the key: Untracked
2026-04-25 16:55:57.064 [warning] Using default string since no string found in i18n bundle that has the key: Untracked
2026-04-25 16:55:57.064 [warning] Using default string since no string found in i18n bundle that has the key: Untracked
2026-04-25 16:55:57.064 [warning] Using default string since no string found in i18n bundle that has the key: Untracked
2026-04-25 16:55:57.064 [warning] Using default string since no string found in i18n bundle that has the key: Untracked
2026-04-25 16:55:57.064 [warning] Using default string since no string found in i18n bundle that has the key: Untracked
2026-04-25 16:55:57.064 [warning] Using default string since no string found in i18n bundle that has the key: Untracked
2026-04-25 16:55:57.064 [warning] Using default string since no string found in i18n bundle that has the key: Untracked
2026-04-25 16:55:57.064 [warning] Using default string since no string found in i18n bundle that has the key: Untracked
2026-04-25 16:55:57.064 [warning] Using default string since no string found in i18n bundle that has the key: Untracked
2026-04-25 16:55:57.064 [warning] Using default string since no string found in i18n bundle that has the key: Untracked
2026-04-25 16:55:57.064 [warning] Using default string since no string found in i18n bundle that has the key: Untracked
2026-04-25 16:55:57.064 [warning] Using default string since no string found in i18n bundle that has the key: Untracked
2026-04-25 16:55:57.064 [warning] Using default string since no string found in i18n bundle that has the key: Untracked
2026-04-25 16:55:57.064 [warning] Using default string since no string found in i18n bundle that has the key: Untracked
2026-04-25 16:55:57.064 [warning] Using default string since no string found in i18n bundle that has the key: Untracked
2026-04-25 16:55:57.064 [warning] Using default string since no string found in i18n bundle that has the key: Untracked
2026-04-25 16:55:57.064 [warning] Using default string since no string found in i18n bundle that has the key: Untracked
2026-04-25 16:55:57.064 [warning] Using default string since no string found in i18n bundle that has the key: Untracked
2026-04-25 16:55:57.064 [warning] Using default string since no string found in i18n bundle that has the key: Untracked
2026-04-25 16:55:57.064 [warning] Using default string since no string found in i18n bundle that has the key: Untracked
2026-04-25 16:55:57.064 [warning] Using default string since no string found in i18n bundle that has the key: Untracked
2026-04-25 16:55:57.064 [warning] Using default string since no string found in i18n bundle that has the key: Untracked
2026-04-25 16:55:57.064 [warning] Using default string since no string found in i18n bundle that has the key: Untracked
2026-04-25 16:55:57.064 [warning] Using default string since no string found in i18n bundle that has the key: Untracked
2026-04-25 16:55:57.064 [warning] Using default string since no string found in i18n bundle that has the key: Untracked
2026-04-25 16:55:57.064 [warning] Using default string since no string found in i18n bundle that has the key: Untracked
2026-04-25 16:55:57.064 [warning] Using default string since no string found in i18n bundle that has the key: Untracked
2026-04-25 16:55:57.064 [warning] Using default string since no string found in i18n bundle that has the key: Untracked
2026-04-25 16:55:57.064 [warning] Using default string since no string found in i18n bundle that has the key: Untracked
2026-04-25 16:55:57.064 [warning] Using default string since no string found in i18n bundle that has the key: Untracked
2026-04-25 16:55:57.064 [warning] Using default string since no string found in i18n bundle that has the key: Untracked
2026-04-25 16:55:57.064 [warning] Using default string since no string found in i18n bundle that has the key: Untracked
2026-04-25 16:55:57.064 [warning] Using default string since no string found in i18n bundle that has the key: Untracked
2026-04-25 16:55:57.064 [warning] Using default string since no string found in i18n bundle that has the key: Untracked
2026-04-25 16:55:57.064 [warning] Using default string since no string found in i18n bundle that has the key: Untracked
2026-04-25 16:55:57.064 [warning] Using default string since no string found in i18n bundle that has the key: Untracked
2026-04-25 16:55:57.064 [warning] Using default string since no string found in i18n bundle that has the key: Untracked
2026-04-25 16:55:57.064 [warning] Using default string since no string found in i18n bundle that has the key: Untracked
2026-04-25 16:55:57.064 [warning] Using default string since no string found in i18n bundle that has the key: Untracked
2026-04-25 16:55:57.064 [warning] Using default string since no string found in i18n bundle that has the key: Untracked
2026-04-25 16:55:57.064 [warning] Using default string since no string found in i18n bundle that has the key: Untracked
2026-04-25 16:55:57.064 [warning] Using default string since no string found in i18n bundle that has the key: Untracked
2026-04-25 16:55:57.064 [warning] Using default string since no string found in i18n bundle that has the key: Untracked
2026-04-25 16:55:57.064 [warning] Using default string since no string found in i18n bundle that has the key: Untracked
2026-04-25 16:55:57.064 [warning] Using default string since no string found in i18n bundle that has the key: Untracked
2026-04-25 16:55:57.064 [warning] Using default string since no string found in i18n bundle that has the key: Untracked
2026-04-25 16:55:57.064 [warning] Using default string since no string found in i18n bundle that has the key: Untracked
2026-04-25 16:55:57.064 [warning] Using default string since no string found in i18n bundle that has the key: Untracked
2026-04-25 16:55:57.064 [warning] Using default string since no string found in i18n bundle that has the key: Untracked
2026-04-25 16:55:57.064 [warning] Using default string since no string found in i18n bundle that has the key: Untracked
2026-04-25 16:55:57.064 [warning] Using default string since no string found in i18n bundle that has the key: Untracked
2026-04-25 16:55:57.064 [warning] Using default string since no string found in i18n bundle that has the key: Untracked
2026-04-25 16:55:57.064 [warning] Using default string since no string found in i18n bundle that has the key: Untracked
2026-04-25 16:55:57.064 [warning] Using default string since no string found in i18n bundle that has the key: Untracked
2026-04-25 16:55:57.064 [warning] Using default string since no string found in i18n bundle that has the key: Untracked
2026-04-25 16:55:57.064 [warning] Using default string since no string found in i18n bundle that has the key: Untracked
2026-04-25 16:55:57.064 [warning] Using default string since no string found in i18n bundle that has the key: Untracked
2026-04-25 16:55:57.064 [warning] Using default string since no string found in i18n bundle that has the key: Untracked
2026-04-25 16:55:57.064 [warning] Using default string since no string found in i18n bundle that has the key: Untracked
2026-04-25 16:55:57.064 [warning] Using default string since no string found in i18n bundle that has the key: Untracked
2026-04-25 16:55:57.064 [warning] Using default string since no string found in i18n bundle that has the key: Untracked
2026-04-25 16:55:57.064 [warning] Using default string since no string found in i18n bundle that has the key: Untracked
2026-04-25 16:55:57.064 [warning] Using default string since no string found in i18n bundle that has the key: Untracked
2026-04-25 16:55:57.064 [warning] Using default string since no string found in i18n bundle that has the key: Untracked
2026-04-25 16:55:57.064 [warning] Using default string since no string found in i18n bundle that has the key: Untracked
2026-04-25 16:55:57.064 [warning] Using default string since no string found in i18n bundle that has the key: Untracked
2026-04-25 16:55:57.065 [warning] Using default string since no string found in i18n bundle that has the key: Untracked
2026-04-25 16:55:57.065 [warning] Using default string since no string found in i18n bundle that has the key: Untracked
2026-04-25 16:55:57.065 [warning] Using default string since no string found in i18n bundle that has the key: Untracked
2026-04-25 16:55:57.065 [warning] Using default string since no string found in i18n bundle that has the key: Untracked
2026-04-25 16:55:57.065 [warning] Using default string since no string found in i18n bundle that has the key: Untracked
2026-04-25 16:55:57.065 [warning] Using default string since no string found in i18n bundle that has the key: Untracked
2026-04-25 16:55:57.065 [warning] Using default string since no string found in i18n bundle that has the key: Untracked
2026-04-25 16:55:57.065 [warning] Using default string since no string found in i18n bundle that has the key: Untracked
2026-04-25 16:55:57.065 [warning] Using default string since no string found in i18n bundle that has the key: Untracked
2026-04-25 16:55:57.065 [warning] Using default string since no string found in i18n bundle that has the key: Untracked
2026-04-25 16:55:57.065 [warning] Using default string since no string found in i18n bundle that has the key: Untracked
2026-04-25 16:55:57.065 [warning] Using default string since no string found in i18n bundle that has the key: Untracked
2026-04-25 16:55:57.065 [warning] Using default string since no string found in i18n bundle that has the key: Untracked
2026-04-25 16:55:57.065 [warning] Using default string since no string found in i18n bundle that has the key: Untracked
2026-04-25 16:55:57.065 [warning] Using default string since no string found in i18n bundle that has the key: Untracked
2026-04-25 16:55:57.065 [warning] Using default string since no string found in i18n bundle that has the key: Untracked
2026-04-25 16:55:57.065 [warning] Using default string since no string found in i18n bundle that has the key: Untracked
2026-04-25 16:55:57.065 [warning] Using default string since no string found in i18n bundle that has the key: Untracked
2026-04-25 16:55:57.065 [warning] Using default string since no string found in i18n bundle that has the key: Untracked
2026-04-25 16:55:57.065 [warning] Using default string since no string found in i18n bundle that has the key: Untracked
2026-04-25 16:55:57.065 [warning] Using default string since no string found in i18n bundle that has the key: Untracked
2026-04-25 16:55:57.065 [warning] Using default string since no string found in i18n bundle that has the key: Untracked
2026-04-25 16:55:57.065 [warning] Using default string since no string found in i18n bundle that has the key: Untracked
2026-04-25 16:55:57.065 [warning] Using default string since no string found in i18n bundle that has the key: Untracked
2026-04-25 16:55:57.065 [warning] Using default string since no string found in i18n bundle that has the key: Untracked
2026-04-25 16:55:57.065 [warning] Using default string since no string found in i18n bundle that has the key: Untracked
2026-04-25 16:55:57.065 [warning] Using default string since no string found in i18n bundle that has the key: Untracked
2026-04-25 16:55:57.065 [warning] Using default string since no string found in i18n bundle that has the key: Untracked
2026-04-25 16:55:57.065 [warning] Using default string since no string found in i18n bundle that has the key: Untracked
2026-04-25 16:55:57.065 [warning] Using default string since no string found in i18n bundle that has the key: Untracked
2026-04-25 16:55:57.065 [warning] Using default string since no string found in i18n bundle that has the key: Untracked
2026-04-25 16:55:57.065 [warning] Using default string since no string found in i18n bundle that has the key: Untracked
2026-04-25 16:55:57.065 [warning] Using default string since no string found in i18n bundle that has the key: Untracked
2026-04-25 16:55:57.065 [warning] Using default string since no string found in i18n bundle that has the key: Untracked
2026-04-25 16:55:57.065 [warning] Using default string since no string found in i18n bundle that has the key: Untracked
2026-04-25 16:55:57.065 [warning] Using default string since no string found in i18n bundle that has the key: Untracked
2026-04-25 16:55:57.065 [warning] Using default string since no string found in i18n bundle that has the key: Untracked
2026-04-25 16:55:57.065 [warning] Using default string since no string found in i18n bundle that has the key: Untracked
2026-04-25 16:55:57.065 [warning] Using default string since no string found in i18n bundle that has the key: Untracked
2026-04-25 16:55:57.065 [warning] Using default string since no string found in i18n bundle that has the key: Untracked
2026-04-25 16:55:57.065 [warning] Using default string since no string found in i18n bundle that has the key: Untracked
2026-04-25 16:55:57.065 [warning] Using default string since no string found in i18n bundle that has the key: Untracked
2026-04-25 16:55:57.065 [warning] Using default string since no string found in i18n bundle that has the key: Untracked
2026-04-25 16:55:57.065 [warning] Using default string since no string found in i18n bundle that has the key: Untracked
2026-04-25 16:55:57.065 [warning] Using default string since no string found in i18n bundle that has the key: Untracked
2026-04-25 16:55:57.065 [warning] Using default string since no string found in i18n bundle that has the key: Untracked
2026-04-25 16:55:57.065 [warning] Using default string since no string found in i18n bundle that has the key: Untracked
2026-04-25 16:55:57.065 [warning] Using default string since no string found in i18n bundle that has the key: Untracked
2026-04-25 16:55:57.065 [warning] Using default string since no string found in i18n bundle that has the key: Untracked
2026-04-25 16:55:57.065 [warning] Using default string since no string found in i18n bundle that has the key: Untracked
2026-04-25 16:55:57.065 [warning] Using default string since no string found in i18n bundle that has the key: Untracked
2026-04-25 16:55:57.065 [warning] Using default string since no string found in i18n bundle that has the key: Untracked
2026-04-25 16:55:57.065 [warning] Using default string since no string found in i18n bundle that has the key: Untracked
2026-04-25 16:55:57.065 [warning] Using default string since no string found in i18n bundle that has the key: Untracked
2026-04-25 16:55:57.065 [warning] Using default string since no string found in i18n bundle that has the key: Untracked
2026-04-25 16:55:57.065 [warning] Using default string since no string found in i18n bundle that has the key: Untracked
2026-04-25 16:55:57.065 [warning] Using default string since no string found in i18n bundle that has the key: Untracked
2026-04-25 16:55:57.065 [warning] Using default string since no string found in i18n bundle that has the key: Untracked
2026-04-25 16:55:57.065 [warning] Using default string since no string found in i18n bundle that has the key: Untracked
2026-04-25 16:55:57.065 [warning] Using default string since no string found in i18n bundle that has the key: Untracked
2026-04-25 16:55:57.065 [warning] Using default string since no string found in i18n bundle that has the key: Untracked
2026-04-25 16:55:57.065 [warning] Using default string since no string found in i18n bundle that has the key: Untracked
2026-04-25 16:55:57.065 [warning] Using default string since no string found in i18n bundle that has the key: Untracked
2026-04-25 16:55:57.065 [warning] Using default string since no string found in i18n bundle that has the key: Untracked
2026-04-25 16:55:57.065 [warning] Using default string since no string found in i18n bundle that has the key: Untracked
2026-04-25 16:55:57.065 [warning] Using default string since no string found in i18n bundle that has the key: Untracked
2026-04-25 16:55:57.065 [warning] Using default string since no string found in i18n bundle that has the key: Untracked
2026-04-25 16:55:57.065 [warning] Using default string since no string found in i18n bundle that has the key: Untracked
2026-04-25 16:55:57.065 [warning] Using default string since no string found in i18n bundle that has the key: Untracked
2026-04-25 16:55:57.065 [warning] Using default string since no string found in i18n bundle that has the key: Untracked
2026-04-25 16:55:57.065 [warning] Using default string since no string found in i18n bundle that has the key: Untracked
2026-04-25 16:55:57.065 [warning] Using default string since no string found in i18n bundle that has the key: Untracked
2026-04-25 16:55:57.065 [warning] Using default string since no string found in i18n bundle that has the key: Untracked
2026-04-25 16:55:57.065 [warning] Using default string since no string found in i18n bundle that has the key: Untracked
2026-04-25 16:55:57.065 [warning] Using default string since no string found in i18n bundle that has the key: Untracked
2026-04-25 16:55:57.065 [warning] Using default string since no string found in i18n bundle that has the key: Untracked
2026-04-25 16:55:57.065 [warning] Using default string since no string found in i18n bundle that has the key: Untracked
2026-04-25 16:55:57.065 [warning] Using default string since no string found in i18n bundle that has the key: Untracked
2026-04-25 16:55:57.065 [warning] Using default string since no string found in i18n bundle that has the key: Untracked
2026-04-25 16:55:57.065 [warning] Using default string since no string found in i18n bundle that has the key: Untracked
2026-04-25 16:55:57.065 [warning] Using default string since no string found in i18n bundle that has the key: Untracked
2026-04-25 16:55:57.065 [warning] Using default string since no string found in i18n bundle that has the key: Untracked
2026-04-25 16:55:57.065 [warning] Using default string since no string found in i18n bundle that has the key: Untracked
2026-04-25 16:55:57.065 [warning] Using default string since no string found in i18n bundle that has the key: Untracked
2026-04-25 16:55:57.065 [warning] Using default string since no string found in i18n bundle that has the key: Untracked
2026-04-25 16:55:57.065 [warning] Using default string since no string found in i18n bundle that has the key: Untracked
2026-04-25 16:55:57.065 [warning] Using default string since no string found in i18n bundle that has the key: Untracked
2026-04-25 16:55:57.065 [warning] Using default string since no string found in i18n bundle that has the key: Untracked
2026-04-25 16:55:57.065 [warning] Using default string since no string found in i18n bundle that has the key: Untracked
2026-04-25 16:55:57.065 [warning] Using default string since no string found in i18n bundle that has the key: Untracked
2026-04-25 16:55:57.065 [warning] Using default string since no string found in i18n bundle that has the key: Untracked
2026-04-25 16:55:57.065 [warning] Using default string since no string found in i18n bundle that has the key: Untracked
2026-04-25 16:55:57.065 [warning] Using default string since no string found in i18n bundle that has the key: Untracked
2026-04-25 16:55:57.065 [warning] Using default string since no string found in i18n bundle that has the key: Untracked
2026-04-25 16:55:57.065 [warning] Using default string since no string found in i18n bundle that has the key: Untracked
2026-04-25 16:55:57.065 [warning] Using default string since no string found in i18n bundle that has the key: Untracked
2026-04-25 16:55:57.065 [warning] Using default string since no string found in i18n bundle that has the key: Untracked
2026-04-25 16:55:57.065 [warning] Using default string since no string found in i18n bundle that has the key: Untracked
2026-04-25 16:55:57.065 [warning] Using default string since no string found in i18n bundle that has the key: Untracked
2026-04-25 16:55:57.065 [warning] Using default string since no string found in i18n bundle that has the key: Untracked
2026-04-25 16:55:57.065 [warning] Using default string since no string found in i18n bundle that has the key: Untracked
2026-04-25 16:55:57.065 [warning] Using default string since no string found in i18n bundle that has the key: Untracked
2026-04-25 16:55:57.065 [warning] Using default string since no string found in i18n bundle that has the key: Untracked
2026-04-25 16:55:57.065 [warning] Using default string since no string found in i18n bundle that has the key: Untracked
2026-04-25 16:55:57.065 [warning] Using default string since no string found in i18n bundle that has the key: Untracked
2026-04-25 16:55:57.065 [warning] Using default string since no string found in i18n bundle that has the key: Untracked
2026-04-25 16:55:57.065 [warning] Using default string since no string found in i18n bundle that has the key: Untracked
2026-04-25 16:55:57.065 [warning] Using default string since no string found in i18n bundle that has the key: Untracked
2026-04-25 16:55:57.065 [warning] Using default string since no string found in i18n bundle that has the key: Untracked
2026-04-25 16:55:57.065 [warning] Using default string since no string found in i18n bundle that has the key: Untracked
2026-04-25 16:55:57.065 [warning] Using default string since no string found in i18n bundle that has the key: Untracked
2026-04-25 16:55:57.065 [warning] Using default string since no string found in i18n bundle that has the key: Untracked
2026-04-25 16:55:57.065 [warning] Using default string since no string found in i18n bundle that has the key: Untracked
2026-04-25 16:55:57.065 [warning] Using default string since no string found in i18n bundle that has the key: Untracked
2026-04-25 16:55:57.065 [warning] Using default string since no string found in i18n bundle that has the key: Untracked
2026-04-25 16:55:57.065 [warning] Using default string since no string found in i18n bundle that has the key: Untracked
2026-04-25 16:55:57.065 [warning] Using default string since no string found in i18n bundle that has the key: Untracked
2026-04-25 16:55:57.065 [warning] Using default string since no string found in i18n bundle that has the key: Untracked
2026-04-25 16:55:57.065 [warning] Using default string since no string found in i18n bundle that has the key: Untracked
2026-04-25 16:55:57.065 [warning] Using default string since no string found in i18n bundle that has the key: Untracked
2026-04-25 16:55:57.065 [warning] Using default string since no string found in i18n bundle that has the key: Untracked
